// Automatisch erzeugt von convert_logo.py
// Quelle: tomedo_logo.png
#pragma once
#include <stdint.h>

#define LOGO_WIDTH  240
#define LOGO_HEIGHT 240

const uint16_t logo_data[57600] __attribute__((aligned(4))) PROGMEM = {
    0x0000, 0x0000, 0x0000, 0x0000, 0x0000, 0x0000, 0x0000, 0x0000, 0x0000, 0x0000, 0x0000, 0x0000,
    0x0000, 0x0000, 0x0000, 0x0000, 0x0000, 0x0000, 0x0000, 0x0000, 0x0000, 0x0000, 0x0000, 0x0000,
    0x0000, 0x0000, 0x0000, 0x0000, 0x0000, 0x0000, 0x0000, 0x0000, 0x0000, 0x0000, 0x0000, 0x0000,
    0x0000, 0x0000, 0x0000, 0x0000, 0x0000, 0x0000, 0x0000, 0x0000, 0x0000, 0x0000, 0x0000, 0x0000,
    0x0000, 0x0000, 0x0000, 0x0000, 0x0000, 0x0000, 0x0000, 0x0000, 0x0000, 0x0000, 0x0000, 0x0000,
    0x0000, 0x0000, 0x0000, 0x0000, 0x0000, 0x0000, 0x0000, 0x0000, 0x0000, 0x0000, 0x0000, 0x0000,
    0x0000, 0x0000, 0x0000, 0x0000, 0x0000, 0x0000, 0x0000, 0x0000, 0x0000, 0x0000, 0x0000, 0x0000,
    0x0000, 0x0000, 0x0000, 0x0000, 0x0000, 0x0000, 0x0000, 0x0000, 0x0000, 0x0000, 0x0000, 0x0000,
    0x0000, 0x0000, 0x0000, 0x0000, 0x0000, 0x0000, 0x0000, 0x0000, 0x0000, 0x0000, 0x0000, 0x0000,
    0x0000, 0x0000, 0x0000, 0x0000, 0x0000, 0x0000, 0x0000, 0x0000, 0x0000, 0x0000, 0x0000, 0x0000,
    0x0000, 0x0000, 0x0000, 0x0000, 0x0000, 0x0000, 0x0000, 0x0000, 0x0000, 0x0000, 0x0000, 0x0000,
    0x0000, 0x0000, 0x0000, 0x0000, 0x0000, 0x0000, 0x0000, 0x0000, 0x0000, 0x0000, 0x0000, 0x0000,
    0x0000, 0x0000, 0x0000, 0x0000, 0x0000, 0x0000, 0x0000, 0x0000, 0x0000, 0x0000, 0x0000, 0x0000,
    0x0000, 0x0000, 0x0000, 0x0000, 0x0000, 0x0000, 0x0000, 0x0000, 0x0000, 0x0000, 0x0000, 0x0000,
    0x0000, 0x0000, 0x0000, 0x0000, 0x0000, 0x0000, 0x0000, 0x0000, 0x0000, 0x0000, 0x0000, 0x0000,
    0x0000, 0x0000, 0x0000, 0x0000, 0x0000, 0x0000, 0x0000, 0x0000, 0x0000, 0x0000, 0x0000, 0x0000,
    0x0000, 0x0000, 0x0000, 0x0000, 0x0000, 0x0000, 0x0000, 0x0000, 0x0000, 0x0000, 0x0000, 0x0000,
    0x0000, 0x0000, 0x0000, 0x0000, 0x0000, 0x0000, 0x0000, 0x0000, 0x0000, 0x0000, 0x0000, 0x0000,
    0x0000, 0x0000, 0x0000, 0x0000, 0x0000, 0x0000, 0x0000, 0x0000, 0x0000, 0x0000, 0x0000, 0x0000,
    0x0000, 0x0000, 0x0000, 0x0000, 0x0000, 0x0000, 0x0000, 0x0000, 0x0000, 0x0000, 0x0000, 0x0000,
    0x0000, 0x0000, 0x0000, 0x0000, 0x0000, 0x0000, 0x0000, 0x0000, 0x0000, 0x0000, 0x0000, 0x0000,
    0x0000, 0x0000, 0x0000, 0x0000, 0x0000, 0x0000, 0x0000, 0x0000, 0x0000, 0x0000, 0x0000, 0x0000,
    0x0000, 0x0000, 0x0000, 0x0000, 0x0000, 0x0000, 0x0000, 0x0000, 0x0000, 0x0000, 0x0000, 0x0000,
    0x0000, 0x0000, 0x0000, 0x0000, 0x0000, 0x0000, 0x0000, 0x0000, 0x0000, 0x0000, 0x0000, 0x0000,
    0x0000, 0x0000, 0x0000, 0x0000, 0x0000, 0x0000, 0x0000, 0x0000, 0x0000, 0x0000, 0x0000, 0x0000,
    0x0000, 0x0000, 0x0000, 0x0000, 0x0000, 0x0000, 0x0000, 0x0000, 0x0000, 0x0000, 0x0000, 0x0000,
    0x0000, 0x0000, 0x0000, 0x0000, 0x0000, 0x0000, 0x0000, 0x0000, 0x0000, 0x0000, 0x0000, 0x0000,
    0x0000, 0x0000, 0x0000, 0x0000, 0x0000, 0x0020, 0x0000, 0x0000, 0x0000, 0x0000, 0x0000, 0x0000,
    0x0000, 0x0000, 0x0000, 0x0000, 0x0000, 0x0000, 0x0000, 0x0000, 0x0000, 0x0000, 0x0000, 0x0000,
    0x0000, 0x0000, 0x0000, 0x0000, 0x0000, 0x0000, 0x0000, 0x0000, 0x0000, 0x0000, 0x0000, 0x0000,
    0x0000, 0x0000, 0x0000, 0x0000, 0x0000, 0x0000, 0x0000, 0x0000, 0x0000, 0x0000, 0x0000, 0x0000,
    0x0000, 0x0000, 0x0000, 0x0000, 0x0000, 0x0000, 0x0000, 0x0000, 0x0000, 0x0000, 0x0000, 0x0000,
    0x0000, 0x0000, 0x0000, 0x0000, 0x0000, 0x0000, 0x0000, 0x0000, 0x0000, 0x0000, 0x0000, 0x0000,
    0x0000, 0x0000, 0x0000, 0x0000, 0x0000, 0x0000, 0x0000, 0x0000, 0x0000, 0x0000, 0x0000, 0x0000,
    0x0000, 0x0000, 0x0000, 0x0000, 0x0000, 0x0000, 0x0000, 0x0000, 0x0000, 0x0000, 0x0000, 0x0000,
    0x0000, 0x0000, 0x0000, 0x0000, 0x0000, 0x0000, 0x0000, 0x0000, 0x0000, 0x0000, 0x0000, 0x0000,
    0x0000, 0x0000, 0x0000, 0x0000, 0x0000, 0x0000, 0x0000, 0x0000, 0x0000, 0x0000, 0x0000, 0x0000,
    0x0000, 0x0000, 0x0000, 0x0000, 0x0000, 0x0000, 0x0000, 0x0000, 0x0000, 0x0000, 0x0000, 0x0000,
    0x0000, 0x0000, 0x0000, 0x0000, 0x0000, 0x0000, 0x0000, 0x0000, 0x0000, 0x0000, 0x0000, 0x0000,
    0x0000, 0x0000, 0x0000, 0x0000, 0x0000, 0x0000, 0x0000, 0x0000, 0x0000, 0x0000, 0x0000, 0x0000,
    0x0000, 0x0000, 0x0000, 0x0000, 0x0000, 0x0000, 0x0000, 0x0000, 0x0000, 0x0000, 0x0000, 0x0000,
    0x0000, 0x0000, 0x0000, 0x0000, 0x0000, 0x0000, 0x0000, 0x0000, 0x0000, 0x0000, 0x0000, 0x0000,
    0x0000, 0x0000, 0x0000, 0x0000, 0x0000, 0x0000, 0x0000, 0x0000, 0x0000, 0x0000, 0x0000, 0x0000,
    0x0000, 0x0000, 0x0000, 0x0000, 0x0000, 0x0000, 0x0000, 0x0000, 0x0000, 0x0000, 0x0000, 0x0000,
    0x0000, 0x0000, 0x0000, 0x0000, 0x0000, 0x0000, 0x0000, 0x0000, 0x0000, 0x0000, 0x0000, 0x0000,
    0x0000, 0x0000, 0x0000, 0x0000, 0x0000, 0x0000, 0x0000, 0x0000, 0x0000, 0x0000, 0x0000, 0x0000,
    0x0000, 0x0000, 0x0000, 0x0000, 0x0000, 0x0000, 0x0000, 0x0000, 0x0000, 0x0000, 0x0000, 0x0000,
    0x0000, 0x0000, 0x0000, 0x0000, 0x0000, 0x0901, 0x0922, 0x0040, 0x0000, 0x0000, 0x0000, 0x0000,
    0x0000, 0x0000, 0x0000, 0x0000, 0x0000, 0x0000, 0x0000, 0x0000, 0x0000, 0x0000, 0x0000, 0x0000,
    0x0000, 0x0000, 0x0000, 0x0000, 0x0000, 0x0000, 0x0000, 0x0000, 0x0000, 0x0000, 0x0000, 0x0000,
    0x0000, 0x0000, 0x0000, 0x0000, 0x0000, 0x0000, 0x0000, 0x0000, 0x0000, 0x0000, 0x0000, 0x0000,
    0x0000, 0x0000, 0x0000, 0x0000, 0x0000, 0x0000, 0x0000, 0x0000, 0x0000, 0x0000, 0x0000, 0x0000,
    0x0000, 0x0000, 0x0000, 0x0000, 0x0000, 0x0000, 0x0000, 0x0000, 0x0000, 0x0000, 0x0000, 0x0000,
    0x0000, 0x0000, 0x0000, 0x0000, 0x0000, 0x0000, 0x0000, 0x0000, 0x0000, 0x0000, 0x0000, 0x0000,
    0x0000, 0x0000, 0x0000, 0x0000, 0x0000, 0x0000, 0x0000, 0x0000, 0x0000, 0x0000, 0x0000, 0x0000,
    0x0000, 0x0000, 0x0000, 0x0000, 0x0000, 0x0000, 0x0000, 0x0000, 0x0000, 0x0000, 0x0000, 0x0000,
    0x0000, 0x0000, 0x0000, 0x0000, 0x0000, 0x0000, 0x0000, 0x0000, 0x0000, 0x0000, 0x0000, 0x0000,
    0x0000, 0x0000, 0x0000, 0x0000, 0x0000, 0x0000, 0x0000, 0x0000, 0x0000, 0x0000, 0x0000, 0x0000,
    0x0000, 0x0000, 0x0000, 0x0000, 0x0000, 0x0000, 0x0000, 0x0000, 0x0000, 0x0000, 0x0000, 0x0000,
    0x0000, 0x0000, 0x0000, 0x0000, 0x0000, 0x0000, 0x0000, 0x0000, 0x0000, 0x0000, 0x0000, 0x0000,
    0x0000, 0x0000, 0x0000, 0x0000, 0x0000, 0x0000, 0x0000, 0x0000, 0x0000, 0x0000, 0x0000, 0x0000,
    0x0000, 0x0000, 0x0000, 0x0000, 0x0000, 0x0000, 0x0000, 0x0000, 0x0000, 0x0000, 0x0000, 0x0000,
    0x0000, 0x0000, 0x0000, 0x0000, 0x0000, 0x0000, 0x0000, 0x0000, 0x0000, 0x0000, 0x0000, 0x0000,
    0x0000, 0x0000, 0x0000, 0x0000, 0x0000, 0x0000, 0x0000, 0x0000, 0x0000, 0x0000, 0x0000, 0x0000,
    0x0000, 0x0000, 0x0000, 0x0000, 0x0000, 0x0000, 0x0000, 0x0000, 0x0000, 0x0000, 0x0000, 0x0000,
    0x0000, 0x0000, 0x0000, 0x0000, 0x0000, 0x0000, 0x0000, 0x0000, 0x0000, 0x0000, 0x0000, 0x0000,
    0x0000, 0x0000, 0x0000, 0x0000, 0x0000, 0x0000, 0x0000, 0x0000, 0x0000, 0x0000, 0x0000, 0x0000,
    0x0000, 0x0000, 0x0000, 0x0000, 0x0000, 0x0040, 0x34C8, 0x23A6, 0x1182, 0x0060, 0x0000, 0x0000,
    0x0000, 0x0000, 0x0000, 0x0000, 0x0000, 0x0000, 0x0000, 0x0000, 0x0000, 0x0000, 0x0000, 0x0000,
    0x0000, 0x0000, 0x0000, 0x0000, 0x0000, 0x0000, 0x0000, 0x0000, 0x0000, 0x0000, 0x0000, 0x0000,
    0x0000, 0x0000, 0x0000, 0x0000, 0x0000, 0x0000, 0x0000, 0x0000, 0x0000, 0x0000, 0x0000, 0x0000,
    0x0000, 0x0000, 0x0000, 0x0000, 0x0000, 0x0000, 0x0000, 0x0000, 0x0000, 0x0000, 0x0000, 0x0000,
    0x0000, 0x0000, 0x0000, 0x0000, 0x0000, 0x0000, 0x0000, 0x0000, 0x0000, 0x0000, 0x0000, 0x0000,
    0x0000, 0x0000, 0x0000, 0x0000, 0x0000, 0x0000, 0x0000, 0x0000, 0x0000, 0x0000, 0x0000, 0x0000,
    0x0000, 0x0000, 0x0000, 0x0000, 0x0000, 0x0000, 0x0000, 0x0000, 0x0000, 0x0000, 0x0000, 0x0000,
    0x0000, 0x0000, 0x0000, 0x0000, 0x0000, 0x0000, 0x0000, 0x0000, 0x0000, 0x0000, 0x0000, 0x0000,
    0x0000, 0x0000, 0x0000, 0x0000, 0x0000, 0x0000, 0x0000, 0x0000, 0x0000, 0x0000, 0x0000, 0x0000,
    0x0000, 0x0000, 0x0000, 0x0000, 0x0000, 0x0000, 0x0000, 0x0000, 0x0000, 0x0000, 0x0000, 0x0000,
    0x0000, 0x0000, 0x0000, 0x0000, 0x0000, 0x0000, 0x0000, 0x0000, 0x0000, 0x0000, 0x0000, 0x0000,
    0x0000, 0x0000, 0x0000, 0x0000, 0x0000, 0x0000, 0x0000, 0x0000, 0x0000, 0x0000, 0x0000, 0x0000,
    0x0000, 0x0000, 0x0000, 0x0000, 0x0000, 0x0000, 0x0000, 0x0000, 0x0000, 0x0000, 0x0000, 0x0000,
    0x0000, 0x0000, 0x0000, 0x0000, 0x0000, 0x0000, 0x0000, 0x0000, 0x0000, 0x0000, 0x0000, 0x0000,
    0x0000, 0x0000, 0x0000, 0x0000, 0x0000, 0x0000, 0x0000, 0x0000, 0x0000, 0x0000, 0x0000, 0x0000,
    0x0000, 0x0000, 0x0000, 0x0000, 0x0000, 0x0000, 0x0000, 0x0000, 0x0000, 0x0000, 0x0000, 0x0000,
    0x0000, 0x0000, 0x0000, 0x0000, 0x0000, 0x0000, 0x0000, 0x0000, 0x0000, 0x0000, 0x0000, 0x0000,
    0x0000, 0x0000, 0x0000, 0x0000, 0x0000, 0x0000, 0x0000, 0x0000, 0x0000, 0x0000, 0x0000, 0x0000,
    0x0000, 0x0000, 0x0000, 0x0000, 0x0000, 0x0000, 0x0000, 0x0000, 0x0000, 0x0000, 0x0000, 0x0000,
    0x0000, 0x0000, 0x0000, 0x0000, 0x0000, 0x0000, 0x0962, 0x3DCA, 0x3DAA, 0x23C6, 0x11A2, 0x0060,
    0x0000, 0x0000, 0x0000, 0x0000, 0x0000, 0x0000, 0x0000, 0x0000, 0x0000, 0x0000, 0x0000, 0x0000,
    0x0000, 0x0000, 0x0000, 0x0000, 0x0000, 0x0000, 0x0000, 0x0000, 0x0000, 0x0000, 0x0000, 0x0000,
    0x0000, 0x0000, 0x0000, 0x0000, 0x0000, 0x0000, 0x0000, 0x0000, 0x0000, 0x0000, 0x0000, 0x0000,
    0x0000, 0x0000, 0x0000, 0x0000, 0x0000, 0x0000, 0x0000, 0x0000, 0x0000, 0x0000, 0x0000, 0x0000,
    0x0000, 0x0000, 0x0000, 0x0000, 0x0000, 0x0000, 0x0000, 0x0000, 0x0000, 0x0000, 0x0000, 0x0000,
    0x0000, 0x0000, 0x0000, 0x0000, 0x0000, 0x0000, 0x0000, 0x0000, 0x0000, 0x0000, 0x0000, 0x0000,
    0x0000, 0x0000, 0x0000, 0x0000, 0x0000, 0x0000, 0x0000, 0x0000, 0x0000, 0x0000, 0x0000, 0x0000,
    0x0000, 0x0000, 0x0000, 0x0000, 0x0000, 0x0000, 0x0000, 0x0000, 0x0000, 0x0000, 0x0000, 0x0000,
    0x0000, 0x0000, 0x0000, 0x0000, 0x0000, 0x0000, 0x0000, 0x0000, 0x0000, 0x0000, 0x0000, 0x0000,
    0x0000, 0x0000, 0x0000, 0x0000, 0x0000, 0x0000, 0x0000, 0x0000, 0x0000, 0x0000, 0x0000, 0x0000,
    0x0000, 0x0000, 0x0000, 0x0000, 0x0000, 0x0000, 0x0000, 0x0000, 0x0000, 0x0000, 0x0000, 0x0000,
    0x0000, 0x0000, 0x0000, 0x0000, 0x0000, 0x0000, 0x0000, 0x0000, 0x0000, 0x0000, 0x0000, 0x0000,
    0x0000, 0x0000, 0x0000, 0x0000, 0x0000, 0x0000, 0x0000, 0x0000, 0x0000, 0x0000, 0x0000, 0x0000,
    0x0000, 0x0000, 0x0000, 0x0000, 0x0000, 0x0000, 0x0000, 0x0000, 0x0000, 0x0000, 0x0000, 0x0000,
    0x0000, 0x0000, 0x0000, 0x0000, 0x0000, 0x0000, 0x0000, 0x0000, 0x0000, 0x0000, 0x0000, 0x0000,
    0x0000, 0x0000, 0x0000, 0x0000, 0x0000, 0x0000, 0x0000, 0x0000, 0x0000, 0x0000, 0x0000, 0x0000,
    0x0000, 0x0000, 0x0000, 0x0000, 0x0000, 0x0000, 0x0000, 0x0000, 0x0000, 0x0000, 0x0000, 0x0000,
    0x0000, 0x0000, 0x0000, 0x0000, 0x0000, 0x0000, 0x0000, 0x0000, 0x0000, 0x0000, 0x0000, 0x0000,
    0x0000, 0x0000, 0x0000, 0x0000, 0x0000, 0x0000, 0x0000, 0x0000, 0x0000, 0x0000, 0x0000, 0x0000,
    0x0000, 0x0000, 0x0000, 0x0000, 0x0000, 0x0000, 0x0000, 0x23A6, 0x3D8A, 0x3DAA, 0x3DAA, 0x23A6,
    0x11E3, 0x0060, 0x0000, 0x0000, 0x0020, 0x0000, 0x0000, 0x0000, 0x0000, 0x0000, 0x0000, 0x0000,
    0x0000, 0x0000, 0x0000, 0x0000, 0x0000, 0x0000, 0x0000, 0x0000, 0x0000, 0x0000, 0x0000, 0x0000,
    0x0000, 0x0000, 0x0000, 0x0000, 0x0000, 0x0000, 0x0000, 0x0000, 0x0000, 0x0000, 0x0000, 0x0000,
    0x0000, 0x0000, 0x0000, 0x0000, 0x0000, 0x0000, 0x0000, 0x0000, 0x0000, 0x0000, 0x0000, 0x0000,
    0x0000, 0x0000, 0x0000, 0x0000, 0x0000, 0x0000, 0x0000, 0x0000, 0x0000, 0x0000, 0x0000, 0x0000,
    0x0000, 0x0000, 0x0000, 0x0000, 0x0000, 0x0000, 0x0000, 0x0000, 0x0000, 0x0000, 0x0000, 0x0000,
    0x0000, 0x0000, 0x0000, 0x0000, 0x0000, 0x0000, 0x0000, 0x0000, 0x0000, 0x0000, 0x0000, 0x0000,
    0x0000, 0x0000, 0x0000, 0x0000, 0x0000, 0x0000, 0x0000, 0x0000, 0x0000, 0x0000, 0x0000, 0x0000,
    0x0000, 0x0000, 0x0000, 0x0000, 0x0000, 0x0000, 0x0000, 0x0000, 0x0000, 0x0000, 0x0000, 0x0000,
    0x0000, 0x0000, 0x0000, 0x0000, 0x0000, 0x0000, 0x0000, 0x0000, 0x0000, 0x0000, 0x0000, 0x0000,
    0x0000, 0x0000, 0x0000, 0x0000, 0x0000, 0x0000, 0x0000, 0x0000, 0x0000, 0x0000, 0x0000, 0x0000,
    0x0000, 0x0000, 0x0000, 0x0000, 0x0000, 0x0000, 0x0000, 0x0000, 0x0000, 0x0000, 0x0000, 0x0000,
    0x0000, 0x0000, 0x0000, 0x0000, 0x0000, 0x0000, 0x0000, 0x0000, 0x0000, 0x0000, 0x0000, 0x0000,
    0x0000, 0x0000, 0x0000, 0x0000, 0x0000, 0x0000, 0x0000, 0x0000, 0x0000, 0x0000, 0x0000, 0x0000,
    0x0000, 0x0000, 0x0000, 0x0000, 0x0000, 0x0000, 0x0000, 0x0000, 0x0000, 0x0000, 0x0000, 0x0000,
    0x0000, 0x0000, 0x0000, 0x0000, 0x0000, 0x0000, 0x0000, 0x0000, 0x0000, 0x0000, 0x0000, 0x0000,
    0x0000, 0x0000, 0x0000, 0x0000, 0x0000, 0x0000, 0x0000, 0x0000, 0x0000, 0x0000, 0x0000, 0x0000,
    0x0000, 0x0000, 0x0000, 0x0000, 0x0000, 0x0000, 0x0000, 0x0000, 0x0000, 0x0000, 0x0000, 0x0000,
    0x0000, 0x0000, 0x0000, 0x0000, 0x0000, 0x0000, 0x0000, 0x0000, 0x0000, 0x0000, 0x0000, 0x0000,
    0x0000, 0x0000, 0x0000, 0x0000, 0x0000, 0x0000, 0x0000, 0x08C1, 0x3529, 0x3549, 0x3549, 0x3DCA,
    0x3DAA, 0x23E7, 0x11E3, 0x0040, 0x0000, 0x0000, 0x0000, 0x0000, 0x0000, 0x0000, 0x0000, 0x0000,
    0x0000, 0x0000, 0x0000, 0x0000, 0x0000, 0x0000, 0x0000, 0x0000, 0x0000, 0x0000, 0x0000, 0x0000,
    0x0000, 0x0000, 0x0000, 0x0000, 0x0000, 0x0000, 0x0000, 0x0000, 0x0000, 0x0000, 0x0000, 0x0000,
    0x0000, 0x0000, 0x0000, 0x0000, 0x0000, 0x0000, 0x0000, 0x0000, 0x0000, 0x0000, 0x0000, 0x0000,
    0x0020, 0x0020, 0x0020, 0x0000, 0x0000, 0x0000, 0x0000, 0x0000, 0x0000, 0x0000, 0x0000, 0x0000,
    0x0000, 0x0000, 0x0000, 0x0000, 0x0000, 0x0000, 0x0000, 0x0000, 0x0000, 0x0000, 0x0000, 0x0000,
    0x0000, 0x0000, 0x0000, 0x0000, 0x0000, 0x0000, 0x0000, 0x0000, 0x0000, 0x0000, 0x0000, 0x0000,
    0x0000, 0x0000, 0x0000, 0x0000, 0x0000, 0x0000, 0x0000, 0x0000, 0x0000, 0x0000, 0x0000, 0x0000,
    0x0000, 0x0000, 0x0000, 0x0000, 0x0000, 0x0000, 0x0000, 0x0000, 0x0000, 0x0000, 0x0000, 0x0000,
    0x0000, 0x0000, 0x0000, 0x0000, 0x0000, 0x0000, 0x0000, 0x0000, 0x0000, 0x0000, 0x0000, 0x0000,
    0x0000, 0x0000, 0x0000, 0x0000, 0x0000, 0x0000, 0x0000, 0x0000, 0x0000, 0x0000, 0x0000, 0x0000,
    0x0000, 0x0000, 0x0000, 0x0000, 0x0000, 0x0000, 0x0000, 0x0000, 0x0000, 0x0000, 0x0000, 0x0000,
    0x0000, 0x0000, 0x0000, 0x0000, 0x0000, 0x0000, 0x0000, 0x0000, 0x0000, 0x0000, 0x0000, 0x0000,
    0x0000, 0x0000, 0x0000, 0x0000, 0x0000, 0x0000, 0x0000, 0x0000, 0x0000, 0x0000, 0x0000, 0x0000,
    0x0000, 0x0000, 0x0000, 0x0000, 0x0000, 0x0000, 0x0000, 0x0000, 0x0000, 0x0000, 0x0000, 0x0000,
    0x0000, 0x0000, 0x0000, 0x0000, 0x0000, 0x0000, 0x0000, 0x0000, 0x0000, 0x0000, 0x0000, 0x0000,
    0x0000, 0x0000, 0x0000, 0x0000, 0x0000, 0x0000, 0x0000, 0x0000, 0x0000, 0x0000, 0x0000, 0x0000,
    0x0000, 0x0000, 0x0000, 0x0000, 0x0000, 0x0000, 0x0000, 0x0000, 0x0000, 0x0000, 0x0000, 0x0000,
    0x0000, 0x0000, 0x0000, 0x0000, 0x0000, 0x0000, 0x0000, 0x0000, 0x0000, 0x0000, 0x0000, 0x0000,
    0x0000, 0x0000, 0x0000, 0x0000, 0x0000, 0x0000, 0x0000, 0x0000, 0x1224, 0x3DCA, 0x3549, 0x3549,
    0x3549, 0x3DCA, 0x3D69, 0x23A6, 0x1203, 0x0020, 0x0000, 0x0000, 0x0000, 0x0000, 0x0000, 0x0000,
    0x0000, 0x0000, 0x0000, 0x0000, 0x0000, 0x0000, 0x0000, 0x0000, 0x0000, 0x0000, 0x0000, 0x0000,
    0x0000, 0x0000, 0x0000, 0x0000, 0x0000, 0x0000, 0x0000, 0x0000, 0x0000, 0x0000, 0x0000, 0x0000,
    0x0000, 0x0000, 0x0000, 0x0000, 0x0000, 0x0000, 0x0000, 0x0000, 0x0000, 0x0000, 0x0000, 0x0000,
    0x0000, 0x0000, 0x0000, 0x0000, 0x0000, 0x0000, 0x0000, 0x0000, 0x0000, 0x0000, 0x0000, 0x0000,
    0x0000, 0x0000, 0x0000, 0x0000, 0x0000, 0x0000, 0x0000, 0x0000, 0x0000, 0x0000, 0x0000, 0x0000,
    0x0000, 0x0000, 0x0000, 0x0000, 0x0000, 0x0000, 0x0000, 0x0000, 0x0000, 0x0000, 0x0000, 0x0000,
    0x0000, 0x0000, 0x0000, 0x0000, 0x0000, 0x0000, 0x0000, 0x0000, 0x0000, 0x0000, 0x0000, 0x0000,
    0x0000, 0x0000, 0x0000, 0x0000, 0x0000, 0x0000, 0x0000, 0x0000, 0x0000, 0x0000, 0x0000, 0x0000,
    0x0000, 0x0000, 0x0000, 0x0000, 0x0000, 0x0000, 0x0000, 0x0000, 0x0000, 0x0000, 0x0000, 0x0000,
    0x0000, 0x0000, 0x0000, 0x0000, 0x0000, 0x0000, 0x0000, 0x0000, 0x0000, 0x0000, 0x0000, 0x0000,
    0x0000, 0x0000, 0x0000, 0x0000, 0x0000, 0x0000, 0x0000, 0x0000, 0x0000, 0x0000, 0x0000, 0x0000,
    0x0000, 0x0000, 0x0000, 0x0000, 0x0000, 0x0000, 0x0000, 0x0000, 0x0000, 0x0000, 0x0000, 0x0000,
    0x0000, 0x0000, 0x0000, 0x0000, 0x0000, 0x0000, 0x0000, 0x0000, 0x0000, 0x0000, 0x0000, 0x0000,
    0x0000, 0x0000, 0x0000, 0x0000, 0x0000, 0x0000, 0x0000, 0x0000, 0x0000, 0x0000, 0x0000, 0x0000,
    0x0000, 0x0000, 0x0000, 0x0000, 0x0000, 0x0000, 0x0000, 0x0000, 0x0000, 0x0000, 0x0000, 0x0000,
    0x0000, 0x0000, 0x0000, 0x0000, 0x0000, 0x0000, 0x0000, 0x0000, 0x0000, 0x0000, 0x0000, 0x0000,
    0x0000, 0x0000, 0x0000, 0x0000, 0x0000, 0x0000, 0x0000, 0x0000, 0x0000, 0x0000, 0x0000, 0x0000,
    0x0000, 0x0000, 0x0000, 0x0000, 0x0000, 0x0000, 0x0000, 0x0000, 0x0000, 0x0000, 0x0000, 0x0000,
    0x0000, 0x0000, 0x0000, 0x0000, 0x0000, 0x0000, 0x0000, 0x0000, 0x0020, 0x23A6, 0x3DCA, 0x3549,
    0x3D69, 0x3549, 0x3569, 0x3DEA, 0x3569, 0x2BC6, 0x11C3, 0x0000, 0x0000, 0x0020, 0x0000, 0x0000,
    0x0000, 0x0000, 0x0000, 0x0000, 0x0000, 0x0000, 0x0000, 0x0000, 0x0000, 0x0000, 0x0000, 0x0000,
    0x0000, 0x0000, 0x0000, 0x0000, 0x0000, 0x0000, 0x0000, 0x0000, 0x0000, 0x0000, 0x0000, 0x0000,
    0x0000, 0x0000, 0x0000, 0x0000, 0x0000, 0x0000, 0x0000, 0x0000, 0x0000, 0x0000, 0x0000, 0x0922,
    0x1AE5, 0x2325, 0x1AA4, 0x11E3, 0x0040, 0x0000, 0x0000, 0x0000, 0x0000, 0x0000, 0x0000, 0x0000,
    0x0000, 0x0000, 0x0000, 0x0000, 0x0000, 0x0000, 0x0000, 0x0000, 0x0000, 0x0000, 0x0000, 0x0000,
    0x0000, 0x0000, 0x0000, 0x0000, 0x0000, 0x0000, 0x0000, 0x0000, 0x0000, 0x0000, 0x0000, 0x0000,
    0x0000, 0x0000, 0x0000, 0x0000, 0x0000, 0x0000, 0x0000, 0x0000, 0x0000, 0x0000, 0x0000, 0x0000,
    0x0000, 0x0000, 0x0000, 0x0000, 0x0000, 0x0000, 0x0000, 0x0000, 0x0000, 0x0000, 0x0000, 0x0000,
    0x0000, 0x0000, 0x0000, 0x0000, 0x0000, 0x0000, 0x0000, 0x0000, 0x0000, 0x0000, 0x0000, 0x0000,
    0x0000, 0x0000, 0x0000, 0x0000, 0x0000, 0x0000, 0x0000, 0x0000, 0x0000, 0x0000, 0x0000, 0x0000,
    0x0000, 0x0000, 0x0000, 0x0000, 0x0000, 0x0000, 0x0000, 0x0000, 0x0000, 0x0000, 0x0000, 0x0000,
    0x0000, 0x0000, 0x0000, 0x0000, 0x0000, 0x0000, 0x0000, 0x0000, 0x0000, 0x0000, 0x0000, 0x0000,
    0x0000, 0x0000, 0x0000, 0x0000, 0x0000, 0x0000, 0x0000, 0x0000, 0x0000, 0x0000, 0x0000, 0x0000,
    0x0000, 0x0000, 0x0000, 0x0000, 0x0000, 0x0000, 0x0000, 0x0000, 0x0000, 0x0000, 0x0000, 0x0000,
    0x0000, 0x0000, 0x0000, 0x0000, 0x0000, 0x0000, 0x0000, 0x0000, 0x0000, 0x0000, 0x0000, 0x0000,
    0x0000, 0x0000, 0x0000, 0x0000, 0x0000, 0x0000, 0x0000, 0x0000, 0x0000, 0x0000, 0x0000, 0x0000,
    0x0000, 0x0000, 0x0000, 0x0000, 0x0000, 0x0000, 0x0000, 0x0000, 0x0000, 0x0000, 0x0000, 0x0000,
    0x0000, 0x0000, 0x0000, 0x0000, 0x0000, 0x0000, 0x0000, 0x0000, 0x0000, 0x0000, 0x0000, 0x0000,
    0x0000, 0x0000, 0x0000, 0x0000, 0x0000, 0x0000, 0x0000, 0x0000, 0x0000, 0x08E1, 0x34C8, 0x3D69,
    0x3569, 0x3D69, 0x3D69, 0x3549, 0x3D69, 0x3DEA, 0x3529, 0x2386, 0x0942, 0x0000, 0x0000, 0x0000,
    0x0000, 0x0000, 0x0000, 0x0000, 0x0000, 0x0000, 0x0000, 0x0000, 0x0000, 0x0000, 0x0000, 0x0000,
    0x0000, 0x0000, 0x0000, 0x0000, 0x0000, 0x0000, 0x0000, 0x0000, 0x0000, 0x0000, 0x0000, 0x0000,
    0x0000, 0x0000, 0x0000, 0x0000, 0x0000, 0x0000, 0x0000, 0x0000, 0x0000, 0x0000, 0x1224, 0x3509,
    0x3DCA, 0x3E0B, 0x3DAA, 0x3529, 0x2C27, 0x11C3, 0x0000, 0x0000, 0x0000, 0x0000, 0x0000, 0x0000,
    0x0000, 0x0000, 0x0000, 0x0000, 0x0000, 0x0000, 0x0000, 0x0000, 0x0000, 0x0000, 0x0000, 0x0000,
    0x0000, 0x0000, 0x0000, 0x0000, 0x0000, 0x0000, 0x0000, 0x0000, 0x0000, 0x0000, 0x0000, 0x0000,
    0x0000, 0x0000, 0x0000, 0x0000, 0x0000, 0x0000, 0x0000, 0x0000, 0x0000, 0x0000, 0x0000, 0x0000,
    0x0000, 0x0000, 0x0000, 0x0000, 0x0000, 0x0000, 0x0000, 0x0000, 0x0000, 0x0000, 0x0000, 0x0000,
    0x0000, 0x0000, 0x0000, 0x0000, 0x0000, 0x0000, 0x0000, 0x0000, 0x0000, 0x0000, 0x0000, 0x0000,
    0x0000, 0x0000, 0x0000, 0x0000, 0x0000, 0x0000, 0x0000, 0x0000, 0x0000, 0x0000, 0x0000, 0x0000,
    0x0000, 0x0000, 0x0000, 0x0000, 0x0000, 0x0000, 0x0000, 0x0000, 0x0000, 0x0000, 0x0000, 0x0000,
    0x0000, 0x0000, 0x0000, 0x0000, 0x0000, 0x0000, 0x0000, 0x0000, 0x0000, 0x0000, 0x0000, 0x0000,
    0x0000, 0x0000, 0x0000, 0x0000, 0x0000, 0x0000, 0x0000, 0x0000, 0x0000, 0x0000, 0x0000, 0x0000,
    0x0000, 0x0000, 0x0000, 0x0000, 0x0000, 0x0000, 0x0000, 0x0000, 0x0000, 0x0000, 0x0000, 0x0000,
    0x0000, 0x0000, 0x0000, 0x0000, 0x0000, 0x0000, 0x0000, 0x0000, 0x0000, 0x0000, 0x0000, 0x0000,
    0x0000, 0x0000, 0x0000, 0x0000, 0x0000, 0x0000, 0x0000, 0x0000, 0x0000, 0x0000, 0x0000, 0x0000,
    0x0000, 0x0000, 0x0000, 0x0000, 0x0000, 0x0000, 0x0000, 0x0000, 0x0000, 0x0000, 0x0000, 0x0000,
    0x0000, 0x0000, 0x0000, 0x0000, 0x0000, 0x0000, 0x0000, 0x0000, 0x0000, 0x0000, 0x0000, 0x0000,
    0x0000, 0x0000, 0x0000, 0x0000, 0x0000, 0x0000, 0x0000, 0x0000, 0x0000, 0x0000, 0x11E3, 0x3DAA,
    0x3549, 0x3D69, 0x3D69, 0x3D69, 0x3D69, 0x3549, 0x3D8A, 0x3DCA, 0x34E8, 0x2325, 0x00A1, 0x0000,
    0x0000, 0x0000, 0x0000, 0x0000, 0x0000, 0x0000, 0x0000, 0x0000, 0x0000, 0x0000, 0x0000, 0x0000,
    0x0000, 0x0000, 0x0000, 0x0000, 0x0000, 0x0000, 0x0000, 0x0000, 0x0000, 0x0000, 0x0000, 0x0000,
    0x0000, 0x0000, 0x0000, 0x0000, 0x0000, 0x0000, 0x0000, 0x0000, 0x0000, 0x1203, 0x3569, 0x3DAA,
    0x3569, 0x3549, 0x3D69, 0x3D8A, 0x3DCA, 0x3509, 0x1203, 0x0000, 0x0000, 0x0000, 0x0000, 0x0000,
    0x0000, 0x0000, 0x0000, 0x0000, 0x0000, 0x0000, 0x0000, 0x0000, 0x0000, 0x0000, 0x0000, 0x0000,
    0x0000, 0x0000, 0x0000, 0x0000, 0x0000, 0x0000, 0x0000, 0x0000, 0x0000, 0x0000, 0x0000, 0x0000,
    0x0000, 0x0000, 0x0000, 0x0000, 0x0000, 0x0000, 0x0000, 0x0000, 0x0000, 0x0000, 0x0000, 0x0000,
    0x0000, 0x0000, 0x0000, 0x0000, 0x0000, 0x0000, 0x0000, 0x0000, 0x0000, 0x0000, 0x0000, 0x0000,
    0x0000, 0x0000, 0x0000, 0x0000, 0x0000, 0x0000, 0x0000, 0x0000, 0x0000, 0x0000, 0x0000, 0x0000,
    0x0000, 0x0000, 0x0000, 0x0000, 0x0000, 0x0000, 0x0000, 0x0000, 0x0000, 0x0000, 0x0000, 0x0000,
    0x0000, 0x0000, 0x0000, 0x0000, 0x0000, 0x0000, 0x0000, 0x0000, 0x0000, 0x0000, 0x0000, 0x0000,
    0x0000, 0x0000, 0x0000, 0x0000, 0x0000, 0x0000, 0x0000, 0x0000, 0x0000, 0x0000, 0x0000, 0x0000,
    0x0000, 0x0000, 0x0000, 0x0000, 0x0000, 0x0000, 0x0000, 0x0000, 0x0000, 0x0000, 0x0000, 0x0000,
    0x0000, 0x0000, 0x0000, 0x0000, 0x0000, 0x0000, 0x0000, 0x0000, 0x0000, 0x0000, 0x0000, 0x0000,
    0x0000, 0x0000, 0x0000, 0x0000, 0x0000, 0x0000, 0x0000, 0x0000, 0x0000, 0x0000, 0x0000, 0x0000,
    0x0000, 0x0000, 0x0000, 0x0000, 0x0000, 0x0000, 0x0000, 0x0000, 0x0000, 0x0000, 0x0000, 0x0000,
    0x0000, 0x0000, 0x0000, 0x0000, 0x0000, 0x0000, 0x0000, 0x0000, 0x0000, 0x0000, 0x0000, 0x0000,
    0x0000, 0x0000, 0x0000, 0x0000, 0x0000, 0x0000, 0x0000, 0x0000, 0x0000, 0x0000, 0x0000, 0x0000,
    0x0000, 0x0000, 0x0000, 0x0000, 0x0000, 0x0000, 0x0000, 0x0000, 0x0000, 0x0000, 0x0000, 0x1B05,
    0x3DCA, 0x3549, 0x3D69, 0x3D69, 0x3D69, 0x3D69, 0x3D69, 0x3569, 0x3DAA, 0x3DAA, 0x34A8, 0x1AA4,
    0x0000, 0x0000, 0x0000, 0x0000, 0x0000, 0x0000, 0x0000, 0x0000, 0x0000, 0x0000, 0x0000, 0x0000,
    0x0000, 0x0000, 0x0000, 0x0000, 0x0000, 0x0000, 0x0000, 0x0000, 0x0000, 0x0000, 0x0000, 0x0000,
    0x0000, 0x0000, 0x0000, 0x0000, 0x0000, 0x0000, 0x0000, 0x0000, 0x11E3, 0x3569, 0x3D8A, 0x3549,
    0x3D69, 0x3D69, 0x3D69, 0x3D69, 0x3569, 0x3DAA, 0x3509, 0x0942, 0x0000, 0x0000, 0x0000, 0x0000,
    0x0000, 0x0000, 0x0000, 0x0000, 0x0000, 0x0000, 0x0000, 0x0000, 0x0000, 0x0000, 0x0000, 0x0000,
    0x0000, 0x0000, 0x0000, 0x0000, 0x0000, 0x0000, 0x0000, 0x0000, 0x0000, 0x0000, 0x0000, 0x0000,
    0x0000, 0x0000, 0x0000, 0x0000, 0x0000, 0x0000, 0x0000, 0x0000, 0x0000, 0x0000, 0x0000, 0x0000,
    0x0000, 0x0000, 0x0000, 0x0000, 0x0000, 0x0000, 0x0000, 0x0000, 0x0000, 0x0000, 0x0000, 0x0000,
    0x0000, 0x0000, 0x0000, 0x0000, 0x0000, 0x0000, 0x0000, 0x0000, 0x0000, 0x0000, 0x0000, 0x0000,
    0x0000, 0x0000, 0x0000, 0x0000, 0x0000, 0x0000, 0x0000, 0x0000, 0x0000, 0x0000, 0x0000, 0x0000,
    0x0000, 0x0000, 0x0000, 0x0000, 0x0000, 0x0000, 0x0000, 0x0000, 0x0000, 0x0000, 0x0000, 0x0000,
    0x0000, 0x0000, 0x0000, 0x0000, 0x0000, 0x0000, 0x0000, 0x0000, 0x0000, 0x0000, 0x0000, 0x0000,
    0x0000, 0x0000, 0x0000, 0x0000, 0x0000, 0x0000, 0x0000, 0x0000, 0x0000, 0x0000, 0x0000, 0x0000,
    0x0000, 0x0000, 0x0000, 0x0000, 0x0000, 0x0000, 0x0000, 0x0000, 0x0000, 0x0000, 0x0000, 0x0000,
    0x0000, 0x0000, 0x0000, 0x0000, 0x0000, 0x0000, 0x0000, 0x0000, 0x0000, 0x0000, 0x0000, 0x0000,
    0x0000, 0x0000, 0x0000, 0x0000, 0x0000, 0x0000, 0x0000, 0x0000, 0x0000, 0x0000, 0x0000, 0x0000,
    0x0000, 0x0000, 0x0000, 0x0000, 0x0000, 0x0000, 0x0000, 0x0000, 0x0000, 0x0000, 0x0000, 0x0000,
    0x0000, 0x0000, 0x0000, 0x0000, 0x0000, 0x0000, 0x0000, 0x0000, 0x0000, 0x0000, 0x0000, 0x0000,
    0x0000, 0x0000, 0x0000, 0x0000, 0x0000, 0x0000, 0x0000, 0x0000, 0x0000, 0x0000, 0x0000, 0x0060,
    0x2C07, 0x3DCA, 0x3569, 0x3D69, 0x3D69, 0x3D69, 0x3D69, 0x3D69, 0x3D69, 0x3D69, 0x3DAA, 0x3569,
    0x2C68, 0x11C3, 0x0000, 0x0000, 0x0000, 0x0000, 0x0000, 0x0000, 0x0000, 0x0000, 0x0000, 0x0000,
    0x0000, 0x0000, 0x0000, 0x0000, 0x0000, 0x0000, 0x0000, 0x0000, 0x0000, 0x0000, 0x0000, 0x0000,
    0x0000, 0x0000, 0x0000, 0x0000, 0x0000, 0x0000, 0x0000, 0x0922, 0x3549, 0x3D8A, 0x3569, 0x3D69,
    0x3D69, 0x3D69, 0x3D69, 0x3D69, 0x3D69, 0x3D69, 0x3DAA, 0x2C88, 0x0060, 0x0000, 0x0000, 0x0000,
    0x0000, 0x0000, 0x0000, 0x0000, 0x0000, 0x0000, 0x0000, 0x0000, 0x0000, 0x0000, 0x0000, 0x0000,
    0x0000, 0x0000, 0x0000, 0x0000, 0x0000, 0x0000, 0x0000, 0x0000, 0x0000, 0x0000, 0x0000, 0x0000,
    0x0000, 0x0000, 0x0000, 0x0000, 0x0000, 0x0000, 0x0000, 0x0000, 0x0000, 0x0000, 0x0000, 0x0000,
    0x0000, 0x0000, 0x0000, 0x0000, 0x0000, 0x0000, 0x0000, 0x0000, 0x0000, 0x0000, 0x0000, 0x0000,
    0x0000, 0x0000, 0x0000, 0x0000, 0x0000, 0x0000, 0x0000, 0x0000, 0x0000, 0x0000, 0x0000, 0x0000,
    0x0000, 0x0000, 0x0000, 0x0000, 0x0000, 0x0000, 0x0000, 0x0000, 0x0000, 0x0000, 0x0000, 0x0000,
    0x0000, 0x0000, 0x0000, 0x0000, 0x0000, 0x0000, 0x0000, 0x0000, 0x0000, 0x0000, 0x0000, 0x0000,
    0x0000, 0x0000, 0x0000, 0x0000, 0x0000, 0x0000, 0x0000, 0x0000, 0x0000, 0x0000, 0x0000, 0x0000,
    0x0000, 0x0000, 0x0000, 0x0000, 0x0000, 0x0000, 0x0000, 0x0000, 0x0000, 0x0000, 0x0000, 0x0000,
    0x0000, 0x0000, 0x0000, 0x0000, 0x0000, 0x0000, 0x0000, 0x0000, 0x0000, 0x0000, 0x0000, 0x0000,
    0x0000, 0x0000, 0x0000, 0x0000, 0x0000, 0x0000, 0x0000, 0x0000, 0x0000, 0x0000, 0x0000, 0x0000,
    0x0000, 0x0000, 0x0000, 0x0000, 0x0000, 0x0000, 0x0000, 0x0000, 0x0000, 0x0000, 0x0000, 0x0000,
    0x0000, 0x0000, 0x0000, 0x0000, 0x0000, 0x0000, 0x0000, 0x0000, 0x0000, 0x0000, 0x0000, 0x0000,
    0x0000, 0x0000, 0x0000, 0x0000, 0x0000, 0x0000, 0x0000, 0x0000, 0x0000, 0x0000, 0x0000, 0x0000,
    0x0000, 0x0000, 0x0000, 0x0000, 0x0000, 0x0000, 0x0000, 0x0000, 0x0000, 0x0000, 0x0000, 0x0000,
    0x0922, 0x34C8, 0x3DAA, 0x3569, 0x3D69, 0x3D69, 0x3D69, 0x3D69, 0x3D69, 0x3D69, 0x3D69, 0x3D8A,
    0x3DAA, 0x3549, 0x23E7, 0x08E1, 0x0000, 0x0000, 0x0000, 0x0000, 0x0000, 0x0000, 0x0000, 0x0000,
    0x0000, 0x0000, 0x0000, 0x0000, 0x0000, 0x0000, 0x0000, 0x0000, 0x0000, 0x0000, 0x0000, 0x0000,
    0x0000, 0x0000, 0x0000, 0x0000, 0x0000, 0x0000, 0x0080, 0x2C27, 0x3DAA, 0x3549, 0x3D69, 0x3D69,
    0x3D69, 0x3D69, 0x3D69, 0x3D69, 0x3D69, 0x3D69, 0x3DAA, 0x2CA8, 0x0060, 0x0000, 0x0000, 0x0000,
    0x0000, 0x0000, 0x0000, 0x0000, 0x0000, 0x0000, 0x0000, 0x0000, 0x0000, 0x0000, 0x0000, 0x0000,
    0x0000, 0x0000, 0x0000, 0x0000, 0x0000, 0x0000, 0x0000, 0x0000, 0x0000, 0x0000, 0x0000, 0x0000,
    0x0000, 0x0000, 0x0000, 0x0000, 0x0000, 0x0000, 0x0000, 0x0000, 0x0000, 0x0000, 0x0000, 0x0000,
    0x0000, 0x0000, 0x0000, 0x0000, 0x0000, 0x0000, 0x0000, 0x0000, 0x0000, 0x0000, 0x0000, 0x0000,
    0x0000, 0x0000, 0x0000, 0x0000, 0x0000, 0x0000, 0x0000, 0x0000, 0x0000, 0x0000, 0x0000, 0x0000,
    0x0000, 0x0000, 0x0000, 0x0000, 0x0000, 0x0000, 0x0000, 0x0000, 0x0000, 0x0000, 0x0000, 0x0000,
    0x0000, 0x0000, 0x0000, 0x0000, 0x0000, 0x0000, 0x0000, 0x0000, 0x0000, 0x0000, 0x0000, 0x0000,
    0x0000, 0x0000, 0x0000, 0x0000, 0x0000, 0x0000, 0x0000, 0x0000, 0x0000, 0x0000, 0x0000, 0x0000,
    0x0000, 0x0000, 0x0000, 0x0000, 0x0000, 0x0000, 0x0000, 0x0000, 0x0000, 0x0000, 0x0000, 0x0000,
    0x0000, 0x0000, 0x0000, 0x0000, 0x0000, 0x0000, 0x0000, 0x0000, 0x0000, 0x0000, 0x0000, 0x0000,
    0x0000, 0x0000, 0x0000, 0x0000, 0x0000, 0x0000, 0x0000, 0x0000, 0x0000, 0x0000, 0x0000, 0x0000,
    0x0000, 0x0000, 0x0000, 0x0000, 0x0000, 0x0000, 0x0000, 0x0000, 0x0000, 0x0000, 0x0000, 0x0000,
    0x0000, 0x0000, 0x0000, 0x0000, 0x0000, 0x0000, 0x0000, 0x0000, 0x0000, 0x0000, 0x0000, 0x0000,
    0x0000, 0x0000, 0x0000, 0x0000, 0x0000, 0x0000, 0x0000, 0x0000, 0x0000, 0x0000, 0x0000, 0x0000,
    0x0000, 0x0000, 0x0000, 0x0000, 0x0000, 0x0000, 0x0000, 0x0000, 0x0000, 0x0000, 0x0000, 0x0000,
    0x0000, 0x1203, 0x3D69, 0x3D89, 0x3D69, 0x3D69, 0x3D69, 0x3D69, 0x3D69, 0x3D69, 0x3D69, 0x3D69,
    0x3D69, 0x3D8A, 0x3D8A, 0x3529, 0x1AE5, 0x0020, 0x0000, 0x0000, 0x0000, 0x0000, 0x0000, 0x0000,
    0x0000, 0x0000, 0x0000, 0x0000, 0x0000, 0x0000, 0x0000, 0x0000, 0x0000, 0x0000, 0x0000, 0x0000,
    0x0000, 0x0000, 0x0000, 0x0000, 0x0000, 0x0000, 0x1244, 0x3DCA, 0x3549, 0x3D69, 0x3D69, 0x3D69,
    0x3D69, 0x3D69, 0x3D69, 0x3D69, 0x3D69, 0x3D8A, 0x2C27, 0x0060, 0x0000, 0x0000, 0x0000, 0x0000,
    0x0000, 0x0000, 0x0000, 0x0000, 0x0000, 0x0000, 0x0000, 0x0000, 0x0000, 0x0000, 0x0000, 0x0000,
    0x0000, 0x0000, 0x0000, 0x0000, 0x0000, 0x0000, 0x0000, 0x0000, 0x0000, 0x0000, 0x0000, 0x0000,
    0x0000, 0x0000, 0x0000, 0x0000, 0x0000, 0x0000, 0x0000, 0x0000, 0x0000, 0x0000, 0x0000, 0x0000,
    0x0000, 0x0000, 0x0000, 0x0000, 0x0000, 0x0000, 0x0000, 0x0000, 0x0000, 0x0000, 0x0000, 0x0000,
    0x0000, 0x0000, 0x0000, 0x0000, 0x0000, 0x0000, 0x0000, 0x0000, 0x0000, 0x0000, 0x0000, 0x0000,
    0x0000, 0x0000, 0x0000, 0x0000, 0x0000, 0x0000, 0x0000, 0x0000, 0x0000, 0x0000, 0x0000, 0x0000,
    0x0000, 0x0000, 0x0000, 0x0000, 0x0000, 0x0000, 0x0000, 0x0000, 0x0000, 0x0000, 0x0000, 0x0000,
    0x0000, 0x0000, 0x0000, 0x0000, 0x0000, 0x0000, 0x0000, 0x0000, 0x0000, 0x0000, 0x0000, 0x0000,
    0x0000, 0x0000, 0x0000, 0x0000, 0x0000, 0x0000, 0x0000, 0x0000, 0x0000, 0x0000, 0x0000, 0x0000,
    0x0000, 0x0000, 0x0000, 0x0000, 0x0000, 0x0000, 0x0000, 0x0000, 0x0000, 0x0000, 0x0000, 0x0000,
    0x0000, 0x0000, 0x0000, 0x0000, 0x0000, 0x0000, 0x0000, 0x0000, 0x0000, 0x0000, 0x0000, 0x0000,
    0x0000, 0x0000, 0x0000, 0x0000, 0x0000, 0x0000, 0x0000, 0x0000, 0x0000, 0x0000, 0x0000, 0x0000,
    0x0000, 0x0000, 0x0000, 0x0000, 0x0000, 0x0000, 0x0000, 0x0000, 0x0000, 0x0000, 0x0000, 0x0000,
    0x0000, 0x0000, 0x0000, 0x0000, 0x0000, 0x0000, 0x0000, 0x0000, 0x0000, 0x0000, 0x0000, 0x0000,
    0x0000, 0x0000, 0x0000, 0x0000, 0x0000, 0x0000, 0x0000, 0x0000, 0x0000, 0x0000, 0x0000, 0x0000,
    0x0000, 0x0000, 0x1A84, 0x3D8A, 0x3D8A, 0x3D69, 0x3D69, 0x3D69, 0x3D69, 0x3D69, 0x3D69, 0x3D69,
    0x3D69, 0x3D69, 0x3D69, 0x3D89, 0x3DAA, 0x2C88, 0x0962, 0x0000, 0x0000, 0x0000, 0x0000, 0x0000,
    0x0000, 0x0000, 0x0000, 0x0000, 0x0000, 0x0000, 0x0000, 0x0000, 0x0000, 0x0000, 0x0000, 0x0000,
    0x0000, 0x0000, 0x0000, 0x0000, 0x0000, 0x0081, 0x34A8, 0x3D8A, 0x3D69, 0x3D69, 0x3D69, 0x3D69,
    0x3D69, 0x3D69, 0x3D69, 0x3D69, 0x3D8A, 0x2C07, 0x0020, 0x0000, 0x0000, 0x0000, 0x0000, 0x0000,
    0x0000, 0x0000, 0x0000, 0x0000, 0x0000, 0x0000, 0x0000, 0x0000, 0x0000, 0x0000, 0x0000, 0x0000,
    0x0000, 0x0000, 0x0000, 0x0000, 0x0000, 0x0000, 0x0000, 0x0000, 0x0000, 0x0000, 0x0000, 0x0000,
    0x0000, 0x0000, 0x0000, 0x0000, 0x0000, 0x0000, 0x0000, 0x0000, 0x0000, 0x0000, 0x0000, 0x0000,
    0x0000, 0x0000, 0x0000, 0x0000, 0x0000, 0x0000, 0x0000, 0x0000, 0x0000, 0x0000, 0x0000, 0x0000,
    0x0000, 0x0000, 0x0000, 0x0000, 0x0000, 0x0000, 0x0000, 0x0000, 0x0000, 0x0000, 0x0000, 0x0000,
    0x0000, 0x0000, 0x0000, 0x0000, 0x0000, 0x0000, 0x0000, 0x0000, 0x0000, 0x0000, 0x0000, 0x0000,
    0x0000, 0x0000, 0x0000, 0x0000, 0x0000, 0x0000, 0x0000, 0x0000, 0x0000, 0x0000, 0x0000, 0x0000,
    0x0000, 0x0000, 0x0000, 0x0000, 0x0000, 0x0000, 0x0000, 0x0000, 0x0000, 0x0000, 0x0000, 0x0000,
    0x0000, 0x0000, 0x0000, 0x0000, 0x0000, 0x0000, 0x0000, 0x0000, 0x0000, 0x0000, 0x0000, 0x0000,
    0x0000, 0x0000, 0x0000, 0x0000, 0x0000, 0x0000, 0x0000, 0x0000, 0x0000, 0x0000, 0x0000, 0x0000,
    0x0000, 0x0000, 0x0000, 0x0000, 0x0000, 0x0000, 0x0000, 0x0000, 0x0000, 0x0000, 0x0000, 0x0000,
    0x0000, 0x0000, 0x0000, 0x0000, 0x0000, 0x0000, 0x0000, 0x0000, 0x0000, 0x0000, 0x0000, 0x0000,
    0x0000, 0x0000, 0x0000, 0x0000, 0x0000, 0x0000, 0x0000, 0x0000, 0x0000, 0x0000, 0x0000, 0x0000,
    0x0000, 0x0000, 0x0000, 0x0000, 0x0000, 0x0000, 0x0000, 0x0000, 0x0000, 0x0000, 0x0000, 0x0000,
    0x0000, 0x0000, 0x0000, 0x0000, 0x0000, 0x0000, 0x0000, 0x0000, 0x0000, 0x0000, 0x0000, 0x0000,
    0x0000, 0x0000, 0x0000, 0x1B05, 0x3DAA, 0x3D69, 0x3D69, 0x3D69, 0x3D69, 0x3D69, 0x3D69, 0x3D69,
    0x3D69, 0x3D69, 0x3D69, 0x3D69, 0x3D69, 0x3D8A, 0x3D8A, 0x1AE5, 0x0040, 0x0000, 0x0000, 0x0000,
    0x0000, 0x0000, 0x0000, 0x0000, 0x0000, 0x0000, 0x0000, 0x0000, 0x0000, 0x0000, 0x0000, 0x0000,
    0x0000, 0x0000, 0x0000, 0x0000, 0x0000, 0x1203, 0x3DCA, 0x3549, 0x3D69, 0x3D69, 0x3D69, 0x3D69,
    0x3D69, 0x3D69, 0x3D69, 0x3DAA, 0x2C68, 0x0040, 0x0000, 0x0000, 0x0000, 0x0000, 0x0000, 0x0000,
    0x0000, 0x0000, 0x0000, 0x0000, 0x0000, 0x0000, 0x0000, 0x0000, 0x0000, 0x0000, 0x0000, 0x0000,
    0x0000, 0x0000, 0x0000, 0x0000, 0x0000, 0x0000, 0x0000, 0x0000, 0x0000, 0x0000, 0x0000, 0x0000,
    0x0000, 0x0000, 0x0000, 0x0000, 0x0000, 0x0000, 0x0000, 0x0000, 0x0000, 0x0000, 0x0000, 0x0000,
    0x0000, 0x0000, 0x0000, 0x0000, 0x0000, 0x0000, 0x0000, 0x0000, 0x0000, 0x0000, 0x0000, 0x0000,
    0x0000, 0x0000, 0x0000, 0x0000, 0x0000, 0x0000, 0x0000, 0x0000, 0x0000, 0x0000, 0x0000, 0x0000,
    0x0000, 0x0000, 0x0000, 0x0000, 0x0000, 0x0000, 0x0000, 0x0000, 0x0000, 0x0000, 0x0000, 0x0000,
    0x0000, 0x0000, 0x0000, 0x0000, 0x0000, 0x0000, 0x0000, 0x0000, 0x0000, 0x0000, 0x0000, 0x0000,
    0x0000, 0x0000, 0x0000, 0x0000, 0x0000, 0x0000, 0x0000, 0x0000, 0x0000, 0x0000, 0x0000, 0x0000,
    0x0000, 0x0000, 0x0000, 0x0000, 0x0000, 0x0000, 0x0000, 0x0000, 0x0000, 0x0000, 0x0000, 0x0000,
    0x0000, 0x0000, 0x0000, 0x0000, 0x0000, 0x0000, 0x0000, 0x0000, 0x0000, 0x0000, 0x0000, 0x0000,
    0x0000, 0x0000, 0x0000, 0x0000, 0x0000, 0x0000, 0x0000, 0x0000, 0x0000, 0x0000, 0x0000, 0x0000,
    0x0000, 0x0000, 0x0000, 0x0000, 0x0000, 0x0000, 0x0000, 0x0000, 0x0000, 0x0000, 0x0000, 0x0000,
    0x0000, 0x0000, 0x0000, 0x0000, 0x0000, 0x0000, 0x0000, 0x0000, 0x0000, 0x0000, 0x0000, 0x0000,
    0x0000, 0x0000, 0x0000, 0x0000, 0x0000, 0x0000, 0x0000, 0x0000, 0x0000, 0x0000, 0x0000, 0x0000,
    0x0000, 0x0000, 0x0000, 0x0000, 0x0000, 0x0000, 0x0000, 0x0000, 0x0000, 0x0000, 0x0000, 0x0000,
    0x0000, 0x0000, 0x0000, 0x0000, 0x2366, 0x3DCA, 0x3D69, 0x3D69, 0x3D69, 0x3D69, 0x3D69, 0x3D69,
    0x3D69, 0x3D69, 0x3D69, 0x3D69, 0x3D69, 0x3D69, 0x3569, 0x3DCA, 0x2C27, 0x08E1, 0x0000, 0x0000,
    0x0000, 0x0000, 0x0000, 0x0000, 0x0000, 0x0000, 0x0000, 0x0000, 0x0000, 0x0000, 0x0000, 0x0000,
    0x0000, 0x0000, 0x0000, 0x0000, 0x0020, 0x2C07, 0x3D8A, 0x3569, 0x3D69, 0x3D69, 0x3D69, 0x3D69,
    0x3D69, 0x3569, 0x3DAA, 0x34E8, 0x00A1, 0x0000, 0x0000, 0x0000, 0x0000, 0x0000, 0x0000, 0x0000,
    0x0000, 0x0000, 0x0000, 0x0000, 0x0000, 0x0000, 0x0000, 0x0000, 0x0000, 0x0000, 0x0000, 0x0000,
    0x0000, 0x0000, 0x0000, 0x0000, 0x0000, 0x0000, 0x0000, 0x0000, 0x0000, 0x0000, 0x0000, 0x0000,
    0x0000, 0x0000, 0x0000, 0x0000, 0x0000, 0x0000, 0x0000, 0x0000, 0x0000, 0x0000, 0x0000, 0x0000,
    0x0000, 0x0000, 0x0000, 0x0000, 0x0000, 0x0000, 0x0000, 0x0000, 0x0000, 0x0000, 0x0000, 0x0000,
    0x0000, 0x0000, 0x0000, 0x0000, 0x0000, 0x0000, 0x0000, 0x0000, 0x0000, 0x0000, 0x0000, 0x0000,
    0x0000, 0x0000, 0x0000, 0x0000, 0x0000, 0x0000, 0x0000, 0x0000, 0x0000, 0x0000, 0x0000, 0x0000,
    0x0000, 0x0000, 0x0000, 0x0000, 0x0000, 0x0000, 0x0000, 0x0000, 0x0000, 0x0000, 0x0000, 0x0000,
    0x0000, 0x0000, 0x0000, 0x0000, 0x0000, 0x0000, 0x0000, 0x0000, 0x0000, 0x0000, 0x0000, 0x0000,
    0x0000, 0x0000, 0x0000, 0x0000, 0x0000, 0x0000, 0x0000, 0x0000, 0x0000, 0x0000, 0x0000, 0x0000,
    0x0000, 0x0000, 0x0000, 0x0000, 0x0000, 0x0000, 0x0000, 0x0000, 0x0000, 0x0000, 0x0000, 0x0000,
    0x0000, 0x0000, 0x0000, 0x0000, 0x0000, 0x0000, 0x0000, 0x0000, 0x0000, 0x0000, 0x0000, 0x0000,
    0x0000, 0x0000, 0x0000, 0x0000, 0x0000, 0x0000, 0x0000, 0x0000, 0x0000, 0x0000, 0x0000, 0x0000,
    0x0000, 0x0000, 0x0000, 0x0000, 0x0000, 0x0000, 0x0000, 0x0000, 0x0000, 0x0000, 0x0000, 0x0000,
    0x0000, 0x0000, 0x0000, 0x0000, 0x0000, 0x0000, 0x0000, 0x0000, 0x0000, 0x0000, 0x0000, 0x0000,
    0x0000, 0x0000, 0x0000, 0x0000, 0x0000, 0x0000, 0x0000, 0x0000, 0x0000, 0x0000, 0x0000, 0x0000,
    0x0000, 0x0000, 0x0000, 0x0000, 0x0040, 0x23E7, 0x3DCA, 0x3569, 0x3D69, 0x3D69, 0x3D69, 0x3D69,
    0x3D69, 0x3D69, 0x3D69, 0x3D69, 0x3D69, 0x3D69, 0x3D69, 0x3569, 0x3DAA, 0x3509, 0x11A3, 0x0000,
    0x0000, 0x0000, 0x0000, 0x0000, 0x0000, 0x0000, 0x0000, 0x0000, 0x0000, 0x0000, 0x0000, 0x0000,
    0x0000, 0x0000, 0x0000, 0x0000, 0x00A1, 0x3569, 0x3D69, 0x3D69, 0x3D69, 0x3D69, 0x3D69, 0x3D69,
    0x3D69, 0x3D6A, 0x3569, 0x0962, 0x0000, 0x0000, 0x0000, 0x0000, 0x0000, 0x0000, 0x0000, 0x0000,
    0x0000, 0x0000, 0x0000, 0x0000, 0x0000, 0x0000, 0x0000, 0x0000, 0x0000, 0x0000, 0x0000, 0x0000,
    0x0000, 0x0000, 0x0000, 0x0000, 0x0000, 0x0000, 0x0000, 0x0000, 0x0000, 0x0000, 0x0000, 0x0000,
    0x0000, 0x0000, 0x0000, 0x0000, 0x0000, 0x0000, 0x0000, 0x0000, 0x0000, 0x0000, 0x0000, 0x0000,
    0x0000, 0x0000, 0x0000, 0x0000, 0x0000, 0x0000, 0x0000, 0x0000, 0x0000, 0x0000, 0x0000, 0x0000,
    0x0000, 0x0000, 0x0000, 0x0000, 0x0000, 0x0000, 0x0000, 0x0000, 0x0000, 0x0000, 0x0000, 0x0000,
    0x0000, 0x0000, 0x0000, 0x0000, 0x0000, 0x0000, 0x0000, 0x0000, 0x0000, 0x0000, 0x0000, 0x0000,
    0x0000, 0x0000, 0x0000, 0x0000, 0x0000, 0x0000, 0x0000, 0x0000, 0x0000, 0x0000, 0x0000, 0x0000,
    0x0000, 0x0000, 0x0000, 0x0000, 0x0000, 0x0000, 0x0000, 0x0000, 0x0000, 0x0000, 0x0000, 0x0000,
    0x0000, 0x0000, 0x0000, 0x0000, 0x0000, 0x0000, 0x0000, 0x0000, 0x0000, 0x0000, 0x0000, 0x0000,
    0x0000, 0x0000, 0x0000, 0x0000, 0x0000, 0x0000, 0x0000, 0x0000, 0x0000, 0x0000, 0x0000, 0x0000,
    0x0000, 0x0000, 0x0000, 0x0000, 0x0000, 0x0000, 0x0000, 0x0000, 0x0000, 0x0000, 0x0000, 0x0000,
    0x0000, 0x0000, 0x0000, 0x0000, 0x0000, 0x0000, 0x0000, 0x0000, 0x0000, 0x0000, 0x0000, 0x0000,
    0x0000, 0x0000, 0x0000, 0x0000, 0x0000, 0x0000, 0x0000, 0x0000, 0x0000, 0x0000, 0x0000, 0x0000,
    0x0000, 0x0000, 0x0000, 0x0000, 0x0000, 0x0000, 0x0000, 0x0000, 0x0000, 0x0000, 0x0000, 0x0000,
    0x0000, 0x0000, 0x0000, 0x0000, 0x0000, 0x0000, 0x0000, 0x0000, 0x0000, 0x0000, 0x0000, 0x0000,
    0x0000, 0x0000, 0x0000, 0x0000, 0x0000, 0x0081, 0x2C27, 0x3DCA, 0x3569, 0x3D69, 0x3D69, 0x3D69,
    0x3D69, 0x3D69, 0x3D69, 0x3D69, 0x3D69, 0x3D69, 0x3D69, 0x3D69, 0x3569, 0x3D89, 0x3D89, 0x1224,
    0x0000, 0x0000, 0x0000, 0x0000, 0x0000, 0x0000, 0x0000, 0x0000, 0x0000, 0x0000, 0x0000, 0x0000,
    0x0000, 0x0000, 0x0000, 0x0000, 0x11E3, 0x3DAA, 0x3569, 0x3D69, 0x3D69, 0x3D69, 0x3D69, 0x3D69,
    0x3569, 0x3D69, 0x1223, 0x0000, 0x0000, 0x0000, 0x0000, 0x0000, 0x0000, 0x0000, 0x0000, 0x0000,
    0x0000, 0x0000, 0x0000, 0x0000, 0x0000, 0x0000, 0x0000, 0x0000, 0x0000, 0x0000, 0x0000, 0x0000,
    0x0000, 0x0000, 0x0000, 0x0000, 0x0000, 0x0000, 0x0000, 0x0000, 0x0000, 0x0000, 0x0000, 0x0000,
    0x0000, 0x0000, 0x0000, 0x0000, 0x0000, 0x0000, 0x0000, 0x0000, 0x0000, 0x0000, 0x0000, 0x0000,
    0x0000, 0x0000, 0x0000, 0x0000, 0x0000, 0x0000, 0x0000, 0x0000, 0x0000, 0x0000, 0x0000, 0x0000,
    0x0000, 0x0000, 0x0000, 0x0000, 0x0000, 0x0000, 0x0000, 0x0000, 0x0000, 0x0000, 0x0000, 0x0000,
    0x0000, 0x0000, 0x0000, 0x0000, 0x0000, 0x0000, 0x0000, 0x0000, 0x0000, 0x0000, 0x0000, 0x0000,
    0x0000, 0x0000, 0x0000, 0x0000, 0x0000, 0x0000, 0x0000, 0x0000, 0x0000, 0x0000, 0x0000, 0x0000,
    0x0000, 0x0000, 0x0000, 0x0000, 0x0000, 0x0000, 0x0000, 0x0000, 0x0000, 0x0000, 0x0000, 0x0000,
    0x0000, 0x0000, 0x0000, 0x0000, 0x0000, 0x0000, 0x0000, 0x0000, 0x0000, 0x0000, 0x0000, 0x0000,
    0x0000, 0x0000, 0x0000, 0x0000, 0x0000, 0x0000, 0x0000, 0x0000, 0x0000, 0x0000, 0x0000, 0x0000,
    0x0000, 0x0000, 0x0000, 0x0000, 0x0000, 0x0000, 0x0000, 0x0000, 0x0000, 0x0000, 0x0000, 0x0000,
    0x0000, 0x0000, 0x0000, 0x0000, 0x0000, 0x0000, 0x0000, 0x0000, 0x0000, 0x0000, 0x0000, 0x0000,
    0x0000, 0x0000, 0x0000, 0x0000, 0x0000, 0x0000, 0x0000, 0x0000, 0x0000, 0x0000, 0x0000, 0x0000,
    0x0000, 0x0000, 0x0000, 0x0000, 0x0000, 0x0000, 0x0000, 0x0000, 0x0000, 0x0000, 0x0000, 0x0000,
    0x0000, 0x0000, 0x0000, 0x0000, 0x0000, 0x0000, 0x0000, 0x0000, 0x0000, 0x0000, 0x0000, 0x0000,
    0x0000, 0x0000, 0x0000, 0x0000, 0x0000, 0x0000, 0x08C1, 0x2C27, 0x3DCA, 0x3569, 0x3D69, 0x3D69,
    0x3D69, 0x3D69, 0x3D69, 0x3D69, 0x3D69, 0x3D69, 0x3D69, 0x3D69, 0x3D69, 0x3D69, 0x3569, 0x3DAA,
    0x1AC4, 0x0020, 0x0000, 0x0000, 0x0000, 0x0000, 0x0000, 0x0000, 0x0000, 0x0000, 0x0000, 0x0000,
    0x0000, 0x0000, 0x0000, 0x0000, 0x2305, 0x3D8A, 0x3D69, 0x3D69, 0x3D69, 0x3D69, 0x3D69, 0x3549,
    0x3DCA, 0x2325, 0x0020, 0x0000, 0x0000, 0x0000, 0x0000, 0x0000, 0x0000, 0x0000, 0x0000, 0x0000,
    0x0000, 0x0000, 0x0000, 0x0000, 0x0000, 0x0000, 0x0000, 0x0000, 0x0000, 0x0000, 0x0000, 0x0000,
    0x0000, 0x0000, 0x0000, 0x0000, 0x0000, 0x0000, 0x0000, 0x0000, 0x0000, 0x0020, 0x0000, 0x0000,
    0x0000, 0x0000, 0x0000, 0x0000, 0x0000, 0x0000, 0x0000, 0x0000, 0x0000, 0x0000, 0x0000, 0x0000,
    0x0000, 0x0000, 0x0000, 0x0000, 0x0000, 0x0000, 0x0000, 0x0000, 0x0000, 0x0000, 0x0000, 0x0000,
    0x0000, 0x0000, 0x0000, 0x0000, 0x0000, 0x0000, 0x0000, 0x0000, 0x0000, 0x0000, 0x0000, 0x0000,
    0x0000, 0x0000, 0x0000, 0x0000, 0x0000, 0x0000, 0x0000, 0x0000, 0x0000, 0x0000, 0x0000, 0x0000,
    0x0000, 0x0000, 0x0000, 0x0000, 0x0000, 0x0000, 0x0000, 0x0000, 0x0000, 0x0000, 0x0000, 0x0000,
    0x0000, 0x0000, 0x0000, 0x0000, 0x0000, 0x0000, 0x0000, 0x0000, 0x0000, 0x0000, 0x0000, 0x0000,
    0x0000, 0x0000, 0x0000, 0x0000, 0x0000, 0x0000, 0x0000, 0x0000, 0x0000, 0x0000, 0x0000, 0x0000,
    0x0000, 0x0000, 0x0000, 0x0000, 0x0000, 0x0000, 0x0000, 0x0000, 0x0000, 0x0000, 0x0000, 0x0000,
    0x0000, 0x0000, 0x0000, 0x0000, 0x0000, 0x0000, 0x0000, 0x0000, 0x0000, 0x0000, 0x0000, 0x0000,
    0x0000, 0x0000, 0x0000, 0x0000, 0x0000, 0x0000, 0x0000, 0x0000, 0x0000, 0x0000, 0x0000, 0x0000,
    0x0000, 0x0000, 0x0000, 0x0000, 0x0000, 0x0000, 0x0000, 0x0000, 0x0000, 0x0000, 0x0000, 0x0000,
    0x0000, 0x0000, 0x0000, 0x0000, 0x0000, 0x0000, 0x0000, 0x0000, 0x0000, 0x0000, 0x0000, 0x0000,
    0x0000, 0x0000, 0x0000, 0x0000, 0x0000, 0x0000, 0x0000, 0x0000, 0x0000, 0x0000, 0x0000, 0x0000,
    0x0000, 0x0000, 0x0000, 0x0000, 0x0000, 0x0000, 0x0000, 0x00C1, 0x2C47, 0x3DCA, 0x3569, 0x3D69,
    0x3D69, 0x3D69, 0x3D69, 0x3D69, 0x3D69, 0x3D69, 0x3D69, 0x3D69, 0x3D69, 0x3D69, 0x3D69, 0x3569,
    0x3DCA, 0x2325, 0x0040, 0x0000, 0x0000, 0x0000, 0x0000, 0x0000, 0x0000, 0x0000, 0x0000, 0x0000,
    0x0000, 0x0000, 0x0000, 0x0020, 0x2C27, 0x3D8A, 0x3D69, 0x3D69, 0x3D69, 0x3D69, 0x3549, 0x3DAA,
    0x2C88, 0x0081, 0x0000, 0x0000, 0x0000, 0x0000, 0x0000, 0x0000, 0x0000, 0x0000, 0x0000, 0x0000,
    0x0000, 0x0000, 0x0000, 0x0000, 0x0000, 0x0000, 0x0000, 0x0000, 0x0000, 0x0000, 0x0000, 0x0000,
    0x0000, 0x0000, 0x0000, 0x0000, 0x0000, 0x0020, 0x0000, 0x0000, 0x0000, 0x0000, 0x0020, 0x0081,
    0x0000, 0x0000, 0x0000, 0x0000, 0x0000, 0x0000, 0x0000, 0x0000, 0x0000, 0x0000, 0x0000, 0x0000,
    0x0000, 0x0000, 0x0000, 0x0000, 0x0000, 0x0000, 0x0000, 0x0000, 0x0000, 0x0000, 0x0000, 0x0000,
    0x0000, 0x0000, 0x0000, 0x0000, 0x0000, 0x0000, 0x0000, 0x0000, 0x0000, 0x0000, 0x0000, 0x0000,
    0x0000, 0x0000, 0x0000, 0x0000, 0x0000, 0x0000, 0x0000, 0x0000, 0x0000, 0x0000, 0x0000, 0x0000,
    0x0000, 0x0000, 0x0000, 0x0000, 0x0000, 0x0000, 0x0000, 0x0000, 0x0000, 0x0000, 0x0000, 0x0000,
    0x0000, 0x0000, 0x0000, 0x0000, 0x0000, 0x0000, 0x0000, 0x0000, 0x0000, 0x0000, 0x0000, 0x0000,
    0x0000, 0x0000, 0x0000, 0x0000, 0x0000, 0x0000, 0x0000, 0x0000, 0x0000, 0x0000, 0x0000, 0x0000,
    0x0000, 0x0000, 0x0000, 0x0000, 0x0000, 0x0000, 0x0000, 0x0000, 0x0000, 0x0000, 0x0000, 0x0000,
    0x0000, 0x0000, 0x0000, 0x0000, 0x0000, 0x0000, 0x0000, 0x0000, 0x0000, 0x0000, 0x0000, 0x0000,
    0x0000, 0x0000, 0x0000, 0x0000, 0x0000, 0x0000, 0x0000, 0x0000, 0x0000, 0x0000, 0x0000, 0x0000,
    0x0000, 0x0000, 0x0000, 0x0000, 0x0000, 0x0000, 0x0000, 0x0000, 0x0000, 0x0000, 0x0000, 0x0000,
    0x0000, 0x0000, 0x0000, 0x0000, 0x0000, 0x0000, 0x0000, 0x0000, 0x0000, 0x0000, 0x0000, 0x0000,
    0x0000, 0x0000, 0x0000, 0x0000, 0x0000, 0x0000, 0x0000, 0x0000, 0x0000, 0x0000, 0x0000, 0x0000,
    0x0000, 0x0000, 0x0000, 0x0000, 0x0000, 0x0000, 0x0000, 0x0000, 0x08E1, 0x2C67, 0x3DCA, 0x3D69,
    0x3D69, 0x3D69, 0x3D69, 0x3D69, 0x3D69, 0x3D69, 0x3D69, 0x3D69, 0x3D69, 0x3D69, 0x3D69, 0x3D69,
    0x3D69, 0x3DCA, 0x2325, 0x0000, 0x0000, 0x0000, 0x0000, 0x0000, 0x0000, 0x0000, 0x0000, 0x0000,
    0x0000, 0x0000, 0x0000, 0x0040, 0x34E8, 0x3D6A, 0x3D69, 0x3D69, 0x3D69, 0x3D69, 0x3D69, 0x3569,
    0x11C3, 0x0000, 0x0000, 0x0000, 0x0000, 0x0000, 0x0000, 0x0000, 0x0000, 0x0000, 0x0000, 0x0000,
    0x0000, 0x0000, 0x0000, 0x0000, 0x0000, 0x0000, 0x0000, 0x0000, 0x0000, 0x0000, 0x0000, 0x0000,
    0x0000, 0x0020, 0x0020, 0x0000, 0x0000, 0x0000, 0x0000, 0x08C1, 0x11A2, 0x1AC5, 0x1B05, 0x00A1,
    0x0000, 0x0000, 0x0000, 0x0000, 0x0000, 0x0000, 0x0000, 0x0000, 0x0000, 0x0000, 0x0000, 0x0000,
    0x0000, 0x0000, 0x0000, 0x0000, 0x0000, 0x0000, 0x0000, 0x0000, 0x0000, 0x0000, 0x0000, 0x0000,
    0x0000, 0x0000, 0x0000, 0x0000, 0x0000, 0x0000, 0x0000, 0x0000, 0x0000, 0x0000, 0x0000, 0x0000,
    0x0000, 0x0000, 0x0000, 0x0000, 0x0000, 0x0000, 0x0000, 0x0000, 0x0000, 0x0000, 0x0000, 0x0000,
    0x0000, 0x0000, 0x0000, 0x0000, 0x0000, 0x0000, 0x0000, 0x0000, 0x0000, 0x0000, 0x0000, 0x0000,
    0x0000, 0x0000, 0x0000, 0x0000, 0x0000, 0x0000, 0x0000, 0x0000, 0x0000, 0x0000, 0x0000, 0x0000,
    0x0000, 0x0000, 0x0000, 0x0000, 0x0000, 0x0000, 0x0000, 0x0000, 0x0000, 0x0000, 0x0000, 0x0000,
    0x0000, 0x0000, 0x0000, 0x0000, 0x0000, 0x0000, 0x0000, 0x0000, 0x0000, 0x0000, 0x0000, 0x0000,
    0x0000, 0x0000, 0x0000, 0x0000, 0x0000, 0x0000, 0x0000, 0x0000, 0x0000, 0x0000, 0x0000, 0x0000,
    0x0000, 0x0000, 0x0000, 0x0000, 0x0000, 0x0000, 0x0000, 0x0000, 0x0000, 0x0000, 0x0000, 0x0000,
    0x0000, 0x0000, 0x0000, 0x0000, 0x0000, 0x0000, 0x0000, 0x0000, 0x0000, 0x0000, 0x0000, 0x0000,
    0x0000, 0x0000, 0x0000, 0x0000, 0x0000, 0x0000, 0x0000, 0x0000, 0x0000, 0x0000, 0x0000, 0x0000,
    0x0000, 0x0000, 0x0000, 0x0000, 0x0000, 0x0000, 0x0000, 0x0000, 0x0000, 0x0000, 0x0000, 0x0000,
    0x0000, 0x0000, 0x0000, 0x0000, 0x0000, 0x0000, 0x0020, 0x0000, 0x0000, 0x0080, 0x2C07, 0x3D8A,
    0x3D69, 0x3D69, 0x3D69, 0x3D69, 0x3D69, 0x3D69, 0x3D69, 0x3D69, 0x3D69, 0x3D69, 0x3D69, 0x3D69,
    0x3D69, 0x3D69, 0x3DAA, 0x1B05, 0x0000, 0x0000, 0x0000, 0x0000, 0x0000, 0x0000, 0x0000, 0x0000,
    0x0000, 0x0000, 0x0000, 0x0020, 0x3D89, 0x3D69, 0x3D69, 0x3D69, 0x3D69, 0x3549, 0x3DCA, 0x2345,
    0x0040, 0x0000, 0x0000, 0x0000, 0x0000, 0x0000, 0x0000, 0x0000, 0x0000, 0x0000, 0x0000, 0x0000,
    0x0000, 0x0000, 0x0000, 0x0000, 0x0000, 0x0000, 0x0000, 0x0000, 0x0000, 0x0020, 0x0020, 0x0000,
    0x0000, 0x0000, 0x0000, 0x0081, 0x11C3, 0x1AC5, 0x23A6, 0x2C47, 0x3549, 0x3D8A, 0x1203, 0x0000,
    0x0000, 0x0000, 0x0000, 0x0000, 0x0000, 0x0000, 0x0000, 0x0000, 0x0000, 0x0000, 0x0000, 0x0000,
    0x0000, 0x0000, 0x0000, 0x0000, 0x0000, 0x0000, 0x0000, 0x0000, 0x0000, 0x0000, 0x0000, 0x0000,
    0x0000, 0x0000, 0x0000, 0x0000, 0x0000, 0x0000, 0x0000, 0x0000, 0x0000, 0x0000, 0x0000, 0x0000,
    0x0000, 0x0000, 0x0000, 0x0000, 0x0000, 0x0000, 0x0000, 0x0000, 0x0000, 0x0000, 0x0000, 0x0000,
    0x0000, 0x0000, 0x0000, 0x0000, 0x0000, 0x0000, 0x0000, 0x0000, 0x0000, 0x0000, 0x0000, 0x0000,
    0x0000, 0x0000, 0x0000, 0x0000, 0x0000, 0x0000, 0x0000, 0x0000, 0x0000, 0x0000, 0x0000, 0x0000,
    0x0000, 0x0000, 0x0000, 0x0000, 0x0000, 0x0000, 0x0000, 0x0000, 0x0000, 0x0000, 0x0000, 0x0000,
    0x0000, 0x0000, 0x0000, 0x0000, 0x0000, 0x0000, 0x0000, 0x0000, 0x0000, 0x0000, 0x0000, 0x0000,
    0x0000, 0x0000, 0x0000, 0x0000, 0x0000, 0x0000, 0x0000, 0x0000, 0x0000, 0x0000, 0x0000, 0x0000,
    0x0000, 0x0000, 0x0000, 0x0000, 0x0000, 0x0000, 0x0000, 0x0000, 0x0000, 0x0000, 0x0000, 0x0000,
    0x0000, 0x0000, 0x0000, 0x0000, 0x0000, 0x0000, 0x0000, 0x0000, 0x0000, 0x0000, 0x0000, 0x0000,
    0x0000, 0x0000, 0x0000, 0x0000, 0x0000, 0x0000, 0x0000, 0x0000, 0x0000, 0x0000, 0x0000, 0x0000,
    0x0000, 0x0000, 0x0000, 0x0000, 0x0000, 0x0000, 0x0000, 0x0000, 0x0000, 0x0000, 0x0000, 0x0000,
    0x0000, 0x0000, 0x0000, 0x0000, 0x0020, 0x0000, 0x0000, 0x0020, 0x0942, 0x11E3, 0x23C6, 0x3D8A,
    0x3D69, 0x3D69, 0x3D69, 0x3D69, 0x3D69, 0x3D69, 0x3D69, 0x3D69, 0x3D69, 0x3D69, 0x3D69, 0x3D69,
    0x3D69, 0x3D69, 0x3D89, 0x3DAA, 0x1AA4, 0x0000, 0x0000, 0x0000, 0x0000, 0x0000, 0x0000, 0x0000,
    0x0000, 0x0000, 0x0000, 0x0081, 0x3DAA, 0x3D69, 0x3D69, 0x3D69, 0x3569, 0x3D8A, 0x34A8, 0x0901,
    0x0000, 0x0000, 0x0000, 0x0000, 0x0000, 0x0000, 0x0000, 0x0000, 0x0000, 0x0000, 0x0000, 0x0000,
    0x0000, 0x0000, 0x0000, 0x0000, 0x0000, 0x0000, 0x0020, 0x0000, 0x0000, 0x0000, 0x0000, 0x0060,
    0x0962, 0x1A84, 0x2386, 0x2C47, 0x3509, 0x3DCA, 0x3DCA, 0x3DEA, 0x34A8, 0x0942, 0x0000, 0x0000,
    0x0000, 0x0000, 0x0000, 0x0000, 0x0000, 0x0000, 0x0000, 0x0000, 0x0000, 0x0000, 0x0000, 0x0000,
    0x0000, 0x0000, 0x0000, 0x0000, 0x0000, 0x0000, 0x0000, 0x0000, 0x0000, 0x0000, 0x0000, 0x0000,
    0x0000, 0x0000, 0x0000, 0x0000, 0x0000, 0x0000, 0x0000, 0x0000, 0x0000, 0x0000, 0x0000, 0x0000,
    0x0000, 0x0000, 0x0000, 0x0000, 0x0000, 0x0000, 0x0000, 0x0000, 0x0000, 0x0000, 0x0000, 0x0000,
    0x0000, 0x0000, 0x0000, 0x0000, 0x0000, 0x0000, 0x0000, 0x0000, 0x0000, 0x0000, 0x0000, 0x0000,
    0x0000, 0x0000, 0x0000, 0x0000, 0x0000, 0x0000, 0x0000, 0x0000, 0x0000, 0x0000, 0x0000, 0x0000,
    0x0000, 0x0000, 0x0000, 0x0000, 0x0000, 0x0000, 0x0000, 0x0000, 0x0000, 0x0000, 0x0000, 0x0000,
    0x0000, 0x0000, 0x0000, 0x0000, 0x0000, 0x0000, 0x0000, 0x0000, 0x0000, 0x0000, 0x0000, 0x0000,
    0x0000, 0x0000, 0x0000, 0x0000, 0x0000, 0x0000, 0x0000, 0x0000, 0x0000, 0x0000, 0x0000, 0x0000,
    0x0000, 0x0000, 0x0000, 0x0000, 0x0000, 0x0000, 0x0000, 0x0000, 0x0000, 0x0000, 0x0000, 0x0000,
    0x0000, 0x0000, 0x0000, 0x0000, 0x0000, 0x0000, 0x0000, 0x0000, 0x0000, 0x0000, 0x0000, 0x0000,
    0x0000, 0x0000, 0x0000, 0x0000, 0x0000, 0x0000, 0x0000, 0x0000, 0x0000, 0x0000, 0x0000, 0x0000,
    0x0000, 0x0000, 0x0000, 0x0000, 0x0000, 0x0000, 0x0000, 0x0000, 0x0000, 0x0000, 0x0000, 0x0000,
    0x0000, 0x0000, 0x0000, 0x0000, 0x0000, 0x0901, 0x1AE5, 0x2C27, 0x34C8, 0x3549, 0x3569, 0x3D69,
    0x3D69, 0x3D69, 0x3D69, 0x3D69, 0x3D69, 0x3D69, 0x3D69, 0x3D69, 0x3D69, 0x3D69, 0x3D69, 0x3D69,
    0x3D69, 0x3D69, 0x3D69, 0x3D89, 0x3D89, 0x1A64, 0x0000, 0x0000, 0x0000, 0x0000, 0x0000, 0x0000,
    0x0000, 0x0000, 0x0000, 0x0901, 0x3D8A, 0x3D69, 0x3D69, 0x3D69, 0x3569, 0x3DCA, 0x1AC5, 0x0000,
    0x0000, 0x0000, 0x0000, 0x0000, 0x0000, 0x0000, 0x0000, 0x0000, 0x0000, 0x0000, 0x0000, 0x0000,
    0x0000, 0x0000, 0x0000, 0x0000, 0x0000, 0x0000, 0x0000, 0x0000, 0x0901, 0x1A84, 0x23A6, 0x2C67,
    0x34E8, 0x3D69, 0x3DEA, 0x3DCA, 0x3D8A, 0x3529, 0x3DCA, 0x2C27, 0x08E1, 0x0000, 0x0000, 0x0000,
    0x0000, 0x0000, 0x0000, 0x0000, 0x0000, 0x0000, 0x0000, 0x0000, 0x0000, 0x0000, 0x0000, 0x0000,
    0x0000, 0x0000, 0x0000, 0x0000, 0x0000, 0x0000, 0x0000, 0x0000, 0x0000, 0x0000, 0x0000, 0x0000,
    0x0000, 0x0000, 0x0000, 0x0000, 0x0000, 0x0000, 0x0000, 0x0000, 0x0000, 0x0000, 0x0000, 0x0000,
    0x0000, 0x0000, 0x0000, 0x0000, 0x0000, 0x0000, 0x0000, 0x0000, 0x0000, 0x0000, 0x0000, 0x0000,
    0x0000, 0x0000, 0x0000, 0x0000, 0x0000, 0x0000, 0x0000, 0x0000, 0x0000, 0x0000, 0x0000, 0x0000,
    0x0000, 0x0000, 0x0000, 0x0000, 0x0000, 0x0000, 0x0000, 0x0000, 0x0000, 0x0000, 0x0000, 0x0000,
    0x0000, 0x0000, 0x0000, 0x0000, 0x0000, 0x0000, 0x0000, 0x0000, 0x0000, 0x0000, 0x0000, 0x0000,
    0x0000, 0x0000, 0x0000, 0x0000, 0x0000, 0x0000, 0x0000, 0x0000, 0x0000, 0x0000, 0x0000, 0x0000,
    0x0000, 0x0000, 0x0000, 0x0000, 0x0000, 0x0000, 0x0000, 0x0000, 0x0000, 0x0000, 0x0000, 0x0000,
    0x0000, 0x0000, 0x0000, 0x0000, 0x0000, 0x0000, 0x0000, 0x0000, 0x0000, 0x0000, 0x0000, 0x0000,
    0x0000, 0x0000, 0x0000, 0x0000, 0x0000, 0x0000, 0x0000, 0x0000, 0x0000, 0x0000, 0x0000, 0x0000,
    0x0000, 0x0000, 0x0000, 0x0000, 0x0000, 0x0000, 0x0000, 0x0000, 0x0000, 0x0000, 0x0000, 0x0000,
    0x0000, 0x0000, 0x0000, 0x0000, 0x0000, 0x0000, 0x0000, 0x0000, 0x0000, 0x0000, 0x0000, 0x0000,
    0x0000, 0x0000, 0x0040, 0x1A44, 0x2C07, 0x34E8, 0x3D8A, 0x3DCA, 0x3DAA, 0x3D8A, 0x3D89, 0x3D69,
    0x3D69, 0x3D69, 0x3D69, 0x3D69, 0x3D69, 0x3D69, 0x3D69, 0x3D69, 0x3D69, 0x3D69, 0x3D69, 0x3D69,
    0x3D69, 0x3D69, 0x3D69, 0x3D69, 0x3D8A, 0x3569, 0x11E3, 0x0000, 0x0000, 0x0000, 0x0000, 0x0000,
    0x0000, 0x0000, 0x0000, 0x0901, 0x3D8A, 0x3D69, 0x3D69, 0x3569, 0x3DAA, 0x2C88, 0x08E1, 0x0000,
    0x0000, 0x0000, 0x0000, 0x0000, 0x0000, 0x0000, 0x0000, 0x0000, 0x0000, 0x0000, 0x0000, 0x0000,
    0x0000, 0x0000, 0x0000, 0x0000, 0x00A1, 0x1223, 0x2386, 0x2C68, 0x34C8, 0x3549, 0x3DCA, 0x3DCA,
    0x3DAA, 0x3D89, 0x3569, 0x3569, 0x3549, 0x3DCA, 0x23A6, 0x0081, 0x0000, 0x0000, 0x0000, 0x0000,
    0x0000, 0x0000, 0x0000, 0x0000, 0x0000, 0x0000, 0x0000, 0x0000, 0x0000, 0x0000, 0x0000, 0x0000,
    0x0000, 0x0000, 0x0000, 0x0000, 0x0000, 0x0000, 0x0000, 0x0000, 0x0000, 0x0000, 0x0000, 0x0000,
    0x0000, 0x0000, 0x0000, 0x0000, 0x0000, 0x0000, 0x0000, 0x0000, 0x0000, 0x0000, 0x0000, 0x0000,
    0x0000, 0x0000, 0x0000, 0x0000, 0x0000, 0x0000, 0x0000, 0x0000, 0x0000, 0x0000, 0x0000, 0x0000,
    0x0000, 0x0000, 0x0000, 0x0000, 0x0000, 0x0000, 0x0000, 0x0000, 0x0000, 0x0000, 0x0000, 0x0000,
    0x0000, 0x0000, 0x0000, 0x0000, 0x0000, 0x0000, 0x0000, 0x0000, 0x0000, 0x0000, 0x0000, 0x0000,
    0x0000, 0x0000, 0x0000, 0x0000, 0x0000, 0x0000, 0x0000, 0x0000, 0x0000, 0x0000, 0x0000, 0x0000,
    0x0000, 0x0000, 0x0000, 0x0000, 0x0000, 0x0000, 0x0000, 0x0000, 0x0000, 0x0000, 0x0000, 0x0000,
    0x0000, 0x0000, 0x0000, 0x0000, 0x0000, 0x0000, 0x0000, 0x0000, 0x0000, 0x0000, 0x0000, 0x0000,
    0x0000, 0x0000, 0x0000, 0x0000, 0x0000, 0x0000, 0x0000, 0x0000, 0x0000, 0x0000, 0x0000, 0x0000,
    0x0000, 0x0000, 0x0000, 0x0000, 0x0000, 0x0000, 0x0000, 0x0000, 0x0000, 0x0000, 0x0000, 0x0000,
    0x0000, 0x0000, 0x0000, 0x0000, 0x0000, 0x0000, 0x0000, 0x0000, 0x0000, 0x0000, 0x0000, 0x0000,
    0x0000, 0x0000, 0x0000, 0x0000, 0x0000, 0x0000, 0x0000, 0x0000, 0x0000, 0x0000, 0x0000, 0x0000,
    0x08C1, 0x2346, 0x34C8, 0x3549, 0x3DAA, 0x3DAA, 0x3D69, 0x3569, 0x3D69, 0x3D69, 0x3D69, 0x3D69,
    0x3D69, 0x3D69, 0x3D69, 0x3D69, 0x3D69, 0x3D69, 0x3D69, 0x3D69, 0x3D69, 0x3D69, 0x3D69, 0x3D69,
    0x3D69, 0x3D69, 0x3D69, 0x3D69, 0x3569, 0x3DAA, 0x34E8, 0x0942, 0x0000, 0x0000, 0x0000, 0x0000,
    0x0000, 0x0000, 0x0000, 0x0922, 0x3D8A, 0x3D69, 0x3D69, 0x3549, 0x3DEA, 0x2325, 0x0000, 0x0020,
    0x0000, 0x0000, 0x0000, 0x0000, 0x0000, 0x0000, 0x0000, 0x0000, 0x0000, 0x0000, 0x0000, 0x0000,
    0x0000, 0x0942, 0x1B05, 0x2C68, 0x34E8, 0x3529, 0x3DAA, 0x3DCA, 0x3DAA, 0x3D8A, 0x3D69, 0x3569,
    0x3D69, 0x3D69, 0x3D69, 0x3D69, 0x3D8A, 0x1AE5, 0x0040, 0x0000, 0x0000, 0x0000, 0x0000, 0x0000,
    0x0000, 0x0000, 0x0000, 0x0000, 0x0000, 0x0000, 0x0000, 0x0000, 0x0000, 0x0000, 0x0000, 0x0000,
    0x0000, 0x0000, 0x0000, 0x0000, 0x0000, 0x0000, 0x0000, 0x0000, 0x0000, 0x0000, 0x0000, 0x0000,
    0x0000, 0x0000, 0x0000, 0x0000, 0x0000, 0x0000, 0x0000, 0x0000, 0x0000, 0x0000, 0x0000, 0x0000,
    0x0000, 0x0000, 0x0000, 0x0000, 0x0000, 0x0000, 0x0000, 0x0000, 0x0000, 0x0000, 0x0000, 0x0000,
    0x0000, 0x0000, 0x0000, 0x0000, 0x0000, 0x0000, 0x0000, 0x0000, 0x0000, 0x0000, 0x0000, 0x0000,
    0x0000, 0x0000, 0x0000, 0x0000, 0x0000, 0x0000, 0x0000, 0x0000, 0x0000, 0x0000, 0x0000, 0x0000,
    0x0000, 0x0000, 0x0000, 0x0000, 0x0000, 0x0000, 0x0000, 0x0000, 0x0000, 0x0000, 0x0000, 0x0000,
    0x0000, 0x0000, 0x0000, 0x0000, 0x0000, 0x0000, 0x0000, 0x0000, 0x0000, 0x0000, 0x0000, 0x0000,
    0x0000, 0x0000, 0x0000, 0x0000, 0x0000, 0x0000, 0x0000, 0x0000, 0x0000, 0x0000, 0x0000, 0x0000,
    0x0000, 0x0000, 0x0000, 0x0000, 0x0000, 0x0000, 0x0000, 0x0000, 0x0000, 0x0000, 0x0000, 0x0000,
    0x0000, 0x0000, 0x0000, 0x0000, 0x0000, 0x0000, 0x0000, 0x0000, 0x0000, 0x0000, 0x0000, 0x0000,
    0x0000, 0x0000, 0x0000, 0x0000, 0x0000, 0x0000, 0x0000, 0x0000, 0x0000, 0x0000, 0x0000, 0x0000,
    0x0000, 0x0000, 0x0000, 0x0000, 0x0000, 0x0000, 0x0000, 0x0000, 0x0000, 0x0000, 0x08C1, 0x23A6,
    0x3529, 0x3D69, 0x3DAA, 0x3D8A, 0x3D69, 0x3D69, 0x3D69, 0x3D69, 0x3D69, 0x3D69, 0x3D69, 0x3D69,
    0x3D69, 0x3D69, 0x3D69, 0x3D69, 0x3D69, 0x3D69, 0x3D69, 0x3D69, 0x3D69, 0x3D69, 0x3D69, 0x3D69,
    0x3D69, 0x3D69, 0x3D69, 0x3D69, 0x3D69, 0x3569, 0x3DCA, 0x2C27, 0x00A1, 0x0000, 0x0000, 0x0000,
    0x0000, 0x0000, 0x0000, 0x0901, 0x3D8A, 0x3D69, 0x3D69, 0x3D8A, 0x34E9, 0x1182, 0x0000, 0x0000,
    0x0000, 0x0000, 0x0000, 0x0000, 0x0000, 0x0000, 0x0000, 0x0000, 0x0000, 0x0000, 0x08E1, 0x2325,
    0x34C8, 0x3529, 0x3D69, 0x3DAA, 0x3DAA, 0x3D8A, 0x3D69, 0x3D69, 0x3D69, 0x3D69, 0x3D69, 0x3D69,
    0x3D69, 0x3D69, 0x3DAA, 0x3509, 0x1223, 0x0000, 0x0000, 0x0000, 0x0000, 0x0000, 0x0000, 0x0000,
    0x0000, 0x0000, 0x0000, 0x0000, 0x0000, 0x0000, 0x0000, 0x0000, 0x0000, 0x0000, 0x0000, 0x0000,
    0x0000, 0x0000, 0x0000, 0x0000, 0x0000, 0x0000, 0x0000, 0x0000, 0x0000, 0x0000, 0x0000, 0x0000,
    0x0000, 0x0000, 0x0000, 0x0000, 0x0000, 0x0000, 0x0000, 0x0000, 0x0000, 0x0000, 0x0000, 0x0000,
    0x0000, 0x0000, 0x0000, 0x0000, 0x0000, 0x0000, 0x0000, 0x0000, 0x0000, 0x0000, 0x0000, 0x0000,
    0x0000, 0x0000, 0x0000, 0x0000, 0x0000, 0x0000, 0x0000, 0x0000, 0x0000, 0x0000, 0x0000, 0x0000,
    0x0000, 0x0000, 0x0000, 0x0000, 0x0000, 0x0000, 0x0000, 0x0000, 0x0000, 0x0000, 0x0000, 0x0000,
    0x0000, 0x0000, 0x0000, 0x0000, 0x0000, 0x0000, 0x0000, 0x0000, 0x0000, 0x0000, 0x0000, 0x0000,
    0x0000, 0x0000, 0x0000, 0x0000, 0x0000, 0x0000, 0x0000, 0x0000, 0x0000, 0x0000, 0x0000, 0x0000,
    0x0000, 0x0000, 0x0000, 0x0000, 0x0000, 0x0000, 0x0000, 0x0000, 0x0000, 0x0000, 0x0000, 0x0000,
    0x0000, 0x0000, 0x0000, 0x0000, 0x0000, 0x0000, 0x0000, 0x0000, 0x0000, 0x0000, 0x0000, 0x0000,
    0x0000, 0x0000, 0x0000, 0x0000, 0x0000, 0x0000, 0x0000, 0x0000, 0x0000, 0x0000, 0x0000, 0x0000,
    0x0000, 0x0000, 0x0000, 0x0000, 0x0000, 0x0000, 0x0000, 0x0000, 0x0000, 0x0000, 0x0000, 0x0000,
    0x0000, 0x0000, 0x0000, 0x0000, 0x0000, 0x0000, 0x0000, 0x0000, 0x08C1, 0x2366, 0x3549, 0x3D89,
    0x3D8A, 0x3D89, 0x3D69, 0x3D69, 0x3D69, 0x3D69, 0x3D69, 0x3D69, 0x3D69, 0x3D69, 0x3D69, 0x3D69,
    0x3D69, 0x3D69, 0x3D69, 0x3D69, 0x3D69, 0x3D69, 0x3D69, 0x3D69, 0x3D69, 0x3D69, 0x3D69, 0x3D69,
    0x3D69, 0x3D69, 0x3D69, 0x3D69, 0x3D69, 0x3D69, 0x3569, 0x3DEA, 0x2325, 0x0000, 0x0000, 0x0000,
    0x0000, 0x0000, 0x0000, 0x08C1, 0x3DAA, 0x3D69, 0x3569, 0x3DCA, 0x2C07, 0x0000, 0x0000, 0x0000,
    0x0000, 0x0000, 0x0000, 0x0000, 0x0000, 0x0000, 0x0000, 0x0000, 0x11A3, 0x2C07, 0x3549, 0x3D69,
    0x3DAA, 0x3D8A, 0x3D8A, 0x3D69, 0x3D69, 0x3D69, 0x3D69, 0x3D69, 0x3D69, 0x3D69, 0x3D69, 0x3D69,
    0x3D8A, 0x3DAA, 0x2C27, 0x08C1, 0x0000, 0x0000, 0x0000, 0x0000, 0x0000, 0x0000, 0x0000, 0x0000,
    0x0000, 0x0000, 0x0000, 0x0000, 0x0000, 0x0000, 0x0000, 0x0000, 0x0000, 0x0000, 0x0000, 0x0000,
    0x0000, 0x0000, 0x0000, 0x0000, 0x0000, 0x0000, 0x0000, 0x0000, 0x0000, 0x0000, 0x0000, 0x0000,
    0x0000, 0x0000, 0x0000, 0x0000, 0x0000, 0x0000, 0x0000, 0x0000, 0x0000, 0x0000, 0x0000, 0x0000,
    0x0000, 0x0000, 0x0000, 0x0000, 0x0000, 0x0000, 0x0000, 0x0000, 0x0000, 0x0000, 0x0000, 0x0000,
    0x0000, 0x0000, 0x0000, 0x0000, 0x0000, 0x0000, 0x0000, 0x0000, 0x0000, 0x0000, 0x0000, 0x0000,
    0x0000, 0x0000, 0x0000, 0x0000, 0x0000, 0x0000, 0x0000, 0x0000, 0x0000, 0x0000, 0x0000, 0x0000,
    0x0000, 0x0000, 0x0000, 0x0000, 0x0000, 0x0000, 0x0000, 0x0000, 0x0000, 0x0000, 0x0000, 0x0000,
    0x0000, 0x0000, 0x0000, 0x0000, 0x0000, 0x0000, 0x0000, 0x0000, 0x0000, 0x0000, 0x0000, 0x0000,
    0x0000, 0x0000, 0x0000, 0x0000, 0x0000, 0x0000, 0x0000, 0x0000, 0x0000, 0x0000, 0x0000, 0x0000,
    0x0000, 0x0000, 0x0000, 0x0000, 0x0000, 0x0000, 0x0000, 0x0000, 0x0000, 0x0000, 0x0000, 0x0000,
    0x0000, 0x0000, 0x0000, 0x0000, 0x0000, 0x0000, 0x0000, 0x0000, 0x0000, 0x0000, 0x0000, 0x0000,
    0x0000, 0x0000, 0x0000, 0x0000, 0x0000, 0x0000, 0x0000, 0x0000, 0x0000, 0x0000, 0x0000, 0x0000,
    0x0000, 0x0000, 0x0000, 0x0000, 0x0000, 0x0000, 0x0942, 0x2C07, 0x3D8A, 0x3D8A, 0x3D8A, 0x3D69,
    0x3D69, 0x3D69, 0x3D69, 0x3D69, 0x3D69, 0x3D69, 0x3D69, 0x3D69, 0x3D69, 0x3D69, 0x3D69, 0x3D69,
    0x3D69, 0x3D69, 0x3D69, 0x3D69, 0x3D69, 0x3D89, 0x3D89, 0x3D89, 0x3D89, 0x3D89, 0x3D69, 0x3D69,
    0x3D69, 0x3D69, 0x3D69, 0x3D69, 0x3D69, 0x3D69, 0x3D69, 0x3569, 0x3DAA, 0x1223, 0x0000, 0x0000,
    0x0000, 0x0000, 0x0000, 0x0060, 0x3DAA, 0x3D69, 0x3D69, 0x3DAA, 0x2305, 0x0000, 0x0020, 0x0000,
    0x0000, 0x0000, 0x0000, 0x0000, 0x0000, 0x0000, 0x0901, 0x2C47, 0x3D8A, 0x3D8A, 0x3D8A, 0x3D89,
    0x3D69, 0x3D69, 0x3D69, 0x3D69, 0x3D69, 0x3D69, 0x3D69, 0x3D69, 0x3D69, 0x3D69, 0x3D8A, 0x3D8A,
    0x3529, 0x1AC5, 0x0000, 0x0000, 0x0000, 0x0000, 0x0000, 0x0000, 0x0000, 0x0000, 0x0000, 0x0000,
    0x0000, 0x0000, 0x0000, 0x0000, 0x0000, 0x0000, 0x0000, 0x0000, 0x0000, 0x0000, 0x0000, 0x0000,
    0x0000, 0x0000, 0x0000, 0x0000, 0x0000, 0x0000, 0x0000, 0x0000, 0x0000, 0x0000, 0x0000, 0x0000,
    0x0000, 0x0000, 0x0000, 0x0000, 0x0000, 0x0000, 0x0000, 0x0000, 0x0000, 0x0000, 0x0000, 0x0000,
    0x0000, 0x0000, 0x0000, 0x0000, 0x0000, 0x0000, 0x0000, 0x0000, 0x0000, 0x0000, 0x0000, 0x0000,
    0x0000, 0x0000, 0x0000, 0x0000, 0x0000, 0x0000, 0x0000, 0x0000, 0x0000, 0x0000, 0x0000, 0x0000,
    0x0000, 0x0000, 0x0000, 0x0000, 0x0000, 0x0000, 0x0000, 0x0000, 0x0000, 0x0000, 0x0000, 0x0000,
    0x0000, 0x0000, 0x0000, 0x0000, 0x0000, 0x0000, 0x0000, 0x0000, 0x0000, 0x0000, 0x0000, 0x0000,
    0x0000, 0x0000, 0x0000, 0x0000, 0x0000, 0x0000, 0x0000, 0x0000, 0x0000, 0x0000, 0x0000, 0x0000,
    0x0000, 0x0000, 0x0000, 0x0000, 0x0000, 0x0000, 0x0000, 0x0000, 0x0000, 0x0000, 0x0000, 0x0000,
    0x0000, 0x0000, 0x0000, 0x0000, 0x0000, 0x0000, 0x0000, 0x0000, 0x0000, 0x0000, 0x0000, 0x0000,
    0x0000, 0x0000, 0x0000, 0x0000, 0x0000, 0x0000, 0x0000, 0x0000, 0x0000, 0x0000, 0x0000, 0x0000,
    0x0000, 0x0000, 0x0000, 0x0000, 0x0000, 0x0000, 0x0000, 0x0000, 0x0000, 0x0000, 0x0000, 0x0000,
    0x0000, 0x0000, 0x0000, 0x0000, 0x00A1, 0x2386, 0x3DAA, 0x3D8A, 0x3D89, 0x3D69, 0x3D69, 0x3D69,
    0x3D69, 0x3D69, 0x3D69, 0x3D69, 0x3D69, 0x3D69, 0x3D69, 0x3D69, 0x3D8A, 0x3D8A, 0x3D8A, 0x3DAA,
    0x3DAA, 0x3DAA, 0x3DAA, 0x3DAA, 0x3DAA, 0x3D8A, 0x3D8A, 0x3D8A, 0x3D8A, 0x3D8A, 0x3DAA, 0x3DAA,
    0x3DAA, 0x3DAA, 0x3D8A, 0x3D8A, 0x3D8A, 0x3D69, 0x3D69, 0x3569, 0x3D6A, 0x3509, 0x0922, 0x0000,
    0x0000, 0x0000, 0x0000, 0x0040, 0x3549, 0x3D69, 0x3D8A, 0x3509, 0x11A3, 0x0000, 0x0000, 0x0000,
    0x0000, 0x0000, 0x0000, 0x0000, 0x0040, 0x1AE5, 0x3DAA, 0x3D8A, 0x3D89, 0x3D69, 0x3D69, 0x3D69,
    0x3D69, 0x3D69, 0x3D69, 0x3D69, 0x3D69, 0x3D69, 0x3D69, 0x3D69, 0x3D8A, 0x3DAA, 0x3549, 0x23E7,
    0x08E1, 0x0000, 0x0000, 0x0000, 0x0000, 0x0000, 0x0000, 0x0000, 0x0000, 0x0000, 0x0000, 0x0000,
    0x0000, 0x0000, 0x0000, 0x0000, 0x0000, 0x0000, 0x0000, 0x0000, 0x0000, 0x0000, 0x0000, 0x0000,
    0x0000, 0x0000, 0x0000, 0x0000, 0x0000, 0x0000, 0x0000, 0x0000, 0x0000, 0x0000, 0x0000, 0x0000,
    0x0000, 0x0000, 0x0000, 0x0000, 0x0000, 0x0000, 0x0000, 0x0000, 0x0000, 0x0000, 0x0000, 0x0000,
    0x0000, 0x0000, 0x0000, 0x0000, 0x0000, 0x0000, 0x0000, 0x0000, 0x0000, 0x0000, 0x0000, 0x0000,
    0x0000, 0x0000, 0x0000, 0x0000, 0x0000, 0x0000, 0x0000, 0x0000, 0x0000, 0x0000, 0x0000, 0x0000,
    0x0000, 0x0000, 0x0000, 0x0000, 0x0000, 0x0000, 0x0000, 0x0000, 0x0000, 0x0000, 0x0000, 0x0000,
    0x0000, 0x0000, 0x0000, 0x0000, 0x0000, 0x0000, 0x0000, 0x0000, 0x0000, 0x0000, 0x0000, 0x0000,
    0x0000, 0x0000, 0x0000, 0x0000, 0x0000, 0x0000, 0x0000, 0x0000, 0x0000, 0x0000, 0x0000, 0x0000,
    0x0000, 0x0000, 0x0000, 0x0000, 0x0000, 0x0000, 0x0000, 0x0000, 0x0000, 0x0000, 0x0000, 0x0000,
    0x0000, 0x0000, 0x0000, 0x0000, 0x0000, 0x0000, 0x0000, 0x0000, 0x0000, 0x0000, 0x0000, 0x0000,
    0x0000, 0x0000, 0x0000, 0x0000, 0x0000, 0x0000, 0x0000, 0x0000, 0x0000, 0x0000, 0x0000, 0x0000,
    0x0000, 0x0000, 0x0000, 0x0000, 0x0000, 0x0000, 0x0000, 0x0000, 0x0000, 0x0000, 0x0000, 0x0000,
    0x0000, 0x0000, 0x0081, 0x1244, 0x3529, 0x3DAA, 0x3D69, 0x3D69, 0x3D69, 0x3D69, 0x3D69, 0x3D69,
    0x3569, 0x3D69, 0x3D8A, 0x3DAA, 0x3DAA, 0x3DCA, 0x3DCA, 0x3DAA, 0x3D69, 0x3529, 0x3529, 0x3509,
    0x34E9, 0x34E8, 0x34A8, 0x34A8, 0x2C27, 0x2366, 0x2366, 0x2366, 0x2366, 0x2366, 0x23E7, 0x2C67,
    0x2CA8, 0x34E9, 0x3529, 0x3549, 0x3D69, 0x3DAA, 0x3DCA, 0x3DAA, 0x3D69, 0x3DAA, 0x23A6, 0x0040,
    0x0000, 0x0000, 0x0000, 0x0020, 0x34A8, 0x3D69, 0x3DAA, 0x2C88, 0x00A1, 0x0000, 0x0000, 0x0000,
    0x0000, 0x0000, 0x0000, 0x08E1, 0x2C88, 0x3DAA, 0x3D69, 0x3D69, 0x3D69, 0x3D69, 0x3D69, 0x3D69,
    0x3D69, 0x3D69, 0x3D69, 0x3D69, 0x3D69, 0x3D69, 0x3D8A, 0x3DCA, 0x3569, 0x2CA8, 0x11E3, 0x0000,
    0x0000, 0x0000, 0x0000, 0x0000, 0x0000, 0x0000, 0x0000, 0x0000, 0x0000, 0x0000, 0x0000, 0x0000,
    0x0000, 0x0000, 0x0000, 0x0000, 0x0000, 0x0000, 0x0000, 0x0000, 0x0000, 0x0000, 0x0000, 0x0000,
    0x0000, 0x0000, 0x0000, 0x0000, 0x0000, 0x0000, 0x0000, 0x0000, 0x0000, 0x0000, 0x0000, 0x0000,
    0x0000, 0x0000, 0x0000, 0x0000, 0x0000, 0x0000, 0x0000, 0x0000, 0x0000, 0x0000, 0x0000, 0x0000,
    0x0000, 0x0000, 0x0000, 0x0000, 0x0000, 0x0000, 0x0000, 0x0000, 0x0000, 0x0000, 0x0000, 0x0000,
    0x0000, 0x0000, 0x0000, 0x0000, 0x0000, 0x0000, 0x0000, 0x0000, 0x0000, 0x0000, 0x0000, 0x0000,
    0x0000, 0x0000, 0x0000, 0x0000, 0x0000, 0x0000, 0x0000, 0x0000, 0x0000, 0x0000, 0x0000, 0x0000,
    0x0000, 0x0000, 0x0000, 0x0000, 0x0000, 0x0000, 0x0000, 0x0000, 0x0000, 0x0000, 0x0000, 0x0000,
    0x0000, 0x0000, 0x0000, 0x0000, 0x0000, 0x0000, 0x0000, 0x0000, 0x0000, 0x0000, 0x0000, 0x0000,
    0x0000, 0x0000, 0x0000, 0x0000, 0x0000, 0x0000, 0x0000, 0x0000, 0x0000, 0x0000, 0x0000, 0x0000,
    0x0000, 0x0000, 0x0000, 0x0000, 0x0000, 0x0000, 0x0000, 0x0000, 0x0000, 0x0000, 0x0000, 0x0000,
    0x0000, 0x0000, 0x0000, 0x0000, 0x0000, 0x0000, 0x0000, 0x0000, 0x0000, 0x0000, 0x0000, 0x0000,
    0x0000, 0x0000, 0x0000, 0x0000, 0x0000, 0x0000, 0x0000, 0x0000, 0x0000, 0x0000, 0x0000, 0x0000,
    0x0060, 0x11E3, 0x2CA8, 0x3DCA, 0x3D69, 0x3569, 0x3D69, 0x3569, 0x3549, 0x3D69, 0x3D8A, 0x3DAA,
    0x3DCA, 0x3DAA, 0x3549, 0x3508, 0x34A8, 0x2C68, 0x2C47, 0x2386, 0x1AE5, 0x1203, 0x11A3, 0x0942,
    0x08E1, 0x0081, 0x0040, 0x0000, 0x0000, 0x0000, 0x0000, 0x0000, 0x0000, 0x0000, 0x0000, 0x0000,
    0x0000, 0x08E1, 0x11E3, 0x1A64, 0x1AE5, 0x23C6, 0x2C88, 0x34C8, 0x3549, 0x3D8A, 0x3E2B, 0x1AA4,
    0x0020, 0x0000, 0x0000, 0x0020, 0x2C27, 0x3D69, 0x3DCA, 0x2C07, 0x0000, 0x0000, 0x0000, 0x0000,
    0x0000, 0x0000, 0x0942, 0x3529, 0x3DAA, 0x3569, 0x3D69, 0x3D69, 0x3D69, 0x3D69, 0x3D69, 0x3D69,
    0x3D69, 0x3D69, 0x3D69, 0x3D69, 0x3D69, 0x3D8A, 0x3529, 0x34A8, 0x1AA4, 0x0020, 0x0000, 0x0000,
    0x0000, 0x0000, 0x0000, 0x0000, 0x0000, 0x0000, 0x0000, 0x0000, 0x0000, 0x0000, 0x0000, 0x0000,
    0x0000, 0x0000, 0x0000, 0x0000, 0x0000, 0x0000, 0x0000, 0x0000, 0x0000, 0x0000, 0x0000, 0x0000,
    0x0000, 0x0000, 0x0000, 0x0000, 0x0000, 0x0000, 0x0000, 0x0000, 0x0000, 0x0000, 0x0000, 0x0000,
    0x0000, 0x0000, 0x0000, 0x0000, 0x0000, 0x0000, 0x0000, 0x0000, 0x0000, 0x0000, 0x0000, 0x0000,
    0x0000, 0x0000, 0x0000, 0x0000, 0x0000, 0x0000, 0x0000, 0x0000, 0x0000, 0x0000, 0x0000, 0x0000,
    0x0000, 0x0000, 0x0000, 0x0000, 0x0000, 0x0000, 0x0000, 0x0000, 0x0000, 0x0000, 0x0000, 0x0000,
    0x0000, 0x0000, 0x0000, 0x0000, 0x0000, 0x0000, 0x0000, 0x0000, 0x0000, 0x0000, 0x0000, 0x0000,
    0x0000, 0x0000, 0x0000, 0x0000, 0x0000, 0x0000, 0x0000, 0x0000, 0x0000, 0x0000, 0x0000, 0x0000,
    0x0000, 0x0000, 0x0000, 0x0000, 0x0000, 0x0000, 0x0000, 0x0000, 0x0000, 0x0000, 0x0000, 0x0000,
    0x0000, 0x0000, 0x0000, 0x0000, 0x0000, 0x0000, 0x0000, 0x0000, 0x0000, 0x0000, 0x0000, 0x0000,
    0x0000, 0x0000, 0x0000, 0x0000, 0x0000, 0x0000, 0x0000, 0x0000, 0x0000, 0x0000, 0x0000, 0x0000,
    0x0000, 0x0000, 0x0000, 0x0000, 0x0000, 0x0000, 0x0000, 0x0000, 0x0000, 0x0000, 0x0000, 0x0000,
    0x0000, 0x0000, 0x0000, 0x0000, 0x0000, 0x0000, 0x0000, 0x0000, 0x0000, 0x0000, 0x0000, 0x0962,
    0x2BE7, 0x3DAA, 0x3D8A, 0x3549, 0x3549, 0x3D89, 0x3DAA, 0x3DCA, 0x3DEA, 0x3D8A, 0x3509, 0x2C88,
    0x2C27, 0x2366, 0x1A44, 0x0982, 0x08C1, 0x0020, 0x0000, 0x0000, 0x0000, 0x0000, 0x0000, 0x0000,
    0x0000, 0x0000, 0x0000, 0x0000, 0x0020, 0x0000, 0x0000, 0x0000, 0x0000, 0x0000, 0x0000, 0x0020,
    0x0000, 0x0000, 0x0000, 0x0000, 0x0000, 0x0000, 0x0000, 0x0942, 0x1A64, 0x2366, 0x2C07, 0x2386,
    0x0060, 0x0000, 0x0000, 0x0000, 0x2346, 0x3D8A, 0x3DAA, 0x2366, 0x0000, 0x0020, 0x0000, 0x0000,
    0x0000, 0x0942, 0x3509, 0x3D8A, 0x3D69, 0x3D69, 0x3D69, 0x3D69, 0x3D69, 0x3D69, 0x3D69, 0x3D69,
    0x3D69, 0x3D69, 0x3D69, 0x3D69, 0x3D69, 0x3D89, 0x2365, 0x0000, 0x0000, 0x0020, 0x0000, 0x0000,
    0x0000, 0x0000, 0x0000, 0x0000, 0x0000, 0x0000, 0x0000, 0x0000, 0x0000, 0x0000, 0x0000, 0x0000,
    0x0000, 0x0000, 0x0000, 0x0000, 0x0000, 0x0000, 0x0000, 0x0000, 0x0000, 0x0000, 0x0000, 0x0000,
    0x0000, 0x0000, 0x0000, 0x0000, 0x0000, 0x0000, 0x0000, 0x0000, 0x0000, 0x0000, 0x0000, 0x0000,
    0x0000, 0x0000, 0x0000, 0x0000, 0x0000, 0x0000, 0x0000, 0x0000, 0x0000, 0x0000, 0x0000, 0x0000,
    0x0000, 0x0000, 0x0000, 0x0000, 0x0000, 0x0000, 0x0000, 0x0000, 0x0000, 0x0000, 0x0000, 0x0000,
    0x0000, 0x0000, 0x0000, 0x0000, 0x0000, 0x0000, 0x0000, 0x0000, 0x0000, 0x0000, 0x0000, 0x0000,
    0x0000, 0x0000, 0x0000, 0x0000, 0x0000, 0x0000, 0x0000, 0x0000, 0x0000, 0x0000, 0x0000, 0x0000,
    0x0000, 0x0000, 0x0000, 0x0000, 0x0000, 0x0000, 0x0000, 0x0000, 0x0000, 0x0000, 0x0000, 0x0000,
    0x0000, 0x0000, 0x0000, 0x0000, 0x0000, 0x0000, 0x0000, 0x0000, 0x0000, 0x0000, 0x0000, 0x0000,
    0x0000, 0x0000, 0x0000, 0x0000, 0x0000, 0x0000, 0x0000, 0x0000, 0x0000, 0x0000, 0x0000, 0x0000,
    0x0000, 0x0000, 0x0000, 0x0000, 0x0000, 0x0000, 0x0000, 0x0000, 0x0000, 0x0000, 0x0000, 0x0000,
    0x0000, 0x0000, 0x0000, 0x0000, 0x0000, 0x0000, 0x0000, 0x0000, 0x0000, 0x0000, 0x0000, 0x0000,
    0x0000, 0x0000, 0x0000, 0x0000, 0x0000, 0x0000, 0x0000, 0x0000, 0x0000, 0x08E1, 0x1B05, 0x3D69,
    0x3DAA, 0x3529, 0x3D69, 0x3DAA, 0x3DEA, 0x3D69, 0x34C8, 0x2C27, 0x2386, 0x1AC4, 0x11C3, 0x08E1,
    0x0000, 0x0000, 0x0000, 0x0000, 0x0000, 0x0000, 0x0020, 0x0020, 0x0000, 0x0000, 0x0000, 0x0000,
    0x0000, 0x0000, 0x0000, 0x0000, 0x0000, 0x0000, 0x0000, 0x0000, 0x0000, 0x0000, 0x0000, 0x0000,
    0x0000, 0x0000, 0x0000, 0x0000, 0x0000, 0x0020, 0x0000, 0x0000, 0x0000, 0x0000, 0x0000, 0x0000,
    0x0000, 0x0000, 0x0000, 0x0000, 0x1A64, 0x3DAA, 0x3569, 0x1AE5, 0x0000, 0x0020, 0x0000, 0x0000,
    0x0922, 0x34E8, 0x3D89, 0x3549, 0x3D69, 0x3D69, 0x3D69, 0x3D69, 0x3D69, 0x3D69, 0x3D69, 0x3D69,
    0x3D69, 0x3D69, 0x3D69, 0x3D69, 0x3D69, 0x3549, 0x2C07, 0x1244, 0x08C1, 0x0000, 0x0000, 0x0000,
    0x0000, 0x0000, 0x0000, 0x0000, 0x0000, 0x0000, 0x0000, 0x0000, 0x0000, 0x0000, 0x0000, 0x0000,
    0x0000, 0x0000, 0x0000, 0x0000, 0x0000, 0x0000, 0x0000, 0x0000, 0x0000, 0x0000, 0x0000, 0x0000,
    0x0000, 0x0000, 0x0000, 0x0000, 0x0000, 0x0000, 0x0000, 0x0000, 0x0000, 0x0000, 0x0000, 0x0000,
    0x0000, 0x0000, 0x0000, 0x0000, 0x0000, 0x0000, 0x0000, 0x0000, 0x0000, 0x0000, 0x0000, 0x0000,
    0x0000, 0x0000, 0x0000, 0x0000, 0x0000, 0x0000, 0x0000, 0x0000, 0x0000, 0x0000, 0x0000, 0x0000,
    0x0000, 0x0000, 0x0000, 0x0000, 0x0000, 0x0000, 0x0000, 0x0000, 0x0000, 0x0000, 0x0000, 0x0000,
    0x0000, 0x0000, 0x0000, 0x0000, 0x0000, 0x0000, 0x0000, 0x0000, 0x0000, 0x0000, 0x0000, 0x0000,
    0x0000, 0x0000, 0x0000, 0x0000, 0x0000, 0x0000, 0x0000, 0x0000, 0x0000, 0x0000, 0x0000, 0x0000,
    0x0000, 0x0000, 0x0000, 0x0000, 0x0000, 0x0000, 0x0000, 0x0000, 0x0000, 0x0000, 0x0000, 0x0000,
    0x0000, 0x0000, 0x0000, 0x0000, 0x0000, 0x0000, 0x0000, 0x0000, 0x0000, 0x0000, 0x0000, 0x0000,
    0x0000, 0x0000, 0x0000, 0x0000, 0x0000, 0x0000, 0x0000, 0x0000, 0x0000, 0x0000, 0x0000, 0x0000,
    0x0000, 0x0000, 0x0000, 0x0000, 0x0000, 0x0000, 0x0000, 0x0000, 0x0000, 0x0000, 0x0000, 0x0000,
    0x0000, 0x0000, 0x0000, 0x0000, 0x0000, 0x0000, 0x0000, 0x0040, 0x1224, 0x2C68, 0x3DCA, 0x3D8A,
    0x3DAA, 0x3DEA, 0x3549, 0x2C67, 0x2366, 0x1244, 0x0942, 0x0060, 0x0000, 0x0000, 0x0000, 0x0000,
    0x0000, 0x0020, 0x0000, 0x0000, 0x0000, 0x0000, 0x0000, 0x0000, 0x0000, 0x0000, 0x0000, 0x0000,
    0x0000, 0x0000, 0x0000, 0x0000, 0x0000, 0x0000, 0x0000, 0x0000, 0x0000, 0x0000, 0x0000, 0x0000,
    0x0000, 0x0000, 0x0000, 0x0000, 0x0000, 0x0000, 0x0000, 0x0000, 0x0000, 0x0020, 0x0000, 0x0000,
    0x0000, 0x0000, 0x0000, 0x0000, 0x0982, 0x3DAA, 0x3569, 0x1AA4, 0x0000, 0x0020, 0x0000, 0x08C1,
    0x34C8, 0x3E2B, 0x3D8A, 0x3D8A, 0x3D8A, 0x3569, 0x3549, 0x3549, 0x3549, 0x3569, 0x3D69, 0x3D69,
    0x3D69, 0x3D69, 0x3D69, 0x3D69, 0x3D69, 0x3D89, 0x3DAA, 0x3DEA, 0x2C47, 0x1A44, 0x00A1, 0x0000,
    0x0000, 0x0000, 0x0000, 0x0000, 0x0000, 0x0000, 0x0000, 0x0000, 0x0000, 0x0000, 0x0000, 0x0000,
    0x0000, 0x0000, 0x0000, 0x0000, 0x0000, 0x0000, 0x0000, 0x0000, 0x0000, 0x0000, 0x0000, 0x0000,
    0x0000, 0x0000, 0x0000, 0x0000, 0x0000, 0x0000, 0x0000, 0x0000, 0x0000, 0x0000, 0x0000, 0x0000,
    0x0000, 0x0000, 0x0000, 0x0000, 0x0000, 0x0000, 0x0000, 0x0000, 0x0000, 0x0000, 0x0000, 0x0000,
    0x0000, 0x0000, 0x0000, 0x0000, 0x0000, 0x0000, 0x0000, 0x0000, 0x0000, 0x0000, 0x0000, 0x0000,
    0x0000, 0x0000, 0x0000, 0x0000, 0x0000, 0x0000, 0x0000, 0x0000, 0x0000, 0x0000, 0x0000, 0x0000,
    0x0000, 0x0000, 0x0000, 0x0000, 0x0000, 0x0000, 0x0000, 0x0000, 0x0000, 0x0000, 0x0000, 0x0000,
    0x0000, 0x0000, 0x0000, 0x0000, 0x0000, 0x0000, 0x0000, 0x0000, 0x0000, 0x0000, 0x0000, 0x0000,
    0x0000, 0x0000, 0x0000, 0x0000, 0x0000, 0x0000, 0x0000, 0x0000, 0x0000, 0x0000, 0x0000, 0x0000,
    0x0000, 0x0000, 0x0000, 0x0000, 0x0000, 0x0000, 0x0000, 0x0000, 0x0000, 0x0000, 0x0000, 0x0000,
    0x0000, 0x0000, 0x0000, 0x0000, 0x0000, 0x0000, 0x0000, 0x0000, 0x0000, 0x0000, 0x0000, 0x0000,
    0x0000, 0x0000, 0x0000, 0x0000, 0x0000, 0x0000, 0x0000, 0x0000, 0x0000, 0x0000, 0x0000, 0x0000,
    0x0000, 0x0000, 0x0000, 0x0000, 0x0000, 0x0000, 0x11A3, 0x23E7, 0x3DCA, 0x462B, 0x3D8A, 0x34A8,
    0x23A6, 0x1AC5, 0x11E3, 0x08C1, 0x0000, 0x0000, 0x0000, 0x0000, 0x0020, 0x0020, 0x0000, 0x0000,
    0x0000, 0x0000, 0x0000, 0x0000, 0x0000, 0x0000, 0x0000, 0x0000, 0x0000, 0x0000, 0x0000, 0x0000,
    0x0000, 0x0000, 0x0000, 0x0000, 0x0000, 0x0000, 0x0000, 0x0000, 0x0000, 0x0000, 0x0000, 0x0000,
    0x0000, 0x0000, 0x0000, 0x0000, 0x0000, 0x0000, 0x0000, 0x0000, 0x0000, 0x0000, 0x0000, 0x0000,
    0x0000, 0x0000, 0x0000, 0x0000, 0x00A1, 0x3DCA, 0x3529, 0x1A44, 0x0000, 0x0020, 0x0000, 0x08E1,
    0x1B05, 0x2BE7, 0x2C47, 0x34C8, 0x3529, 0x3DCA, 0x3E0A, 0x3DCA, 0x3DCA, 0x3DAA, 0x3D69, 0x3549,
    0x3549, 0x3549, 0x3D69, 0x3D69, 0x3D69, 0x3D69, 0x3569, 0x3549, 0x3DAA, 0x3DCA, 0x2C47, 0x1A64,
    0x0040, 0x0000, 0x0020, 0x0000, 0x0000, 0x0000, 0x0000, 0x0000, 0x0000, 0x0000, 0x0000, 0x0000,
    0x0000, 0x0000, 0x0000, 0x0000, 0x0000, 0x0000, 0x0000, 0x0000, 0x0000, 0x0000, 0x0000, 0x0000,
    0x0000, 0x0000, 0x0000, 0x0000, 0x0000, 0x0000, 0x0000, 0x0000, 0x0000, 0x0000, 0x0000, 0x0000,
    0x0000, 0x0000, 0x0000, 0x0000, 0x0000, 0x0000, 0x0000, 0x0000, 0x0000, 0x0000, 0x0000, 0x0000,
    0x0000, 0x0000, 0x0000, 0x0000, 0x0000, 0x0000, 0x0000, 0x0000, 0x0000, 0x0000, 0x0000, 0x0000,
    0x0000, 0x0000, 0x0000, 0x0000, 0x0000, 0x0000, 0x0000, 0x0000, 0x0000, 0x0000, 0x0000, 0x0000,
    0x0000, 0x0000, 0x0000, 0x0000, 0x0000, 0x0000, 0x0000, 0x0000, 0x0000, 0x0000, 0x0000, 0x0000,
    0x0000, 0x0000, 0x0000, 0x0000, 0x0000, 0x0000, 0x0000, 0x0000, 0x0000, 0x0000, 0x0000, 0x0000,
    0x0000, 0x0000, 0x0000, 0x0000, 0x0000, 0x0000, 0x0000, 0x0000, 0x0000, 0x0000, 0x0000, 0x0000,
    0x0000, 0x0000, 0x0000, 0x0000, 0x0000, 0x0000, 0x0000, 0x0000, 0x0000, 0x0000, 0x0000, 0x0000,
    0x0000, 0x0000, 0x0000, 0x0000, 0x0000, 0x0000, 0x0000, 0x0000, 0x0000, 0x0000, 0x0000, 0x0000,
    0x0000, 0x0000, 0x0000, 0x0000, 0x0000, 0x0000, 0x0000, 0x0000, 0x0000, 0x0000, 0x0000, 0x0000,
    0x0000, 0x0000, 0x0000, 0x0000, 0x0060, 0x2345, 0x3DAA, 0x3DEA, 0x2C07, 0x1AE5, 0x1203, 0x0922,
    0x0040, 0x0000, 0x0000, 0x0000, 0x0000, 0x0020, 0x0000, 0x0000, 0x0000, 0x0000, 0x0000, 0x0000,
    0x0000, 0x0000, 0x0000, 0x0000, 0x0000, 0x0000, 0x0000, 0x0000, 0x0000, 0x0000, 0x0000, 0x0000,
    0x0000, 0x0000, 0x0000, 0x0000, 0x0000, 0x0000, 0x0000, 0x0000, 0x0000, 0x0000, 0x0000, 0x0000,
    0x0000, 0x0000, 0x0000, 0x0000, 0x0000, 0x0000, 0x0000, 0x0000, 0x0000, 0x0000, 0x0000, 0x0000,
    0x0000, 0x0000, 0x0000, 0x0000, 0x0060, 0x34E8, 0x3549, 0x1244, 0x0000, 0x0000, 0x0000, 0x0000,
    0x0000, 0x0060, 0x08C1, 0x0922, 0x1182, 0x1223, 0x1A64, 0x2345, 0x23C6, 0x2C67, 0x3569, 0x3DEA,
    0x3DEA, 0x3DAA, 0x3D69, 0x3549, 0x3569, 0x3D69, 0x3D69, 0x3D69, 0x3569, 0x3549, 0x3DCA, 0x3DAA,
    0x23C6, 0x0982, 0x0000, 0x0000, 0x0020, 0x0000, 0x0000, 0x0000, 0x0000, 0x0000, 0x0000, 0x0000,
    0x0000, 0x0000, 0x0000, 0x0000, 0x0000, 0x0000, 0x0000, 0x0000, 0x0000, 0x0000, 0x0000, 0x0000,
    0x0000, 0x0000, 0x0000, 0x0000, 0x0000, 0x0000, 0x0000, 0x0000, 0x0000, 0x0000, 0x0000, 0x0000,
    0x0000, 0x0000, 0x0000, 0x0000, 0x0000, 0x0000, 0x0000, 0x0000, 0x0000, 0x0000, 0x0000, 0x0000,
    0x0000, 0x0000, 0x0000, 0x0000, 0x0000, 0x0000, 0x0000, 0x0000, 0x0000, 0x0000, 0x0000, 0x0000,
    0x0000, 0x0000, 0x0000, 0x0000, 0x0000, 0x0000, 0x0000, 0x0000, 0x0000, 0x0000, 0x0000, 0x0000,
    0x0000, 0x0000, 0x0000, 0x0000, 0x0000, 0x0000, 0x0000, 0x0000, 0x0000, 0x0000, 0x0000, 0x0000,
    0x0000, 0x0000, 0x0000, 0x0000, 0x0000, 0x0000, 0x0000, 0x0000, 0x0000, 0x0000, 0x0000, 0x0000,
    0x0000, 0x0000, 0x0000, 0x0000, 0x0000, 0x0000, 0x0000, 0x0000, 0x0000, 0x0000, 0x0000, 0x0000,
    0x0000, 0x0000, 0x0000, 0x0000, 0x0000, 0x0000, 0x0000, 0x0000, 0x0000, 0x0000, 0x0000, 0x0000,
    0x0000, 0x0000, 0x0000, 0x0000, 0x0000, 0x0000, 0x0000, 0x0000, 0x0000, 0x0000, 0x0000, 0x0000,
    0x0000, 0x0000, 0x0000, 0x0000, 0x0000, 0x0000, 0x0000, 0x0000, 0x0000, 0x0000, 0x0000, 0x0000,
    0x0000, 0x0000, 0x0000, 0x1A64, 0x2C88, 0x2C88, 0x1AC5, 0x0962, 0x00A1, 0x0000, 0x0000, 0x0000,
    0x0000, 0x0000, 0x0000, 0x0000, 0x0000, 0x0000, 0x0000, 0x0000, 0x0000, 0x0000, 0x0000, 0x0000,
    0x0000, 0x0000, 0x0000, 0x0000, 0x0000, 0x0000, 0x0000, 0x0000, 0x0000, 0x0000, 0x0000, 0x0000,
    0x0000, 0x0000, 0x0000, 0x0000, 0x0000, 0x0800, 0x0800, 0x0000, 0x0000, 0x0000, 0x0000, 0x0000,
    0x0000, 0x0000, 0x0000, 0x0000, 0x0000, 0x0000, 0x0000, 0x0000, 0x0000, 0x0000, 0x0000, 0x0000,
    0x0000, 0x0000, 0x0000, 0x0000, 0x0020, 0x23A6, 0x3D8A, 0x1A84, 0x0000, 0x0020, 0x0000, 0x0000,
    0x0000, 0x0000, 0x0000, 0x0000, 0x0000, 0x0000, 0x0000, 0x0020, 0x0060, 0x08C1, 0x0982, 0x1203,
    0x1AE5, 0x2BE7, 0x3549, 0x3DEA, 0x3DAA, 0x3569, 0x3549, 0x3569, 0x3D69, 0x3D69, 0x3549, 0x3D69,
    0x3DCA, 0x3509, 0x2345, 0x00A1, 0x0000, 0x0000, 0x0000, 0x0000, 0x0000, 0x0000, 0x0000, 0x0000,
    0x0000, 0x0000, 0x0000, 0x0000, 0x0000, 0x0000, 0x0000, 0x0000, 0x0000, 0x0000, 0x0000, 0x0000,
    0x0000, 0x0000, 0x0000, 0x0000, 0x0000, 0x0000, 0x0000, 0x0000, 0x0000, 0x0000, 0x0000, 0x0000,
    0x0000, 0x0000, 0x0000, 0x0000, 0x0000, 0x0000, 0x0000, 0x0000, 0x0000, 0x0000, 0x0000, 0x0000,
    0x0000, 0x0000, 0x0000, 0x0000, 0x0000, 0x0000, 0x0000, 0x0000, 0x0000, 0x0000, 0x0000, 0x0000,
    0x0000, 0x0000, 0x0000, 0x0000, 0x0000, 0x0000, 0x0000, 0x0000, 0x0000, 0x0000, 0x0000, 0x0000,
    0x0000, 0x0000, 0x0000, 0x0000, 0x0000, 0x0000, 0x0000, 0x0000, 0x0000, 0x0000, 0x0000, 0x0000,
    0x0000, 0x0000, 0x0000, 0x0000, 0x0000, 0x0000, 0x0000, 0x0000, 0x0000, 0x0000, 0x0000, 0x0000,
    0x0000, 0x0000, 0x0000, 0x0000, 0x0000, 0x0000, 0x0000, 0x0000, 0x0000, 0x0000, 0x0000, 0x0000,
    0x0000, 0x0000, 0x0000, 0x0000, 0x0000, 0x0000, 0x0000, 0x0000, 0x0000, 0x0000, 0x0000, 0x0000,
    0x0000, 0x0000, 0x0000, 0x0000, 0x0000, 0x0000, 0x0000, 0x0000, 0x0000, 0x0000, 0x0000, 0x0000,
    0x0000, 0x0000, 0x0000, 0x0000, 0x0000, 0x0000, 0x0000, 0x0000, 0x0000, 0x0000, 0x0000, 0x0000,
    0x0000, 0x08C1, 0x1A84, 0x1A64, 0x11A3, 0x00A1, 0x0000, 0x0000, 0x0000, 0x0000, 0x0000, 0x0000,
    0x0000, 0x0000, 0x0000, 0x0000, 0x0000, 0x0000, 0x0000, 0x0000, 0x0000, 0x0000, 0x0000, 0x0000,
    0x0000, 0x0000, 0x0000, 0x0000, 0x0000, 0x0000, 0x0000, 0x0000, 0x0000, 0x0000, 0x0000, 0x1800,
    0x4842, 0x6863, 0x8884, 0xA0A5, 0xA0C5, 0xA8C6, 0xA8C6, 0xA0A5, 0x98A5, 0x8884, 0x7063, 0x5062,
    0x2821, 0x0000, 0x0000, 0x0000, 0x0000, 0x0000, 0x0000, 0x0000, 0x0000, 0x0000, 0x0000, 0x0000,
    0x0000, 0x0000, 0x0000, 0x0000, 0x0000, 0x1244, 0x3DCA, 0x1AC5, 0x0000, 0x0020, 0x0000, 0x0000,
    0x0000, 0x0000, 0x0000, 0x0000, 0x0000, 0x0000, 0x0000, 0x0000, 0x0000, 0x0000, 0x0000, 0x0000,
    0x0000, 0x0081, 0x0922, 0x1A44, 0x23E7, 0x3D69, 0x3DCA, 0x3D8A, 0x3549, 0x3549, 0x3D69, 0x3D69,
    0x3549, 0x3DAA, 0x3DAA, 0x2C88, 0x1223, 0x0000, 0x0000, 0x0000, 0x0000, 0x0000, 0x0000, 0x0000,
    0x0000, 0x0000, 0x0000, 0x0000, 0x0000, 0x0000, 0x0000, 0x0000, 0x0000, 0x0000, 0x0000, 0x0000,
    0x0000, 0x0000, 0x0000, 0x0000, 0x0000, 0x0000, 0x0000, 0x0000, 0x0000, 0x0000, 0x0000, 0x0000,
    0x0000, 0x0000, 0x0000, 0x0000, 0x0000, 0x0000, 0x0000, 0x0000, 0x0000, 0x0000, 0x0000, 0x0000,
    0x0000, 0x0000, 0x0000, 0x0000, 0x0000, 0x0000, 0x0000, 0x0000, 0x0000, 0x0000, 0x0000, 0x0000,
    0x0000, 0x0000, 0x0000, 0x0000, 0x0000, 0x0000, 0x0000, 0x0000, 0x0000, 0x0000, 0x0000, 0x0000,
    0x0000, 0x0000, 0x0000, 0x0000, 0x0000, 0x0000, 0x0000, 0x0000, 0x0000, 0x0000, 0x0000, 0x0000,
    0x0000, 0x0000, 0x0000, 0x0000, 0x0000, 0x0000, 0x0000, 0x0000, 0x0000, 0x0000, 0x0000, 0x0000,
    0x0000, 0x0000, 0x0000, 0x0000, 0x0000, 0x0000, 0x0000, 0x0000, 0x0000, 0x0000, 0x0000, 0x0000,
    0x0000, 0x0000, 0x0000, 0x0000, 0x0000, 0x0000, 0x0000, 0x0000, 0x0000, 0x0000, 0x0000, 0x0000,
    0x0000, 0x0000, 0x0000, 0x0000, 0x0000, 0x0000, 0x0000, 0x0000, 0x0000, 0x0000, 0x0000, 0x0000,
    0x0000, 0x0000, 0x0000, 0x0000, 0x0000, 0x0000, 0x0000, 0x0000, 0x0000, 0x0000, 0x0000, 0x0000,
    0x0000, 0x0040, 0x08C1, 0x0000, 0x0000, 0x0000, 0x0000, 0x0000, 0x0000, 0x0000, 0x0000, 0x0000,
    0x0000, 0x0000, 0x0000, 0x0000, 0x0000, 0x0000, 0x0000, 0x0000, 0x0000, 0x0000, 0x0000, 0x0000,
    0x0000, 0x0000, 0x0000, 0x0000, 0x0000, 0x0000, 0x0000, 0x0000, 0x2021, 0x6063, 0xA0A5, 0xB8C6,
    0xC8E7, 0xD8E7, 0xE108, 0xE908, 0xE908, 0xE108, 0xE108, 0xE908, 0xE908, 0xE108, 0xD8E7, 0xD0E7,
    0xC0C6, 0xA8C6, 0x7084, 0x2021, 0x0000, 0x0000, 0x0000, 0x0000, 0x0000, 0x0000, 0x0000, 0x0000,
    0x0000, 0x0000, 0x0000, 0x0000, 0x0000, 0x08E1, 0x3E0A, 0x2366, 0x0000, 0x0020, 0x0000, 0x0000,
    0x0000, 0x0000, 0x0000, 0x0000, 0x0000, 0x0000, 0x0000, 0x0000, 0x0000, 0x0000, 0x0000, 0x0000,
    0x0000, 0x0000, 0x0000, 0x0000, 0x0060, 0x0901, 0x1264, 0x2C07, 0x3D8A, 0x3DCA, 0x3D8A, 0x3569,
    0x3569, 0x3569, 0x3D69, 0x3DAA, 0x3549, 0x23E7, 0x08C1, 0x0000, 0x0000, 0x0000, 0x0000, 0x0000,
    0x0000, 0x0000, 0x0000, 0x0000, 0x0000, 0x0000, 0x0000, 0x0000, 0x0000, 0x0000, 0x0000, 0x0000,
    0x0000, 0x0000, 0x0000, 0x0000, 0x0000, 0x0000, 0x0000, 0x0000, 0x0000, 0x0000, 0x0000, 0x0000,
    0x0000, 0x0000, 0x0000, 0x0000, 0x0000, 0x0000, 0x0000, 0x0000, 0x0000, 0x0000, 0x0000, 0x0000,
    0x0000, 0x0000, 0x0000, 0x0000, 0x0000, 0x0000, 0x0000, 0x0000, 0x0000, 0x0000, 0x0000, 0x0000,
    0x0000, 0x0000, 0x0000, 0x0000, 0x0000, 0x0000, 0x0000, 0x0000, 0x0000, 0x0000, 0x0000, 0x0000,
    0x0000, 0x0000, 0x0000, 0x0000, 0x0000, 0x0000, 0x0000, 0x0000, 0x0000, 0x0000, 0x0000, 0x0000,
    0x0000, 0x0000, 0x0000, 0x0000, 0x0000, 0x0000, 0x0000, 0x0000, 0x0000, 0x0000, 0x0000, 0x0000,
    0x0000, 0x0000, 0x0000, 0x0000, 0x0000, 0x0000, 0x0000, 0x0000, 0x0000, 0x0000, 0x0000, 0x0000,
    0x0000, 0x0000, 0x0000, 0x0000, 0x0000, 0x0000, 0x0000, 0x0000, 0x0000, 0x0000, 0x0000, 0x0000,
    0x0000, 0x0000, 0x0000, 0x0000, 0x0000, 0x0000, 0x0000, 0x0000, 0x0000, 0x0000, 0x0000, 0x0000,
    0x0000, 0x0000, 0x0000, 0x0000, 0x0000, 0x0000, 0x0000, 0x0000, 0x0000, 0x0000, 0x0000, 0x0000,
    0x0000, 0x0000, 0x0000, 0x0000, 0x0000, 0x0000, 0x0000, 0x0000, 0x0000, 0x0000, 0x0000, 0x0000,
    0x0000, 0x0000, 0x0000, 0x0000, 0x0000, 0x0000, 0x0000, 0x0000, 0x0000, 0x0000, 0x0000, 0x0000,
    0x0000, 0x0000, 0x0000, 0x0000, 0x0000, 0x2821, 0x7084, 0xA8C6, 0xC0E7, 0xD0E7, 0xE108, 0xE108,
    0xD907, 0xD8E7, 0xD8E7, 0xD0E7, 0xD8E7, 0xD8E7, 0xD8E7, 0xD8E7, 0xD0E7, 0xD8E7, 0xD8E7, 0xD907,
    0xE108, 0xE108, 0xD8E7, 0xC0C6, 0x8884, 0x2021, 0x0000, 0x0000, 0x0000, 0x0000, 0x0000, 0x0000,
    0x0000, 0x0000, 0x0000, 0x0000, 0x0000, 0x0060, 0x3509, 0x2C47, 0x0020, 0x0000, 0x0000, 0x0000,
    0x0000, 0x0000, 0x0000, 0x0000, 0x0000, 0x0000, 0x0000, 0x0000, 0x0000, 0x0000, 0x0000, 0x0000,
    0x0000, 0x0000, 0x0000, 0x0000, 0x0000, 0x0000, 0x0000, 0x0060, 0x08C1, 0x1A64, 0x2C27, 0x3D8A,
    0x3DAA, 0x3D8A, 0x3D69, 0x3569, 0x3D8A, 0x3D8A, 0x3509, 0x1223, 0x0000, 0x0000, 0x0000, 0x0000,
    0x0000, 0x0000, 0x0000, 0x0000, 0x0000, 0x0000, 0x0000, 0x0000, 0x0000, 0x0000, 0x0000, 0x0000,
    0x0000, 0x0000, 0x0000, 0x0000, 0x0000, 0x0000, 0x0000, 0x0000, 0x0000, 0x0000, 0x0000, 0x0000,
    0x0000, 0x0000, 0x0000, 0x0000, 0x0000, 0x0000, 0x0000, 0x0000, 0x0000, 0x0000, 0x0000, 0x0000,
    0x0000, 0x0000, 0x0000, 0x0000, 0x0000, 0x0000, 0x0000, 0x0000, 0x0000, 0x0000, 0x0000, 0x0000,
    0x0000, 0x0000, 0x0000, 0x0000, 0x0000, 0x0000, 0x0000, 0x0000, 0x0000, 0x0000, 0x0000, 0x0000,
    0x0000, 0x0000, 0x0000, 0x0000, 0x0000, 0x0000, 0x0000, 0x0000, 0x0000, 0x0000, 0x0000, 0x0000,
    0x0000, 0x0000, 0x0000, 0x0000, 0x0000, 0x0000, 0x0000, 0x0000, 0x0000, 0x0000, 0x0000, 0x0000,
    0x0000, 0x0000, 0x0000, 0x0000, 0x0000, 0x0000, 0x0000, 0x0000, 0x0000, 0x0000, 0x0000, 0x0000,
    0x0000, 0x0000, 0x0000, 0x0000, 0x0000, 0x0000, 0x0000, 0x0000, 0x0000, 0x0000, 0x0000, 0x0000,
    0x0000, 0x0000, 0x0000, 0x0000, 0x0000, 0x0000, 0x0000, 0x0000, 0x0000, 0x0000, 0x0000, 0x0000,
    0x0000, 0x0000, 0x0000, 0x0000, 0x0000, 0x0000, 0x0000, 0x0000, 0x0000, 0x0000, 0x0000, 0x0000,
    0x0000, 0x0000, 0x0000, 0x0000, 0x0000, 0x0000, 0x0000, 0x0000, 0x0000, 0x0000, 0x0000, 0x0000,
    0x0000, 0x0000, 0x0000, 0x0000, 0x0000, 0x0000, 0x0000, 0x0000, 0x0000, 0x0000, 0x0000, 0x0000,
    0x0000, 0x0000, 0x3021, 0x7884, 0xB8C6, 0xD0E7, 0xD8E7, 0xE108, 0xE108, 0xD8E7, 0xD8E7, 0xD8E7,
    0xD8E7, 0xD8E7, 0xD8E7, 0xD8E7, 0xD8E7, 0xD8E7, 0xD8E7, 0xD8E7, 0xD8E7, 0xD8E7, 0xD8E7, 0xD8E7,
    0xD8E7, 0xD8E7, 0xD8E7, 0xE108, 0xD8E7, 0xC8E7, 0x7884, 0x0800, 0x0000, 0x0000, 0x0000, 0x0000,
    0x0000, 0x0000, 0x0000, 0x0000, 0x0000, 0x0020, 0x2365, 0x3509, 0x0922, 0x0000, 0x0000, 0x0000,
    0x0000, 0x0000, 0x0000, 0x0000, 0x0000, 0x0000, 0x0000, 0x0000, 0x0000, 0x0000, 0x0000, 0x0000,
    0x0000, 0x0000, 0x0000, 0x0000, 0x0000, 0x0000, 0x0000, 0x0000, 0x0000, 0x0000, 0x0040, 0x00A1,
    0x1A84, 0x2C47, 0x3D8A, 0x3D8A, 0x3D89, 0x3D69, 0x3DAA, 0x3569, 0x2BE7, 0x0081, 0x0000, 0x0000,
    0x0000, 0x0000, 0x0000, 0x0000, 0x0000, 0x0000, 0x0000, 0x0000, 0x0000, 0x0000, 0x0000, 0x0000,
    0x0000, 0x0000, 0x0000, 0x0000, 0x0000, 0x0000, 0x0000, 0x0000, 0x0000, 0x0000, 0x0000, 0x0000,
    0x0000, 0x0000, 0x0000, 0x0000, 0x0000, 0x0000, 0x0000, 0x0000, 0x0000, 0x0000, 0x0000, 0x0000,
    0x0000, 0x0000, 0x0000, 0x0000, 0x0000, 0x0000, 0x0000, 0x0000, 0x0000, 0x0000, 0x0000, 0x0000,
    0x0000, 0x0000, 0x0000, 0x0000, 0x0000, 0x0000, 0x0000, 0x0000, 0x0000, 0x0000, 0x0000, 0x0000,
    0x0000, 0x0000, 0x0000, 0x0000, 0x0000, 0x0000, 0x0000, 0x0000, 0x0000, 0x0000, 0x0000, 0x0000,
    0x0000, 0x0000, 0x0000, 0x0000, 0x0000, 0x0000, 0x0000, 0x0000, 0x0000, 0x0000, 0x0000, 0x0000,
    0x0000, 0x0000, 0x0000, 0x0000, 0x0000, 0x0000, 0x0000, 0x0000, 0x0000, 0x0000, 0x0000, 0x0000,
    0x0000, 0x0000, 0x0000, 0x0000, 0x0000, 0x0000, 0x0000, 0x0000, 0x0000, 0x0000, 0x0000, 0x0000,
    0x0000, 0x0000, 0x0000, 0x0000, 0x0000, 0x0000, 0x0000, 0x0000, 0x0000, 0x0000, 0x0000, 0x0000,
    0x0000, 0x0000, 0x0000, 0x0000, 0x0000, 0x0000, 0x0000, 0x0000, 0x0000, 0x0000, 0x0000, 0x0000,
    0x0000, 0x0000, 0x0000, 0x0000, 0x0000, 0x0000, 0x0000, 0x0000, 0x0000, 0x0000, 0x0000, 0x0000,
    0x0000, 0x0000, 0x0000, 0x0000, 0x0000, 0x0000, 0x0000, 0x0000, 0x0000, 0x0000, 0x0800, 0x4042,
    0x8884, 0xC0E6, 0xD0E7, 0xD8E7, 0xE108, 0xE107, 0xD8E7, 0xD8E7, 0xD8E7, 0xD8E7, 0xD8E7, 0xD8E7,
    0xD8E7, 0xD8E7, 0xD8E7, 0xD8E7, 0xD8E7, 0xD8E7, 0xD8E7, 0xD8E7, 0xD8E7, 0xD8E7, 0xD8E7, 0xD8E7,
    0xD8E7, 0xD8E7, 0xD8E7, 0xD8E7, 0xD8E7, 0xD907, 0xD8E7, 0xB8C6, 0x4842, 0x0000, 0x0000, 0x0000,
    0x0000, 0x0000, 0x0000, 0x0000, 0x0000, 0x0000, 0x11C3, 0x3DCA, 0x1223, 0x0000, 0x0020, 0x0000,
    0x0000, 0x0000, 0x0000, 0x0000, 0x0000, 0x0000, 0x0000, 0x0000, 0x0000, 0x0000, 0x0000, 0x0000,
    0x0000, 0x0000, 0x0000, 0x0000, 0x0000, 0x0000, 0x0000, 0x0000, 0x0000, 0x0000, 0x0000, 0x0000,
    0x0000, 0x0020, 0x00C1, 0x1A84, 0x2C67, 0x3D69, 0x3D69, 0x3DAA, 0x3D8A, 0x3529, 0x1203, 0x0000,
    0x0000, 0x0000, 0x0000, 0x0000, 0x0000, 0x0000, 0x0000, 0x0000, 0x0000, 0x0000, 0x0000, 0x0000,
    0x0000, 0x0000, 0x0000, 0x0000, 0x0000, 0x0000, 0x0000, 0x0000, 0x0000, 0x0000, 0x0000, 0x0000,
    0x0000, 0x0000, 0x0000, 0x0000, 0x0000, 0x0000, 0x0000, 0x0000, 0x0000, 0x0000, 0x0000, 0x0000,
    0x0000, 0x0000, 0x0000, 0x0000, 0x0000, 0x0000, 0x0000, 0x0000, 0x0000, 0x0000, 0x0000, 0x0000,
    0x0000, 0x0000, 0x0000, 0x0000, 0x0000, 0x0000, 0x0000, 0x0000, 0x0000, 0x0000, 0x0000, 0x0000,
    0x0000, 0x0000, 0x0000, 0x0000, 0x0000, 0x0000, 0x0000, 0x0000, 0x0000, 0x0000, 0x0000, 0x0000,
    0x0000, 0x0000, 0x0000, 0x0000, 0x0000, 0x0000, 0x0000, 0x0000, 0x0000, 0x0000, 0x0000, 0x0000,
    0x0000, 0x0000, 0x0000, 0x0000, 0x0000, 0x0000, 0x0000, 0x0000, 0x0000, 0x0000, 0x0000, 0x0000,
    0x0000, 0x0000, 0x0000, 0x0000, 0x0000, 0x0000, 0x0000, 0x0000, 0x0000, 0x0000, 0x0000, 0x0000,
    0x0000, 0x0000, 0x0000, 0x0000, 0x0000, 0x0000, 0x0000, 0x0000, 0x0000, 0x0000, 0x0000, 0x0000,
    0x0000, 0x0000, 0x0000, 0x0000, 0x0000, 0x0000, 0x0000, 0x0000, 0x0000, 0x0000, 0x0000, 0x0000,
    0x0000, 0x0000, 0x0000, 0x0000, 0x0000, 0x0000, 0x0000, 0x0000, 0x0000, 0x0000, 0x0000, 0x0000,
    0x0000, 0x0000, 0x0000, 0x0000, 0x0000, 0x0000, 0x0000, 0x1000, 0x5042, 0x90A5, 0xD0E7, 0xD8E7,
    0xD8E7, 0xD8E7, 0xD8E7, 0xD8E7, 0xD8E7, 0xD8E7, 0xD8E7, 0xD8E7, 0xD8E7, 0xD8E7, 0xD8E7, 0xD8E7,
    0xD8E7, 0xD8E7, 0xD8E7, 0xD8E7, 0xD8E7, 0xD8E7, 0xD8E7, 0xD8E7, 0xD8E7, 0xD8E7, 0xD8E7, 0xD8E7,
    0xD8E7, 0xD8E7, 0xD8E7, 0xD8E7, 0xD8E7, 0xD8E7, 0xD8E7, 0xD8E7, 0xE108, 0x7884, 0x0800, 0x0000,
    0x0000, 0x0000, 0x0000, 0x0000, 0x0000, 0x0000, 0x0081, 0x1AE5, 0x0901, 0x0000, 0x0000, 0x0000,
    0x0000, 0x0000, 0x0000, 0x0000, 0x0000, 0x0000, 0x0000, 0x0000, 0x0000, 0x0000, 0x0000, 0x0000,
    0x0000, 0x0000, 0x0000, 0x0000, 0x0000, 0x0000, 0x0000, 0x0000, 0x0000, 0x0000, 0x0000, 0x0000,
    0x0000, 0x0000, 0x0000, 0x0000, 0x0000, 0x08C1, 0x1AA4, 0x2C68, 0x3549, 0x3D89, 0x3DAA, 0x2366,
    0x0080, 0x0000, 0x0000, 0x0000, 0x0000, 0x0000, 0x0000, 0x0000, 0x0000, 0x0000, 0x0000, 0x0000,
    0x0000, 0x0000, 0x0000, 0x0000, 0x0000, 0x0000, 0x0000, 0x0000, 0x0000, 0x0000, 0x0000, 0x0000,
    0x0000, 0x0000, 0x0000, 0x0000, 0x0000, 0x0000, 0x0000, 0x0000, 0x0000, 0x0000, 0x0000, 0x0000,
    0x0000, 0x0000, 0x0000, 0x0000, 0x0000, 0x0000, 0x0000, 0x0000, 0x0000, 0x0000, 0x0000, 0x0000,
    0x0000, 0x0000, 0x0000, 0x0000, 0x0000, 0x0000, 0x0000, 0x0000, 0x0000, 0x0000, 0x0000, 0x0000,
    0x0000, 0x0000, 0x0000, 0x0000, 0x0000, 0x0000, 0x0000, 0x0000, 0x0000, 0x0000, 0x0000, 0x0000,
    0x0000, 0x0000, 0x0000, 0x0000, 0x0000, 0x0000, 0x0000, 0x0000, 0x0000, 0x0000, 0x0000, 0x0000,
    0x0000, 0x0000, 0x0000, 0x0000, 0x0000, 0x0000, 0x0000, 0x0000, 0x0000, 0x0000, 0x0000, 0x0000,
    0x0000, 0x0000, 0x0000, 0x0000, 0x0000, 0x0000, 0x0000, 0x0000, 0x0000, 0x0000, 0x0000, 0x0000,
    0x0000, 0x0000, 0x0000, 0x0000, 0x0000, 0x0000, 0x0000, 0x0000, 0x0000, 0x0000, 0x0000, 0x0000,
    0x0000, 0x0000, 0x0000, 0x0000, 0x0000, 0x0000, 0x0000, 0x0000, 0x0000, 0x0000, 0x0000, 0x0000,
    0x0000, 0x0000, 0x0000, 0x0000, 0x0000, 0x0000, 0x0000, 0x0000, 0x0000, 0x0000, 0x0000, 0x0000,
    0x0000, 0x0000, 0x0000, 0x0800, 0x1821, 0x5863, 0xA0A5, 0xD8E7, 0xE107, 0xD8E7, 0xD8E7, 0xD8E7,
    0xD8E7, 0xD8E7, 0xD8E7, 0xD8E7, 0xD8E7, 0xD8E7, 0xD8E7, 0xD8E7, 0xD8E7, 0xD8E7, 0xD8E7, 0xD8E7,
    0xD8E7, 0xD8E7, 0xD8E7, 0xD8E7, 0xD8E7, 0xD8E7, 0xD8E7, 0xD8E7, 0xD8E7, 0xD8E7, 0xD8E7, 0xD8E7,
    0xD8E7, 0xD8E7, 0xD8E7, 0xD8E7, 0xD8E7, 0xD8E7, 0xD8E7, 0xD8E7, 0xD8E7, 0xE108, 0xA8C6, 0x2021,
    0x0000, 0x0000, 0x0000, 0x0000, 0x0000, 0x0000, 0x0000, 0x0000, 0x0000, 0x0000, 0x0000, 0x0000,
    0x0000, 0x0000, 0x0000, 0x4043, 0x8886, 0x6044, 0x3822, 0x0800, 0x0000, 0x0000, 0x0000, 0x0000,
    0x0000, 0x0000, 0x0000, 0x0000, 0x0000, 0x0000, 0x0000, 0x0000, 0x0000, 0x0000, 0x0000, 0x0000,
    0x0000, 0x0000, 0x0000, 0x0000, 0x0000, 0x0000, 0x0000, 0x0000, 0x0060, 0x1264, 0x2C27, 0x3529,
    0x2C68, 0x0962, 0x0020, 0x0000, 0x0000, 0x0000, 0x0000, 0x0000, 0x0000, 0x0000, 0x0000, 0x0000,
    0x0000, 0x0000, 0x0000, 0x0000, 0x0000, 0x0000, 0x0000, 0x0000, 0x0000, 0x0000, 0x0000, 0x0000,
    0x0000, 0x0000, 0x0000, 0x0000, 0x0000, 0x0000, 0x0000, 0x0000, 0x0000, 0x0000, 0x0000, 0x0000,
    0x0000, 0x0000, 0x0000, 0x0000, 0x0000, 0x0000, 0x0000, 0x0000, 0x0000, 0x0000, 0x0000, 0x0000,
    0x0000, 0x0000, 0x0000, 0x0000, 0x0000, 0x0000, 0x0000, 0x0000, 0x0000, 0x0000, 0x0000, 0x0000,
    0x0000, 0x0000, 0x0000, 0x0000, 0x0000, 0x0000, 0x0000, 0x0000, 0x0000, 0x0000, 0x0000, 0x0000,
    0x0000, 0x0000, 0x0000, 0x0000, 0x0000, 0x0000, 0x0000, 0x0000, 0x0000, 0x0000, 0x0000, 0x0000,
    0x0000, 0x0000, 0x0000, 0x0000, 0x0000, 0x0000, 0x0000, 0x0000, 0x0000, 0x0000, 0x0000, 0x0000,
    0x0000, 0x0000, 0x0000, 0x0000, 0x0000, 0x0000, 0x0000, 0x0000, 0x0000, 0x0000, 0x0000, 0x0000,
    0x0000, 0x0000, 0x0000, 0x0000, 0x0000, 0x0000, 0x0000, 0x0000, 0x0000, 0x0000, 0x0000, 0x0000,
    0x0000, 0x0000, 0x0000, 0x0000, 0x0000, 0x0000, 0x0000, 0x0000, 0x0000, 0x0000, 0x0000, 0x0000,
    0x0000, 0x0000, 0x0000, 0x0000, 0x0000, 0x0000, 0x0000, 0x0000, 0x0000, 0x0000, 0x0000, 0x0000,
    0x1000, 0x2821, 0x6863, 0xA8C6, 0xE108, 0xE108, 0xD8E7, 0xD8E7, 0xD8E7, 0xD8E7, 0xD8E7, 0xD8E7,
    0xD8E7, 0xD8E7, 0xD8E7, 0xD8E7, 0xD8E7, 0xD8E7, 0xD8E7, 0xD8E7, 0xD8E7, 0xD8E7, 0xD8E7, 0xD8E7,
    0xD8E7, 0xD8E7, 0xD8E7, 0xD8E7, 0xD8E7, 0xD8E7, 0xD8E7, 0xD8E7, 0xD8E7, 0xD8E7, 0xD8E7, 0xD8E7,
    0xD8E7, 0xD8E7, 0xD8E7, 0xD8E7, 0xD8E7, 0xD8E7, 0xD8E7, 0xD8E7, 0xD8E7, 0xD0E7, 0xE0E8, 0xC0C6,
    0x2821, 0x0000, 0x0000, 0x0000, 0x0000, 0x0000, 0x0000, 0x0000, 0x0000, 0x0000, 0x0000, 0x0000,
    0x0000, 0x0000, 0x0000, 0x6864, 0xB0A7, 0xB0A7, 0xB0A8, 0xA8A7, 0x7065, 0x3822, 0x1001, 0x0800,
    0x0000, 0x0000, 0x0000, 0x0000, 0x0000, 0x0000, 0x0000, 0x0000, 0x0000, 0x0000, 0x0000, 0x0000,
    0x0000, 0x0000, 0x0000, 0x0000, 0x0000, 0x0000, 0x0000, 0x0000, 0x0000, 0x0000, 0x0000, 0x0081,
    0x1AA4, 0x2BE7, 0x11C3, 0x0020, 0x0000, 0x0000, 0x0000, 0x0000, 0x0000, 0x0000, 0x0000, 0x0000,
    0x0000, 0x0000, 0x0000, 0x0000, 0x0000, 0x0000, 0x0000, 0x0000, 0x0000, 0x0000, 0x0000, 0x0000,
    0x0000, 0x0000, 0x0000, 0x0000, 0x0000, 0x0000, 0x0000, 0x0000, 0x0000, 0x0000, 0x0000, 0x0000,
    0x0000, 0x0000, 0x0000, 0x0000, 0x0000, 0x0000, 0x0000, 0x0000, 0x0000, 0x0000, 0x0000, 0x0000,
    0x0000, 0x0000, 0x0000, 0x0000, 0x0000, 0x0000, 0x0000, 0x0000, 0x0000, 0x0000, 0x0000, 0x0000,
    0x0000, 0x0000, 0x0000, 0x0000, 0x0000, 0x0000, 0x0000, 0x0000, 0x0000, 0x0000, 0x0000, 0x0000,
    0x0000, 0x0000, 0x0000, 0x0000, 0x0000, 0x0000, 0x0000, 0x0000, 0x0000, 0x0000, 0x0000, 0x0000,
    0x0000, 0x0000, 0x0000, 0x0000, 0x0000, 0x0000, 0x0000, 0x0000, 0x0000, 0x0000, 0x0000, 0x0000,
    0x0000, 0x0000, 0x0000, 0x0000, 0x0000, 0x0000, 0x0000, 0x0000, 0x0000, 0x0000, 0x0000, 0x0000,
    0x0000, 0x0000, 0x0000, 0x0000, 0x0000, 0x0000, 0x0000, 0x0000, 0x0000, 0x0000, 0x0000, 0x0000,
    0x0000, 0x0000, 0x0000, 0x0000, 0x0000, 0x0000, 0x0000, 0x0000, 0x0000, 0x0000, 0x0000, 0x0000,
    0x0000, 0x0000, 0x0000, 0x0000, 0x0000, 0x0000, 0x0000, 0x0000, 0x0800, 0x1821, 0x3842, 0x7884,
    0xB8C6, 0xE108, 0xE108, 0xD8E7, 0xD0E7, 0xD8E7, 0xD8E7, 0xD8E7, 0xD8E7, 0xD8E7, 0xD8E7, 0xD8E7,
    0xD8E7, 0xD8E7, 0xD8E7, 0xD8E7, 0xD8E7, 0xD8E7, 0xD8E7, 0xD8E7, 0xD8E7, 0xD8E7, 0xD8E7, 0xD8E7,
    0xD8E7, 0xD8E7, 0xD8E7, 0xD8E7, 0xD8E7, 0xD8E7, 0xD8E7, 0xD8E7, 0xD8E7, 0xD8E7, 0xD8E7, 0xD8E7,
    0xD8E7, 0xD8E7, 0xD8E7, 0xD8E7, 0xD8E7, 0xD8E7, 0xD8E7, 0xD8E7, 0xD8E7, 0xD8E7, 0xD8E7, 0xD8E7,
    0xC8C7, 0x3021, 0x0000, 0x0000, 0x0000, 0x0000, 0x0000, 0x0000, 0x0000, 0x0000, 0x0000, 0x0000,
    0x0000, 0x0000, 0x0000, 0x4043, 0xA8A7, 0xA8A7, 0xA8A7, 0xA8A7, 0xB0A7, 0xB8A8, 0xA087, 0x6844,
    0x3822, 0x1801, 0x0800, 0x0000, 0x0000, 0x0000, 0x0000, 0x0000, 0x0000, 0x0000, 0x0000, 0x0000,
    0x0000, 0x0000, 0x0000, 0x0000, 0x0000, 0x0000, 0x0000, 0x0000, 0x0000, 0x0000, 0x0000, 0x0000,
    0x0000, 0x0000, 0x0080, 0x0060, 0x0000, 0x0000, 0x0000, 0x0000, 0x0000, 0x0000, 0x0000, 0x0000,
    0x0000, 0x0000, 0x0000, 0x0000, 0x0000, 0x0000, 0x0000, 0x0000, 0x0000, 0x0000, 0x0000, 0x0000,
    0x0000, 0x0000, 0x0000, 0x0000, 0x0000, 0x0000, 0x0000, 0x0000, 0x0000, 0x0000, 0x0000, 0x0000,
    0x0000, 0x0000, 0x0000, 0x0000, 0x0000, 0x0000, 0x0000, 0x0000, 0x0000, 0x0000, 0x0000, 0x0000,
    0x0000, 0x0000, 0x0000, 0x0000, 0x0000, 0x0000, 0x0000, 0x0000, 0x0000, 0x0000, 0x0000, 0x0000,
    0x0000, 0x0000, 0x0000, 0x0000, 0x0000, 0x0000, 0x0000, 0x0000, 0x0000, 0x0000, 0x0000, 0x0000,
    0x0000, 0x0000, 0x0000, 0x0000, 0x0000, 0x0000, 0x0000, 0x0000, 0x0000, 0x0000, 0x0000, 0x0000,
    0x0000, 0x0000, 0x0000, 0x0000, 0x0000, 0x0000, 0x0000, 0x0000, 0x0000, 0x0000, 0x0000, 0x0000,
    0x0000, 0x0000, 0x0000, 0x0000, 0x0000, 0x0000, 0x0000, 0x0000, 0x0000, 0x0000, 0x0000, 0x0000,
    0x0000, 0x0000, 0x0000, 0x0000, 0x0000, 0x0000, 0x0000, 0x0000, 0x0000, 0x0000, 0x0000, 0x0000,
    0x0000, 0x0000, 0x0000, 0x0000, 0x0000, 0x0000, 0x0000, 0x0000, 0x0000, 0x0000, 0x0000, 0x0000,
    0x0000, 0x0000, 0x0000, 0x0000, 0x0000, 0x1000, 0x2821, 0x4842, 0x8084, 0xC0C6, 0xE908, 0xE108,
    0xD8E7, 0xD0E7, 0xD8E7, 0xD8E7, 0xD8E7, 0xD8E7, 0xD8E7, 0xD8E7, 0xD8E7, 0xD8E7, 0xD8E7, 0xD8E7,
    0xD8E7, 0xD8E7, 0xD8E7, 0xD8E7, 0xD8E7, 0xD8E7, 0xD8E7, 0xD8E7, 0xD8E7, 0xD8E7, 0xD8E7, 0xD8E7,
    0xD8E7, 0xD8E7, 0xD8E7, 0xD8E7, 0xD8E7, 0xD8E7, 0xD8E7, 0xD8E7, 0xD8E7, 0xD8E7, 0xD8E7, 0xD8E7,
    0xD8E7, 0xD8E7, 0xD8E7, 0xD8E7, 0xD8E7, 0xD8E7, 0xD8E7, 0xD8E7, 0xD8E7, 0xD8E7, 0xD8E7, 0xD8E7,
    0xD8E7, 0xC0E7, 0x2021, 0x0000, 0x0000, 0x0000, 0x0000, 0x0000, 0x0000, 0x0000, 0x0000, 0x0000,
    0x0000, 0x0000, 0x0000, 0x1801, 0xA0A7, 0xB0A7, 0xA8A7, 0xA8A7, 0xA8A7, 0xA8A7, 0xA8A7, 0xB0A7,
    0xB8A8, 0xA087, 0x7865, 0x5043, 0x3022, 0x1801, 0x0000, 0x0000, 0x0000, 0x0000, 0x0000, 0x0000,
    0x0000, 0x0000, 0x0000, 0x0000, 0x0000, 0x0000, 0x0000, 0x0000, 0x0000, 0x0000, 0x0000, 0x0000,
    0x0000, 0x0000, 0x0000, 0x0000, 0x0000, 0x0000, 0x0000, 0x0000, 0x0000, 0x0000, 0x0000, 0x0000,
    0x0000, 0x0000, 0x0000, 0x0000, 0x0000, 0x0000, 0x0000, 0x0000, 0x0000, 0x0000, 0x0000, 0x0000,
    0x0000, 0x0000, 0x0000, 0x0000, 0x0000, 0x0000, 0x0000, 0x0000, 0x0000, 0x0000, 0x0000, 0x0000,
    0x0000, 0x0000, 0x0000, 0x0000, 0x0000, 0x0000, 0x0000, 0x0000, 0x0000, 0x0000, 0x0000, 0x0000,
    0x0000, 0x0000, 0x0000, 0x0000, 0x0000, 0x0000, 0x0000, 0x0000, 0x0000, 0x0000, 0x0000, 0x0000,
    0x0000, 0x0000, 0x0000, 0x0000, 0x0000, 0x0000, 0x0000, 0x0000, 0x0000, 0x0000, 0x0000, 0x0000,
    0x0000, 0x0000, 0x0000, 0x0000, 0x0000, 0x0000, 0x0000, 0x0000, 0x0000, 0x0000, 0x0000, 0x0000,
    0x0000, 0x0000, 0x0000, 0x0000, 0x0000, 0x0000, 0x0000, 0x0000, 0x0000, 0x0000, 0x0000, 0x0000,
    0x0000, 0x0000, 0x0000, 0x0000, 0x0000, 0x0000, 0x0000, 0x0000, 0x0000, 0x0000, 0x0000, 0x0000,
    0x0000, 0x0000, 0x0000, 0x0000, 0x0000, 0x0000, 0x0000, 0x0000, 0x0000, 0x0000, 0x0000, 0x0000,
    0x0000, 0x0000, 0x0000, 0x0000, 0x0000, 0x0000, 0x0000, 0x0000, 0x0000, 0x0000, 0x0000, 0x0000,
    0x0000, 0x0000, 0x1000, 0x3042, 0x5863, 0x90A5, 0xC8E7, 0xE908, 0xE108, 0xD8E7, 0xD0E7, 0xD0E7,
    0xD8E7, 0xD8E7, 0xD8E7, 0xD8E7, 0xD8E7, 0xD8E7, 0xD8E7, 0xD8E7, 0xD8E7, 0xD8E7, 0xD8E7, 0xD8E7,
    0xD8E7, 0xD8E7, 0xD8E7, 0xD8E7, 0xD8E7, 0xD8E7, 0xD8E7, 0xD8E7, 0xD8E7, 0xD8E7, 0xD8E7, 0xD8E7,
    0xD8E7, 0xD8E7, 0xD8E7, 0xD8E7, 0xD8E7, 0xD8E7, 0xD8E7, 0xD8E7, 0xD8E7, 0xD8E7, 0xD8E7, 0xD8E7,
    0xD8E7, 0xD8E7, 0xD8E7, 0xD8E7, 0xD8E7, 0xD8E7, 0xD8E7, 0xD8E7, 0xD8E7, 0xD8E7, 0xD8E7, 0xD8E7,
    0xD8E7, 0xD8E7, 0xB0C6, 0x1000, 0x0000, 0x0000, 0x0000, 0x0000, 0x0000, 0x0000, 0x0000, 0x0000,
    0x0000, 0x0000, 0x0000, 0x0000, 0x9086, 0xB0A7, 0xA8A7, 0xA8A7, 0xA8A7, 0xA8A7, 0xA8A7, 0xA8A7,
    0xA8A7, 0xA8A7, 0xB0A7, 0xB8A8, 0xB0A7, 0x9086, 0x6064, 0x3822, 0x2021, 0x0800, 0x0000, 0x0000,
    0x0000, 0x0000, 0x0000, 0x0000, 0x0000, 0x0000, 0x0000, 0x0000, 0x0000, 0x0000, 0x0000, 0x0000,
    0x0000, 0x0000, 0x0000, 0x0000, 0x0000, 0x0000, 0x0000, 0x0000, 0x0000, 0x0000, 0x0000, 0x0000,
    0x0000, 0x0000, 0x0000, 0x0000, 0x0000, 0x0000, 0x0000, 0x0000, 0x0000, 0x0000, 0x0000, 0x0000,
    0x0000, 0x0000, 0x0000, 0x0000, 0x0000, 0x0000, 0x0000, 0x0000, 0x0000, 0x0000, 0x0000, 0x0000,
    0x0000, 0x0000, 0x0000, 0x0000, 0x0000, 0x0000, 0x0000, 0x0000, 0x0000, 0x0000, 0x0000, 0x0000,
    0x0000, 0x0000, 0x0000, 0x0000, 0x0000, 0x0000, 0x0000, 0x0000, 0x0000, 0x0000, 0x0000, 0x0000,
    0x0000, 0x0000, 0x0000, 0x0000, 0x0000, 0x0000, 0x0000, 0x0000, 0x0000, 0x0000, 0x0000, 0x0000,
    0x0000, 0x0000, 0x0000, 0x0000, 0x0000, 0x0000, 0x0000, 0x0000, 0x0000, 0x0000, 0x0000, 0x0000,
    0x0000, 0x0000, 0x0000, 0x0000, 0x0000, 0x0000, 0x0000, 0x0000, 0x0000, 0x0000, 0x0000, 0x0000,
    0x0000, 0x0000, 0x0000, 0x0000, 0x0000, 0x0000, 0x0000, 0x0000, 0x0000, 0x0000, 0x0000, 0x0000,
    0x0000, 0x0000, 0x0000, 0x0000, 0x0000, 0x0000, 0x0000, 0x0000, 0x0000, 0x0000, 0x0000, 0x0000,
    0x0000, 0x0000, 0x0000, 0x0000, 0x0000, 0x0000, 0x0000, 0x0000, 0x0000, 0x0000, 0x0000, 0x1821,
    0x4042, 0x6863, 0xA0A5, 0xD0E7, 0xF108, 0xE108, 0xD8E7, 0xD0E7, 0xD0E7, 0xD8E7, 0xD8E7, 0xD8E7,
    0xD8E7, 0xD8E7, 0xD8E7, 0xD8E7, 0xD8E7, 0xD8E7, 0xD8E7, 0xD8E7, 0xD8E7, 0xD8E7, 0xD8E7, 0xD8E7,
    0xD8E7, 0xD8E7, 0xD8E7, 0xD8E7, 0xD8E7, 0xD8E7, 0xD8E7, 0xD8E7, 0xD8E7, 0xD8E7, 0xD8E7, 0xD8E7,
    0xD8E7, 0xD8E7, 0xD8E7, 0xD8E7, 0xD8E7, 0xD8E7, 0xD8E7, 0xD8E7, 0xD8E7, 0xD8E7, 0xD8E7, 0xD8E7,
    0xD8E7, 0xD8E7, 0xD8E7, 0xD8E7, 0xD8E7, 0xD8E7, 0xD8E7, 0xD8E7, 0xD8E7, 0xD8E7, 0xD8E7, 0xD8E7,
    0xD8E7, 0xD8E7, 0xE108, 0x90A5, 0x0000, 0x0000, 0x0000, 0x0000, 0x0000, 0x0000, 0x0000, 0x0000,
    0x0000, 0x0000, 0x0000, 0x0000, 0x7065, 0xA8A7, 0xA8A7, 0xA8A7, 0xA8A7, 0xA8A7, 0xA8A7, 0xA8A7,
    0xA8A7, 0xA8A7, 0xA8A7, 0xA8A7, 0xA8A7, 0xB0A7, 0xB8A8, 0xB8A8, 0x9886, 0x7065, 0x4843, 0x2822,
    0x1000, 0x0000, 0x0000, 0x0000, 0x0000, 0x0000, 0x0000, 0x0000, 0x0000, 0x0000, 0x0000, 0x0000,
    0x0000, 0x0000, 0x0000, 0x0000, 0x0000, 0x0000, 0x0000, 0x0000, 0x0000, 0x0000, 0x0000, 0x0000,
    0x0000, 0x0000, 0x0000, 0x0000, 0x0000, 0x0000, 0x0000, 0x0000, 0x0000, 0x0000, 0x0000, 0x0000,
    0x0000, 0x0000, 0x0000, 0x0000, 0x0000, 0x0000, 0x0000, 0x0000, 0x0000, 0x0000, 0x0000, 0x0000,
    0x0000, 0x0000, 0x0000, 0x0000, 0x0000, 0x0000, 0x0000, 0x0000, 0x0000, 0x0000, 0x0000, 0x0000,
    0x0000, 0x0000, 0x0000, 0x0000, 0x0000, 0x0000, 0x0000, 0x0000, 0x0000, 0x0000, 0x0000, 0x0000,
    0x0000, 0x0000, 0x0000, 0x0000, 0x0000, 0x0000, 0x0000, 0x0000, 0x0000, 0x0000, 0x0000, 0x0000,
    0x0000, 0x0000, 0x0000, 0x0000, 0x0000, 0x0000, 0x0000, 0x0000, 0x0000, 0x0000, 0x0000, 0x0000,
    0x0000, 0x0000, 0x0000, 0x0000, 0x0000, 0x0000, 0x0000, 0x0000, 0x0000, 0x0000, 0x0000, 0x0000,
    0x0000, 0x0000, 0x0000, 0x0000, 0x0000, 0x0000, 0x0000, 0x0000, 0x0000, 0x0000, 0x0000, 0x0000,
    0x0000, 0x0000, 0x0000, 0x0000, 0x0000, 0x0000, 0x0000, 0x0000, 0x0000, 0x0000, 0x0000, 0x0000,
    0x0000, 0x0000, 0x0000, 0x0000, 0x0000, 0x0000, 0x0000, 0x0000, 0x2821, 0x5063, 0x7884, 0xA8C5,
    0xD0E7, 0xE908, 0xE108, 0xD8E7, 0xD0E7, 0xD0E7, 0xD8E7, 0xD8E7, 0xD8E7, 0xD8E7, 0xD8E7, 0xD8E7,
    0xD8E7, 0xD8E7, 0xD8E7, 0xD8E7, 0xD8E7, 0xD8E7, 0xD8E7, 0xD8E7, 0xD8E7, 0xD8E7, 0xD8E7, 0xD8E7,
    0xD8E7, 0xD8E7, 0xD8E7, 0xD8E7, 0xD8E7, 0xD8E7, 0xD8E7, 0xD8E7, 0xD8E7, 0xD8E7, 0xD8E7, 0xD8E7,
    0xD8E7, 0xD8E7, 0xD8E7, 0xD8E7, 0xD8E7, 0xD8E7, 0xD8E7, 0xD8E7, 0xD8E7, 0xD8E7, 0xD8E7, 0xD8E7,
    0xD8E7, 0xD8E7, 0xD8E7, 0xD8E7, 0xD8E7, 0xD8E7, 0xD8E7, 0xD8E7, 0xD8E7, 0xD8E7, 0xD8E7, 0xD8E7,
    0xD8E7, 0xD8E7, 0xD8E7, 0xE0E7, 0x5863, 0x0000, 0x0000, 0x0000, 0x0000, 0x0000, 0x0000, 0x0000,
    0x0000, 0x0000, 0x0000, 0x0000, 0x5043, 0xA8A7, 0xA8A7, 0xA8A7, 0xA8A7, 0xA8A7, 0xA8A7, 0xA8A7,
    0xA8A7, 0xA8A7, 0xA8A7, 0xA8A7, 0xA8A7, 0xA8A7, 0xA8A7, 0xA8A7, 0xA8A7, 0xB8A8, 0xB8A8, 0xA087,
    0x7865, 0x5864, 0x3822, 0x1801, 0x0000, 0x0000, 0x0000, 0x0000, 0x0000, 0x0000, 0x0000, 0x0000,
    0x0000, 0x0000, 0x0000, 0x0000, 0x0000, 0x0000, 0x0000, 0x0000, 0x0000, 0x0000, 0x0000, 0x0000,
    0x0000, 0x0000, 0x0000, 0x0000, 0x0000, 0x0000, 0x0000, 0x0000, 0x0000, 0x0000, 0x0000, 0x0000,
    0x0000, 0x0000, 0x0000, 0x0000, 0x0000, 0x0000, 0x0000, 0x0000, 0x0000, 0x0000, 0x0000, 0x0000,
    0x0000, 0x0000, 0x0000, 0x0000, 0x0000, 0x0000, 0x0000, 0x0000, 0x0000, 0x0000, 0x0000, 0x0000,
    0x0000, 0x0000, 0x0000, 0x0000, 0x0000, 0x0000, 0x0000, 0x0000, 0x0000, 0x0000, 0x0000, 0x0000,
    0x0000, 0x0000, 0x0000, 0x0000, 0x0000, 0x0000, 0x0000, 0x0000, 0x0000, 0x0000, 0x0000, 0x0000,
    0x0000, 0x0000, 0x0000, 0x0000, 0x0000, 0x0000, 0x0000, 0x0000, 0x0000, 0x0000, 0x0000, 0x0000,
    0x0000, 0x0000, 0x0000, 0x0000, 0x0000, 0x0000, 0x0000, 0x0000, 0x0000, 0x0000, 0x0000, 0x0000,
    0x0000, 0x0000, 0x0000, 0x0000, 0x0000, 0x0000, 0x0000, 0x0000, 0x0000, 0x0000, 0x0000, 0x0000,
    0x0000, 0x0000, 0x0000, 0x0000, 0x0000, 0x0000, 0x0000, 0x0000, 0x0000, 0x0000, 0x0000, 0x0000,
    0x0000, 0x0000, 0x0000, 0x0000, 0x0000, 0x3021, 0x6063, 0x88A4, 0xB0C6, 0xD8E7, 0xE908, 0xE108,
    0xD8E7, 0xD0E7, 0xD8E7, 0xD8E7, 0xD8E7, 0xD8E7, 0xD8E7, 0xD8E7, 0xD8E7, 0xD8E7, 0xD8E7, 0xD8E7,
    0xD8E7, 0xD8E7, 0xD8E7, 0xD8E7, 0xD8E7, 0xD8E7, 0xD8E7, 0xD8E7, 0xD8E7, 0xD8E7, 0xD8E7, 0xD8E7,
    0xD8E7, 0xD8E7, 0xD8E7, 0xD8E7, 0xD8E7, 0xD8E7, 0xD8E7, 0xD8E7, 0xD8E7, 0xD8E7, 0xD8E7, 0xD8E7,
    0xD8E7, 0xD8E7, 0xD8E7, 0xD8E7, 0xD8E7, 0xD8E7, 0xD8E7, 0xD8E7, 0xD8E7, 0xD8E7, 0xD8E7, 0xD8E7,
    0xD8E7, 0xD8E7, 0xD8E7, 0xD8E7, 0xD8E7, 0xD8E7, 0xD8E7, 0xD8E7, 0xD8E7, 0xD8E7, 0xD8E7, 0xD8E7,
    0xD8E7, 0xD8E7, 0xD8E7, 0xD8E7, 0xC0C7, 0x1000, 0x0000, 0x0000, 0x0000, 0x0000, 0x0000, 0x0000,
    0x0000, 0x0000, 0x0000, 0x0000, 0x3022, 0xA8A7, 0xA8A7, 0xA8A7, 0xA8A7, 0xA8A7, 0xA8A7, 0xA8A7,
    0xA8A7, 0xA8A7, 0xA8A7, 0xA8A7, 0xA8A7, 0xA8A7, 0xA8A7, 0xA8A7, 0xA8A7, 0xA8A7, 0xA8A7, 0xA8A7,
    0xB0A8, 0xB8A8, 0xA8A7, 0x8886, 0x6864, 0x4843, 0x2021, 0x0000, 0x0000, 0x0000, 0x0000, 0x0000,
    0x0000, 0x0000, 0x0000, 0x0000, 0x0000, 0x0000, 0x0000, 0x0000, 0x0000, 0x0000, 0x0000, 0x0000,
    0x0000, 0x0000, 0x0000, 0x0000, 0x0000, 0x0000, 0x0000, 0x0000, 0x0000, 0x0000, 0x0000, 0x0000,
    0x0000, 0x0000, 0x0000, 0x0000, 0x0000, 0x0000, 0x0000, 0x0000, 0x0000, 0x0000, 0x0000, 0x0000,
    0x0000, 0x0000, 0x0000, 0x0000, 0x0000, 0x0000, 0x0000, 0x0000, 0x0000, 0x0000, 0x0000, 0x0000,
    0x0000, 0x0000, 0x0000, 0x0000, 0x0000, 0x0000, 0x0000, 0x0000, 0x0000, 0x0000, 0x0000, 0x0000,
    0x0000, 0x0000, 0x0000, 0x0000, 0x0000, 0x0000, 0x0000, 0x0000, 0x0000, 0x0000, 0x0000, 0x0000,
    0x0000, 0x0000, 0x0000, 0x0000, 0x0000, 0x0000, 0x0000, 0x0000, 0x0000, 0x0000, 0x0000, 0x0000,
    0x0000, 0x0000, 0x0000, 0x0000, 0x0000, 0x0000, 0x0000, 0x0000, 0x0000, 0x0000, 0x0000, 0x0000,
    0x0000, 0x0000, 0x0000, 0x0000, 0x0000, 0x0000, 0x0000, 0x0000, 0x0000, 0x0000, 0x0000, 0x0000,
    0x0000, 0x0000, 0x0000, 0x0000, 0x0000, 0x0000, 0x0000, 0x0000, 0x0000, 0x0000, 0x0000, 0x0000,
    0x0000, 0x0000, 0x3842, 0x7083, 0x98A5, 0xB8C6, 0xD8E7, 0xE908, 0xE108, 0xD8E7, 0xD0E7, 0xD0E7,
    0xD8E7, 0xD8E7, 0xD8E7, 0xD8E7, 0xD8E7, 0xD8E7, 0xD8E7, 0xD8E7, 0xD8E7, 0xD8E7, 0xD8E7, 0xD8E7,
    0xD8E7, 0xD8E7, 0xD8E7, 0xD8E7, 0xD8E7, 0xD8E7, 0xD8E7, 0xD8E7, 0xD8E7, 0xD8E7, 0xD8E7, 0xD8E7,
    0xD8E7, 0xD8E7, 0xD8E7, 0xD8E7, 0xD8E7, 0xD8E7, 0xD8E7, 0xD8E7, 0xD8E7, 0xD8E7, 0xD8E7, 0xD8E7,
    0xD8E7, 0xD8E7, 0xD8E7, 0xD8E7, 0xD8E7, 0xD8E7, 0xD8E7, 0xD8E7, 0xD8E7, 0xD8E7, 0xD8E7, 0xD8E7,
    0xD8E7, 0xD8E7, 0xD8E7, 0xD8E7, 0xD8E7, 0xD8E7, 0xD8E7, 0xD8E7, 0xD8E7, 0xD8E7, 0xD8E7, 0xD8E7,
    0xD8E7, 0xD8E7, 0xD8E7, 0xD8E7, 0xD8E7, 0x6063, 0x0000, 0x0000, 0x0000, 0x0000, 0x0000, 0x0000,
    0x0000, 0x0000, 0x0000, 0x0000, 0x2021, 0xA887, 0xA8A7, 0xA8A7, 0xA8A7, 0xA8A7, 0xA8A7, 0xA8A7,
    0xA8A7, 0xA8A7, 0xA8A7, 0xA8A7, 0xA8A7, 0xA8A7, 0xA8A7, 0xA8A7, 0xA8A7, 0xA8A7, 0xA8A7, 0xA8A7,
    0xA8A7, 0xA8A7, 0xA8A7, 0xB0A8, 0xB8A8, 0xA8A7, 0x9086, 0x7865, 0x5843, 0x3022, 0x0000, 0x0000,
    0x0000, 0x0000, 0x0000, 0x0000, 0x0000, 0x0000, 0x0000, 0x0000, 0x0000, 0x0000, 0x0000, 0x0000,
    0x0000, 0x0000, 0x0000, 0x0000, 0x0000, 0x0000, 0x0000, 0x0000, 0x0000, 0x0000, 0x0000, 0x0000,
    0x0000, 0x0000, 0x0000, 0x0000, 0x0000, 0x0000, 0x0000, 0x0000, 0x0000, 0x0000, 0x0000, 0x0000,
    0x0000, 0x0000, 0x0000, 0x0000, 0x0000, 0x0000, 0x0000, 0x0000, 0x0000, 0x0000, 0x0000, 0x0000,
    0x0000, 0x0000, 0x0000, 0x0000, 0x0000, 0x0000, 0x0000, 0x0000, 0x0000, 0x0000, 0x0000, 0x0000,
    0x0000, 0x0000, 0x0000, 0x0000, 0x0000, 0x0000, 0x0000, 0x0000, 0x0000, 0x0000, 0x0000, 0x0000,
    0x0000, 0x0000, 0x0000, 0x0000, 0x0000, 0x0000, 0x0000, 0x0000, 0x0000, 0x0000, 0x0000, 0x0000,
    0x0000, 0x0000, 0x0000, 0x0000, 0x0000, 0x0000, 0x0000, 0x0000, 0x0000, 0x0000, 0x0000, 0x0000,
    0x0000, 0x0000, 0x0000, 0x0000, 0x0000, 0x0000, 0x0000, 0x0000, 0x0000, 0x0000, 0x0000, 0x0000,
    0x0000, 0x0000, 0x0000, 0x0000, 0x0000, 0x0000, 0x0000, 0x0000, 0x0000, 0x0000, 0x0800, 0x4042,
    0x8084, 0xA8C5, 0xC0E6, 0xD8E7, 0xE908, 0xE108, 0xD8E7, 0xD0E7, 0xD8E7, 0xD8E7, 0xD8E7, 0xD8E7,
    0xD8E7, 0xD8E7, 0xD8E7, 0xD8E7, 0xD8E7, 0xD8E7, 0xD8E7, 0xD8E7, 0xD8E7, 0xD8E7, 0xD8E7, 0xD8E7,
    0xD8E7, 0xD8E7, 0xD8E7, 0xD8E7, 0xD8E7, 0xD8E7, 0xD8E7, 0xD8E7, 0xD8E7, 0xD8E7, 0xD8E7, 0xD8E7,
    0xD8E7, 0xD8E7, 0xD8E7, 0xD8E7, 0xD8E7, 0xD8E7, 0xD8E7, 0xD8E7, 0xD8E7, 0xD8E7, 0xD8E7, 0xD8E7,
    0xD8E7, 0xD8E7, 0xD8E7, 0xD8E7, 0xD8E7, 0xD8E7, 0xD8E7, 0xD8E7, 0xD8E7, 0xD8E7, 0xD8E7, 0xD8E7,
    0xD8E7, 0xD8E7, 0xD8E7, 0xD8E7, 0xD8E7, 0xD8E7, 0xD8E7, 0xD8E7, 0xD8E7, 0xD8E7, 0xD8E7, 0xD8E7,
    0xD8E7, 0xD8E7, 0xD8E7, 0xD8E7, 0xE108, 0xB0C6, 0x0000, 0x0000, 0x0000, 0x0000, 0x0000, 0x0000,
    0x0000, 0x0000, 0x0000, 0x0000, 0x0800, 0xA087, 0xB0A7, 0xA8A7, 0xA8A7, 0xA8A7, 0xA8A7, 0xA8A7,
    0xA8A7, 0xA8A7, 0xA8A7, 0xA8A7, 0xA8A7, 0xA8A7, 0xA8A7, 0xA8A7, 0xA8A7, 0xA8A7, 0xA8A7, 0xA8A7,
    0xA8A7, 0xA8A7, 0xA8A7, 0xA8A7, 0xA8A7, 0xA8A7, 0xB0A7, 0xB8A8, 0xB0A7, 0x9886, 0x8885, 0x6864,
    0x3822, 0x0800, 0x0000, 0x0000, 0x0000, 0x0000, 0x0000, 0x0000, 0x0000, 0x0000, 0x0000, 0x0000,
    0x0000, 0x0000, 0x0000, 0x0000, 0x0000, 0x0000, 0x0000, 0x0000, 0x0000, 0x0000, 0x0000, 0x0000,
    0x0000, 0x0000, 0x0000, 0x0000, 0x0000, 0x0000, 0x0000, 0x0000, 0x0000, 0x0000, 0x0000, 0x0000,
    0x0000, 0x0000, 0x0000, 0x0000, 0x0000, 0x0000, 0x0000, 0x0000, 0x0000, 0x0000, 0x0000, 0x0000,
    0x0000, 0x0000, 0x0000, 0x0000, 0x0000, 0x0000, 0x0000, 0x0000, 0x0000, 0x0000, 0x0000, 0x0000,
    0x0000, 0x0000, 0x0000, 0x0000, 0x0000, 0x0000, 0x0000, 0x0000, 0x0000, 0x0000, 0x0000, 0x0000,
    0x0000, 0x0000, 0x0000, 0x0000, 0x0000, 0x0000, 0x0000, 0x0000, 0x0000, 0x0000, 0x0000, 0x0000,
    0x0000, 0x0000, 0x0000, 0x0000, 0x0000, 0x0000, 0x0000, 0x0000, 0x0000, 0x0000, 0x0000, 0x0000,
    0x0000, 0x0000, 0x0000, 0x0000, 0x0000, 0x0000, 0x0000, 0x0000, 0x0000, 0x0000, 0x0000, 0x0000,
    0x0000, 0x0000, 0x0000, 0x0000, 0x0000, 0x0000, 0x0000, 0x1000, 0x5043, 0x90A5, 0xB0C6, 0xC8E7,
    0xE108, 0xE908, 0xE108, 0xD8E7, 0xD8E7, 0xD8E7, 0xD8E7, 0xD8E7, 0xD8E7, 0xD8E7, 0xD8E7, 0xD8E7,
    0xD8E7, 0xD8E7, 0xD8E7, 0xD8E7, 0xD8E7, 0xD8E7, 0xD8E7, 0xD8E7, 0xD8E7, 0xD8E7, 0xD8E7, 0xD8E7,
    0xD8E7, 0xD8E7, 0xD8E7, 0xD8E7, 0xD8E7, 0xD8E7, 0xD8E7, 0xD8E7, 0xD8E7, 0xD8E7, 0xD8E7, 0xD8E7,
    0xD8E7, 0xD8E7, 0xD8E7, 0xD8E7, 0xD8E7, 0xD8E7, 0xD8E7, 0xD8E7, 0xD8E7, 0xD8E7, 0xD8E7, 0xD8E7,
    0xD8E7, 0xD8E7, 0xD8E7, 0xD8E7, 0xD8E7, 0xD8E7, 0xD8E7, 0xD8E7, 0xD8E7, 0xD8E7, 0xD8E7, 0xD8E7,
    0xD8E7, 0xD8E7, 0xD8E7, 0xD8E7, 0xD8E7, 0xD8E7, 0xD8E7, 0xD8E7, 0xD8E7, 0xD8E7, 0xD8E7, 0xD8E7,
    0xD8E7, 0xD8E7, 0xD8E7, 0xD8E7, 0xE107, 0xC8E7, 0x3021, 0x0000, 0x0000, 0x0000, 0x0000, 0x0000,
    0x0000, 0x0000, 0x0000, 0x0000, 0x0000, 0xA087, 0xB0A7, 0xA8A7, 0xA8A7, 0xA8A7, 0xA8A7, 0xA8A7,
    0xA8A7, 0xA8A7, 0xA8A7, 0xA8A7, 0xA8A7, 0xA8A7, 0xA8A7, 0xA8A7, 0xA8A7, 0xA8A7, 0xA8A7, 0xA8A7,
    0xA8A7, 0xA8A7, 0xA8A7, 0xA8A7, 0xA8A7, 0xA8A7, 0xA8A7, 0xA8A7, 0xA8A7, 0xB0A7, 0xB0A8, 0xB0A7,
    0xA0A7, 0x9086, 0x7865, 0x4843, 0x1801, 0x0000, 0x0000, 0x0000, 0x0000, 0x0000, 0x0000, 0x0000,
    0x0000, 0x0000, 0x0000, 0x0000, 0x0000, 0x0000, 0x0000, 0x0000, 0x0000, 0x0000, 0x0000, 0x0000,
    0x0000, 0x0000, 0x0000, 0x0000, 0x0000, 0x0000, 0x0000, 0x0000, 0x0000, 0x0000, 0x0000, 0x0000,
    0x0000, 0x0000, 0x0000, 0x0000, 0x0000, 0x0000, 0x0000, 0x0000, 0x0000, 0x0000, 0x0000, 0x0000,
    0x0000, 0x0000, 0x0000, 0x0000, 0x0000, 0x0000, 0x0000, 0x0000, 0x0000, 0x0000, 0x0000, 0x0000,
    0x0000, 0x0000, 0x0000, 0x0000, 0x0000, 0x0000, 0x0000, 0x0000, 0x0000, 0x0000, 0x0000, 0x0000,
    0x0000, 0x0000, 0x0000, 0x0000, 0x0000, 0x0000, 0x0000, 0x0000, 0x0000, 0x0000, 0x0000, 0x0000,
    0x0000, 0x0000, 0x0000, 0x0000, 0x0000, 0x0000, 0x0000, 0x0000, 0x0000, 0x0000, 0x0000, 0x0000,
    0x0000, 0x0000, 0x0000, 0x0000, 0x0000, 0x0000, 0x0000, 0x0000, 0x0000, 0x0000, 0x0000, 0x0000,
    0x0000, 0x0000, 0x0000, 0x0000, 0x1820, 0x6063, 0x98A5, 0xC0C6, 0xD0E7, 0xE108, 0xE108, 0xE107,
    0xD8E7, 0xD8E7, 0xD8E7, 0xD8E7, 0xD8E7, 0xD8E7, 0xD8E7, 0xD8E7, 0xD8E7, 0xD8E7, 0xD8E7, 0xD8E7,
    0xD8E7, 0xD8E7, 0xD8E7, 0xD8E7, 0xD8E7, 0xD8E7, 0xD8E7, 0xD8E7, 0xD8E7, 0xD8E7, 0xD8E7, 0xD8E7,
    0xD8E7, 0xD8E7, 0xD8E7, 0xD8E7, 0xD8E7, 0xD8E7, 0xD8E7, 0xD8E7, 0xD8E7, 0xD8E7, 0xD8E7, 0xD8E7,
    0xD8E7, 0xD8E7, 0xD8E7, 0xD8E7, 0xD8E7, 0xD8E7, 0xD8E7, 0xD8E7, 0xD8E7, 0xD8E7, 0xD8E7, 0xD8E7,
    0xD8E7, 0xD8E7, 0xD8E7, 0xD8E7, 0xD8E7, 0xD8E7, 0xD8E7, 0xD8E7, 0xD8E7, 0xD8E7, 0xD8E7, 0xD8E7,
    0xD8E7, 0xD8E7, 0xD8E7, 0xD8E7, 0xD8E7, 0xD8E7, 0xD8E7, 0xD8E7, 0xD8E7, 0xD8E7, 0xD8E7, 0xD8E7,
    0xD8E7, 0xD8E7, 0xD8E7, 0xD8E7, 0xD8E7, 0xD8E7, 0x6863, 0x0000, 0x0000, 0x0000, 0x0000, 0x0000,
    0x0000, 0x0000, 0x0000, 0x0000, 0x0000, 0x9887, 0xB0A7, 0xA8A7, 0xA8A7, 0xA8A7, 0xA8A7, 0xA8A7,
    0xA8A7, 0xA8A7, 0xA8A7, 0xA8A7, 0xA8A7, 0xA8A7, 0xA8A7, 0xA8A7, 0xA8A7, 0xA8A7, 0xA8A7, 0xA8A7,
    0xA8A7, 0xA8A7, 0xA8A7, 0xA8A7, 0xA8A7, 0xA8A7, 0xA8A7, 0xA8A7, 0xA8A7, 0xA8A7, 0xA8A7, 0xA8A7,
    0xB0A7, 0xB0A8, 0xB0A7, 0xA887, 0x9887, 0x8085, 0x5843, 0x2021, 0x0000, 0x0000, 0x0000, 0x0000,
    0x0000, 0x0000, 0x0000, 0x0000, 0x0000, 0x0000, 0x0000, 0x0000, 0x0000, 0x0000, 0x0000, 0x0000,
    0x0000, 0x0000, 0x0000, 0x0000, 0x0000, 0x0000, 0x0000, 0x0000, 0x0000, 0x0000, 0x0000, 0x0000,
    0x0000, 0x0000, 0x0000, 0x0000, 0x0000, 0x0000, 0x0000, 0x0000, 0x0000, 0x0000, 0x0000, 0x0000,
    0x0000, 0x0000, 0x0000, 0x0000, 0x0000, 0x0000, 0x0000, 0x0000, 0x0000, 0x0000, 0x0000, 0x0000,
    0x0000, 0x0000, 0x0000, 0x0000, 0x0000, 0x0000, 0x0000, 0x0000, 0x0000, 0x0000, 0x0000, 0x0000,
    0x0000, 0x0000, 0x0000, 0x0000, 0x0000, 0x0000, 0x0000, 0x0000, 0x0000, 0x0000, 0x0000, 0x0000,
    0x0000, 0x0000, 0x0000, 0x0000, 0x0000, 0x0000, 0x0000, 0x0000, 0x0000, 0x0000, 0x0000, 0x0000,
    0x0000, 0x0000, 0x0000, 0x0000, 0x0000, 0x0000, 0x0000, 0x0000, 0x0000, 0x0000, 0x0000, 0x0000,
    0x0000, 0x2021, 0x6863, 0xA8C6, 0xC8E7, 0xD0E7, 0xE108, 0xE108, 0xD907, 0xD8E7, 0xD8E7, 0xD8E7,
    0xD8E7, 0xD8E7, 0xD8E7, 0xD8E7, 0xD8E7, 0xD8E7, 0xD8E7, 0xD8E7, 0xD8E7, 0xD8E7, 0xD8E7, 0xD8E7,
    0xD8E7, 0xD8E7, 0xD8E7, 0xD8E7, 0xD8E7, 0xD8E7, 0xD8E7, 0xD8E7, 0xD8E7, 0xD8E7, 0xD8E7, 0xD8E7,
    0xD8E7, 0xD8E7, 0xD8E7, 0xD8E7, 0xD8E7, 0xD8E7, 0xD8E7, 0xD8E7, 0xD8E7, 0xD8E7, 0xD8E7, 0xD8E7,
    0xD8E7, 0xD8E7, 0xD8E7, 0xD8E7, 0xD8E7, 0xD8E7, 0xD8E7, 0xD8E7, 0xD8E7, 0xD8E7, 0xD8E7, 0xD8E7,
    0xD8E7, 0xD8E7, 0xD8E7, 0xD8E7, 0xD8E7, 0xD8E7, 0xD8E7, 0xD8E7, 0xD8E7, 0xD8E7, 0xD8E7, 0xD8E7,
    0xD8E7, 0xD8E7, 0xD8E7, 0xD8E7, 0xD8E7, 0xD8E7, 0xD8E7, 0xD8E7, 0xD8E7, 0xD8E7, 0xD8E7, 0xD8E7,
    0xD8E7, 0xD8E7, 0xD8E7, 0xD8E7, 0xD8E7, 0xE108, 0x98A5, 0x0000, 0x0000, 0x0000, 0x0000, 0x0000,
    0x0000, 0x0000, 0x0000, 0x0000, 0x0000, 0x9886, 0xB0A7, 0xA8A7, 0xA8A7, 0xA8A7, 0xA8A7, 0xA8A7,
    0xA8A7, 0xA8A7, 0xA8A7, 0xA8A7, 0xA8A7, 0xA8A7, 0xA8A7, 0xA8A7, 0xA8A7, 0xA8A7, 0xA8A7, 0xA8A7,
    0xA8A7, 0xA8A7, 0xA8A7, 0xA8A7, 0xA8A7, 0xA8A7, 0xA8A7, 0xA8A7, 0xA8A7, 0xA8A7, 0xA8A7, 0xA8A7,
    0xA8A7, 0xA8A7, 0xA8A7, 0xA8A7, 0xB0A7, 0xB0A7, 0xA8A7, 0xA0A7, 0x9086, 0x6044, 0x3022, 0x0000,
    0x0000, 0x0000, 0x0000, 0x0000, 0x0000, 0x0000, 0x0000, 0x0000, 0x0000, 0x0000, 0x0000, 0x0000,
    0x0000, 0x0000, 0x0000, 0x0000, 0x0000, 0x0000, 0x0000, 0x0000, 0x0000, 0x0000, 0x0000, 0x0000,
    0x0000, 0x0000, 0x0000, 0x0000, 0x0000, 0x0000, 0x0000, 0x0000, 0x0000, 0x0000, 0x0000, 0x0000,
    0x0000, 0x0000, 0x0000, 0x0000, 0x0000, 0x0000, 0x0000, 0x0000, 0x0000, 0x0000, 0x0000, 0x0000,
    0x0000, 0x0000, 0x0000, 0x0000, 0x0000, 0x0000, 0x0000, 0x0000, 0x0000, 0x0000, 0x0000, 0x0000,
    0x0000, 0x0000, 0x0000, 0x0000, 0x0000, 0x0000, 0x0000, 0x0000, 0x0000, 0x0000, 0x0000, 0x0000,
    0x0000, 0x0000, 0x0000, 0x0000, 0x0000, 0x0000, 0x0000, 0x0000, 0x0000, 0x0000, 0x0000, 0x0000,
    0x0000, 0x0000, 0x0000, 0x0000, 0x0000, 0x0000, 0x0000, 0x0000, 0x0000, 0x0000, 0x3021, 0x7884,
    0xB8C6, 0xD0E7, 0xD8E7, 0xE107, 0xE108, 0xD8E7, 0xD8E7, 0xD8E7, 0xD8E7, 0xD8E7, 0xD8E7, 0xD8E7,
    0xD8E7, 0xD8E7, 0xD8E7, 0xD8E7, 0xD8E7, 0xD8E7, 0xD8E7, 0xD8E7, 0xD8E7, 0xD8E7, 0xD8E7, 0xD8E7,
    0xD8E7, 0xD8E7, 0xD8E7, 0xD8E7, 0xD8E7, 0xD8E7, 0xD8E7, 0xD8E7, 0xD8E7, 0xD8E7, 0xD8E7, 0xD8E7,
    0xD8E7, 0xD8E7, 0xD8E7, 0xD8E7, 0xD8E7, 0xD8E7, 0xD8E7, 0xD8E7, 0xD8E7, 0xD8E7, 0xD8E7, 0xD8E7,
    0xD8E7, 0xD8E7, 0xD8E7, 0xD8E7, 0xD8E7, 0xD8E7, 0xD8E7, 0xD8E7, 0xD8E7, 0xD8E7, 0xD8E7, 0xD8E7,
    0xD8E7, 0xD8E7, 0xD8E7, 0xD8E7, 0xD8E7, 0xD8E7, 0xD8E7, 0xD8E7, 0xD8E7, 0xD8E7, 0xD8E7, 0xD8E7,
    0xD8E7, 0xD8E7, 0xD8E7, 0xD8E7, 0xD8E7, 0xD8E7, 0xD8E7, 0xD8E7, 0xD8E7, 0xD8E7, 0xD8E7, 0xD8E7,
    0xD8E7, 0xD8E7, 0xD8E7, 0xD8E7, 0xD8E7, 0xE908, 0xA8C6, 0x0000, 0x0000, 0x0000, 0x0000, 0x0000,
    0x0000, 0x0000, 0x0000, 0x0000, 0x0000, 0x9086, 0xB0A7, 0xA8A7, 0xA8A7, 0xA8A7, 0xA8A7, 0xA8A7,
    0xA8A7, 0xA8A7, 0xA8A7, 0xA8A7, 0xA8A7, 0xA8A7, 0xA8A7, 0xA8A7, 0xA8A7, 0xA8A7, 0xA8A7, 0xA8A7,
    0xA8A7, 0xA8A7, 0xA8A7, 0xA8A7, 0xA8A7, 0xA8A7, 0xA8A7, 0xA8A7, 0xA8A7, 0xA8A7, 0xA8A7, 0xA8A7,
    0xA8A7, 0xA8A7, 0xA8A7, 0xA8A7, 0xA8A7, 0xA8A7, 0xA8A7, 0xB0A7, 0xB0A7, 0xA8A7, 0xA8A7, 0x9887,
    0x7065, 0x3842, 0x0800, 0x0000, 0x0000, 0x0000, 0x0000, 0x0000, 0x0000, 0x0000, 0x0000, 0x0000,
    0x0000, 0x0000, 0x0000, 0x0000, 0x0000, 0x0000, 0x0000, 0x0000, 0x0000, 0x0000, 0x0000, 0x0000,
    0x0000, 0x0000, 0x0000, 0x0000, 0x0000, 0x0000, 0x0000, 0x0000, 0x0000, 0x0000, 0x0000, 0x0000,
    0x0000, 0x0000, 0x0000, 0x0000, 0x0000, 0x0000, 0x0000, 0x0000, 0x0000, 0x0000, 0x0000, 0x0000,
    0x0000, 0x0000, 0x0000, 0x0000, 0x0000, 0x0000, 0x0000, 0x0000, 0x0000, 0x0000, 0x0000, 0x0000,
    0x0000, 0x0000, 0x0000, 0x0000, 0x0000, 0x0000, 0x0000, 0x0000, 0x0000, 0x0000, 0x0000, 0x0000,
    0x0000, 0x0000, 0x0000, 0x0000, 0x0000, 0x0000, 0x0000, 0x0000, 0x0000, 0x0000, 0x0000, 0x0000,
    0x0000, 0x0000, 0x0000, 0x0000, 0x0000, 0x0000, 0x0000, 0x1801, 0x7083, 0xC0C6, 0xD8E7, 0xD8E7,
    0xD8E7, 0xD8E7, 0xD8E7, 0xD8E7, 0xD8E7, 0xD8E7, 0xD8E7, 0xD8E7, 0xD8E7, 0xD8E7, 0xD8E7, 0xD8E7,
    0xD8E7, 0xD8E7, 0xD8E7, 0xD8E7, 0xD8E7, 0xD8E7, 0xD8E7, 0xD8E7, 0xD8E7, 0xD8E7, 0xD8E7, 0xD8E7,
    0xD8E7, 0xD8E7, 0xD8E7, 0xD8E7, 0xD8E7, 0xD8E7, 0xD8E7, 0xD8E7, 0xD8E7, 0xD8E7, 0xD8E7, 0xD8E7,
    0xD8E7, 0xD8E7, 0xD8E7, 0xD8E7, 0xD8E7, 0xD8E7, 0xD8E7, 0xD8E7, 0xD8E7, 0xD8E7, 0xD8E7, 0xD8E7,
    0xD8E7, 0xD8E7, 0xD8E7, 0xD8E7, 0xD8E7, 0xD8E7, 0xD8E7, 0xD8E7, 0xD8E7, 0xD8E7, 0xD8E7, 0xD8E7,
    0xD8E7, 0xD8E7, 0xD8E7, 0xD8E7, 0xD8E7, 0xD8E7, 0xD8E7, 0xD8E7, 0xD8E7, 0xD8E7, 0xD8E7, 0xD8E7,
    0xD8E7, 0xD8E7, 0xD8E7, 0xD8E7, 0xD8E7, 0xD8E7, 0xD8E7, 0xD8E7, 0xD8E7, 0xD8E7, 0xD8E7, 0xD8E7,
    0xD8E7, 0xD8E7, 0xD8E7, 0xD8E7, 0xD8E7, 0xE108, 0xB0C6, 0x0800, 0x0000, 0x0000, 0x0000, 0x0000,
    0x0000, 0x0000, 0x0000, 0x0000, 0x0000, 0x8886, 0xB0A7, 0xA8A7, 0xA8A7, 0xA8A7, 0xA8A7, 0xA8A7,
    0xA8A7, 0xA8A7, 0xA8A7, 0xA8A7, 0xA8A7, 0xA8A7, 0xA8A7, 0xA8A7, 0xA8A7, 0xA8A7, 0xA8A7, 0xA8A7,
    0xA8A7, 0xA8A7, 0xA8A7, 0xA8A7, 0xA8A7, 0xA8A7, 0xA8A7, 0xA8A7, 0xA8A7, 0xA8A7, 0xA8A7, 0xA8A7,
    0xA8A7, 0xA8A7, 0xA8A7, 0xA8A7, 0xA8A7, 0xA8A7, 0xA8A7, 0xA8A7, 0xA8A7, 0xA8A7, 0xA8A7, 0xB0A7,
    0xA8A7, 0xA8A7, 0xA8A7, 0x7865, 0x3022, 0x0800, 0x0000, 0x0000, 0x0000, 0x0000, 0x0000, 0x0000,
    0x0000, 0x0000, 0x0000, 0x0000, 0x0000, 0x0000, 0x0000, 0x0000, 0x0000, 0x0000, 0x0000, 0x0000,
    0x0000, 0x0000, 0x0000, 0x0000, 0x0000, 0x0000, 0x0000, 0x0000, 0x0000, 0x0000, 0x0000, 0x0000,
    0x0000, 0x0000, 0x0000, 0x0000, 0x0000, 0x0000, 0x0000, 0x0000, 0x0000, 0x0000, 0x0000, 0x0000,
    0x0000, 0x0000, 0x0000, 0x0000, 0x0000, 0x0000, 0x0000, 0x0000, 0x0000, 0x0000, 0x0000, 0x0000,
    0x0000, 0x0000, 0x0000, 0x0000, 0x0000, 0x0000, 0x0000, 0x0000, 0x0000, 0x0000, 0x0000, 0x0000,
    0x0000, 0x0000, 0x0000, 0x0000, 0x0000, 0x0000, 0x0000, 0x0000, 0x0000, 0x0000, 0x0000, 0x0000,
    0x0000, 0x0000, 0x0000, 0x0000, 0x0000, 0x3021, 0x98A5, 0xE108, 0xE107, 0xD8E7, 0xD8E7, 0xD8E7,
    0xD8E7, 0xD8E7, 0xD8E7, 0xD8E7, 0xD8E7, 0xD8E7, 0xD8E7, 0xD8E7, 0xD8E7, 0xD8E7, 0xD8E7, 0xD8E7,
    0xD8E7, 0xD8E7, 0xD8E7, 0xD8E7, 0xD8E7, 0xD8E7, 0xD8E7, 0xD8E7, 0xD8E7, 0xD8E7, 0xD8E7, 0xD8E7,
    0xD8E7, 0xD8E7, 0xD8E7, 0xD8E7, 0xD8E7, 0xD8E7, 0xD8E7, 0xD8E7, 0xD8E7, 0xD8E7, 0xD8E7, 0xD8E7,
    0xD8E7, 0xD8E7, 0xD8E7, 0xD8E7, 0xD8E7, 0xD8E7, 0xD8E7, 0xD8E7, 0xD8E7, 0xD8E7, 0xD8E7, 0xD8E7,
    0xD8E7, 0xD8E7, 0xD8E7, 0xD8E7, 0xD8E7, 0xD8E7, 0xD8E7, 0xD8E7, 0xD8E7, 0xD8E7, 0xD8E7, 0xD8E7,
    0xD8E7, 0xD8E7, 0xD8E7, 0xD8E7, 0xD8E7, 0xD8E7, 0xD8E7, 0xD8E7, 0xD8E7, 0xD8E7, 0xD8E7, 0xD8E7,
    0xD8E7, 0xD8E7, 0xD8E7, 0xD8E7, 0xD8E7, 0xD8E7, 0xD8E7, 0xD8E7, 0xD8E7, 0xD8E7, 0xD8E7, 0xD8E7,
    0xD8E7, 0xD8E7, 0xD8E7, 0xD8E7, 0xD8E7, 0xE108, 0xB8C6, 0x1800, 0x0000, 0x0000, 0x0000, 0x0000,
    0x0000, 0x0000, 0x0000, 0x0000, 0x0000, 0x9086, 0xB0A7, 0xA8A7, 0xA8A7, 0xA8A7, 0xA8A7, 0xA8A7,
    0xA8A7, 0xA8A7, 0xA8A7, 0xA8A7, 0xA8A7, 0xA8A7, 0xA8A7, 0xA8A7, 0xA8A7, 0xA8A7, 0xA8A7, 0xA8A7,
    0xA8A7, 0xA8A7, 0xA8A7, 0xA8A7, 0xA8A7, 0xA8A7, 0xA8A7, 0xA8A7, 0xA8A7, 0xA8A7, 0xA8A7, 0xA8A7,
    0xA8A7, 0xA8A7, 0xA8A7, 0xA8A7, 0xA8A7, 0xA8A7, 0xA8A7, 0xA8A7, 0xA8A7, 0xA8A7, 0xA8A7, 0xA8A7,
    0xA8A7, 0xA8A7, 0xA8A7, 0xA8A7, 0xB0A7, 0xA087, 0x5843, 0x0800, 0x0000, 0x0000, 0x0000, 0x0000,
    0x0000, 0x0000, 0x0000, 0x0000, 0x0000, 0x0000, 0x0000, 0x0000, 0x0000, 0x0000, 0x0000, 0x0000,
    0x0000, 0x0000, 0x0000, 0x0000, 0x0000, 0x0000, 0x0000, 0x0000, 0x0000, 0x0000, 0x0000, 0x0000,
    0x0000, 0x0000, 0x0000, 0x0000, 0x0000, 0x0000, 0x0000, 0x0000, 0x0000, 0x0000, 0x0000, 0x0000,
    0x0000, 0x0000, 0x0000, 0x0000, 0x0000, 0x0000, 0x0000, 0x0000, 0x0000, 0x0000, 0x0000, 0x0000,
    0x0000, 0x0000, 0x0000, 0x0000, 0x0000, 0x0000, 0x0000, 0x0000, 0x0000, 0x0000, 0x0000, 0x0000,
    0x0000, 0x0000, 0x0000, 0x0000, 0x0000, 0x0000, 0x0000, 0x0000, 0x0000, 0x0000, 0x0000, 0x0000,
    0x0000, 0x0000, 0x0000, 0x1000, 0x7884, 0xD907, 0xE108, 0xD8E7, 0xD8E7, 0xD8E7, 0xD8E7, 0xD8E7,
    0xD8E7, 0xD8E7, 0xD8E7, 0xD8E7, 0xD8E7, 0xD8E7, 0xD8E7, 0xD8E7, 0xD8E7, 0xD8E7, 0xD8E7, 0xD8E7,
    0xD8E7, 0xD8E7, 0xD8E7, 0xD8E7, 0xD8E7, 0xD8E7, 0xD8E7, 0xD8E7, 0xD8E7, 0xD8E7, 0xD8E7, 0xD8E7,
    0xD8E7, 0xD8E7, 0xD8E7, 0xD8E7, 0xD8E7, 0xD8E7, 0xD8E7, 0xD8E7, 0xD8E7, 0xD8E7, 0xD8E7, 0xD8E7,
    0xD8E7, 0xD8E7, 0xD8E7, 0xD8E7, 0xD8E7, 0xD8E7, 0xD8E7, 0xD8E7, 0xD8E7, 0xD8E7, 0xD8E7, 0xD8E7,
    0xD8E7, 0xD8E7, 0xD8E7, 0xD8E7, 0xD8E7, 0xD8E7, 0xD8E7, 0xD8E7, 0xD8E7, 0xD8E7, 0xD8E7, 0xD8E7,
    0xD8E7, 0xD8E7, 0xD8E7, 0xD8E7, 0xD8E7, 0xD8E7, 0xD8E7, 0xD8E7, 0xD8E7, 0xD8E7, 0xD8E7, 0xD8E7,
    0xD8E7, 0xD8E7, 0xD8E7, 0xD8E7, 0xD8E7, 0xD8E7, 0xD8E7, 0xD8E7, 0xD8E7, 0xD8E7, 0xD8E7, 0xD8E7,
    0xD8E7, 0xD8E7, 0xD8E7, 0xD8E7, 0xD8E7, 0xE108, 0xB8C6, 0x1821, 0x0000, 0x0000, 0x0000, 0x0000,
    0x0000, 0x0000, 0x0000, 0x0000, 0x0000, 0x9886, 0xB0A7, 0xA8A7, 0xA8A7, 0xA8A7, 0xA8A7, 0xA8A7,
    0xA8A7, 0xA8A7, 0xA8A7, 0xA8A7, 0xA8A7, 0xA8A7, 0xA8A7, 0xA8A7, 0xA8A7, 0xA8A7, 0xA8A7, 0xA8A7,
    0xA8A7, 0xA8A7, 0xA8A7, 0xA8A7, 0xA8A7, 0xA8A7, 0xA8A7, 0xA8A7, 0xA8A7, 0xA8A7, 0xA8A7, 0xA8A7,
    0xA8A7, 0xA8A7, 0xA8A7, 0xA8A7, 0xA8A7, 0xA8A7, 0xA8A7, 0xA8A7, 0xA8A7, 0xA8A7, 0xA8A7, 0xA8A7,
    0xA8A7, 0xA8A7, 0xA8A7, 0xA8A7, 0xA8A7, 0xA8A7, 0xB0A8, 0x9886, 0x3822, 0x0000, 0x0000, 0x0000,
    0x0000, 0x0000, 0x0000, 0x0000, 0x0000, 0x0000, 0x0000, 0x0000, 0x0000, 0x0000, 0x0000, 0x0000,
    0x0000, 0x0000, 0x0000, 0x0000, 0x0000, 0x0000, 0x0000, 0x0000, 0x0000, 0x0000, 0x0000, 0x0000,
    0x0000, 0x0000, 0x0000, 0x0000, 0x0000, 0x0000, 0x0000, 0x0000, 0x0000, 0x0000, 0x0000, 0x0000,
    0x0000, 0x0000, 0x0000, 0x0000, 0x0000, 0x0000, 0x0000, 0x0000, 0x0000, 0x0000, 0x0000, 0x0000,
    0x0000, 0x0000, 0x0000, 0x0000, 0x0000, 0x0000, 0x0000, 0x0000, 0x0000, 0x0000, 0x0000, 0x0000,
    0x0000, 0x0000, 0x0000, 0x0000, 0x0000, 0x0000, 0x0000, 0x0000, 0x0000, 0x0000, 0x0000, 0x0000,
    0x0000, 0x0000, 0x3842, 0xB8C6, 0xE108, 0xD0E7, 0xD8E7, 0xD8E7, 0xD8E7, 0xD8E7, 0xD8E7, 0xD8E7,
    0xD8E7, 0xD8E7, 0xD8E7, 0xD8E7, 0xD8E7, 0xD8E7, 0xD8E7, 0xD8E7, 0xD8E7, 0xD8E7, 0xD8E7, 0xD8E7,
    0xD8E7, 0xD8E7, 0xD8E7, 0xD8E7, 0xD8E7, 0xD8E7, 0xD8E7, 0xD8E7, 0xD8E7, 0xD8E7, 0xD8E7, 0xD8E7,
    0xD8E7, 0xD8E7, 0xD8E7, 0xD8E7, 0xD8E7, 0xD8E7, 0xD8E7, 0xD8E7, 0xD8E7, 0xD8E7, 0xD8E7, 0xD8E7,
    0xD8E7, 0xD8E7, 0xD8E7, 0xD8E7, 0xD8E7, 0xD8E7, 0xD8E7, 0xD8E7, 0xD8E7, 0xD8E7, 0xD8E7, 0xD8E7,
    0xD8E7, 0xD8E7, 0xD8E7, 0xD8E7, 0xD8E7, 0xD8E7, 0xD8E7, 0xD8E7, 0xD8E7, 0xD8E7, 0xD8E7, 0xD8E7,
    0xD8E7, 0xD8E7, 0xD8E7, 0xD8E7, 0xD8E7, 0xD8E7, 0xD8E7, 0xD8E7, 0xD8E7, 0xD8E7, 0xD8E7, 0xD8E7,
    0xD8E7, 0xD8E7, 0xD8E7, 0xD8E7, 0xD8E7, 0xD8E7, 0xD8E7, 0xD8E7, 0xD8E7, 0xD8E7, 0xD8E7, 0xD8E7,
    0xD8E7, 0xD8E7, 0xD8E7, 0xD8E7, 0xD8E7, 0xE108, 0xB8C6, 0x2021, 0x0000, 0x0000, 0x0000, 0x0000,
    0x0000, 0x0000, 0x0000, 0x0000, 0x0000, 0xA087, 0xB0A7, 0xA8A7, 0xA8A7, 0xA8A7, 0xA8A7, 0xA8A7,
    0xA8A7, 0xA8A7, 0xA8A7, 0xA8A7, 0xA8A7, 0xA8A7, 0xA8A7, 0xA8A7, 0xA8A7, 0xA8A7, 0xA8A7, 0xA8A7,
    0xA8A7, 0xA8A7, 0xA8A7, 0xA8A7, 0xA8A7, 0xA8A7, 0xA8A7, 0xA8A7, 0xA8A7, 0xA8A7, 0xA8A7, 0xA8A7,
    0xA8A7, 0xA8A7, 0xA8A7, 0xA8A7, 0xA8A7, 0xA8A7, 0xA8A7, 0xA8A7, 0xA8A7, 0xA8A7, 0xA8A7, 0xA8A7,
    0xA8A7, 0xA8A7, 0xA8A7, 0xA8A7, 0xA8A7, 0xA8A7, 0xA8A7, 0xA8A7, 0xB0A7, 0x6864, 0x1000, 0x0000,
    0x0000, 0x0000, 0x0000, 0x0000, 0x0000, 0x0000, 0x0000, 0x0000, 0x0000, 0x0000, 0x0000, 0x0000,
    0x0000, 0x0000, 0x0000, 0x0000, 0x0000, 0x0000, 0x0000, 0x0000, 0x0000, 0x0000, 0x0000, 0x0000,
    0x0000, 0x0000, 0x0000, 0x0000, 0x0000, 0x0000, 0x0000, 0x0000, 0x0000, 0x0000, 0x0000, 0x0000,
    0x0000, 0x0000, 0x0000, 0x0000, 0x0000, 0x0000, 0x0000, 0x0000, 0x0000, 0x0000, 0x0000, 0x0000,
    0x0000, 0x0000, 0x0000, 0x0000, 0x0000, 0x0000, 0x0000, 0x0000, 0x0000, 0x0000, 0x0000, 0x0000,
    0x0000, 0x0000, 0x0000, 0x0000, 0x0000, 0x0000, 0x0000, 0x0000, 0x0000, 0x0000, 0x0000, 0x0000,
    0x0800, 0x6063, 0xD0E7, 0xE108, 0xD0E7, 0xD8E7, 0xD8E7, 0xD8E7, 0xD8E7, 0xD8E7, 0xD8E7, 0xD8E7,
    0xD8E7, 0xD8E7, 0xD8E7, 0xD8E7, 0xD8E7, 0xD8E7, 0xD8E7, 0xD8E7, 0xD8E7, 0xD8E7, 0xD8E7, 0xD8E7,
    0xD8E7, 0xD8E7, 0xD8E7, 0xD8E7, 0xD8E7, 0xD8E7, 0xD8E7, 0xD8E7, 0xD8E7, 0xD8E7, 0xD8E7, 0xD8E7,
    0xD8E7, 0xD8E7, 0xD8E7, 0xD8E7, 0xD8E7, 0xD8E7, 0xD8E7, 0xD8E7, 0xD8E7, 0xD8E7, 0xD8E7, 0xD8E7,
    0xD8E7, 0xD8E7, 0xD8E7, 0xD8E7, 0xD8E7, 0xD8E7, 0xD8E7, 0xD8E7, 0xD8E7, 0xD8E7, 0xD8E7, 0xD8E7,
    0xD8E7, 0xD8E7, 0xD8E7, 0xD8E7, 0xD8E7, 0xD8E7, 0xD8E7, 0xD8E7, 0xD8E7, 0xD8E7, 0xD8E7, 0xD8E7,
    0xD8E7, 0xD8E7, 0xD8E7, 0xD8E7, 0xD8E7, 0xD8E7, 0xD8E7, 0xD8E7, 0xD8E7, 0xD8E7, 0xD8E7, 0xD8E7,
    0xD8E7, 0xD8E7, 0xD8E7, 0xD8E7, 0xD8E7, 0xD8E7, 0xD8E7, 0xD8E7, 0xD8E7, 0xD8E7, 0xD8E7, 0xD8E7,
    0xD8E7, 0xD8E7, 0xD8E7, 0xD8E7, 0xD8E7, 0xE108, 0xB8C6, 0x2021, 0x0000, 0x0000, 0x0000, 0x0000,
    0x0000, 0x0000, 0x0000, 0x0000, 0x0000, 0xA0A7, 0xB0A7, 0xA8A7, 0xA8A7, 0xA8A7, 0xA8A7, 0xA8A7,
    0xA8A7, 0xA8A7, 0xA8A7, 0xA8A7, 0xA8A7, 0xA8A7, 0xA8A7, 0xA8A7, 0xA8A7, 0xA8A7, 0xA8A7, 0xA8A7,
    0xA8A7, 0xA8A7, 0xA8A7, 0xA8A7, 0xA8A7, 0xA8A7, 0xA8A7, 0xA8A7, 0xA8A7, 0xA8A7, 0xA8A7, 0xA8A7,
    0xA8A7, 0xA8A7, 0xA8A7, 0xA8A7, 0xA8A7, 0xA8A7, 0xA8A7, 0xA8A7, 0xA8A7, 0xA8A7, 0xA8A7, 0xA8A7,
    0xA8A7, 0xA8A7, 0xA8A7, 0xA8A7, 0xA8A7, 0xA8A7, 0xA8A7, 0xA8A7, 0xA8A7, 0xB8A8, 0x8886, 0x2021,
    0x0000, 0x0000, 0x0000, 0x0000, 0x0000, 0x0000, 0x0000, 0x0000, 0x0000, 0x0000, 0x0000, 0x0000,
    0x0000, 0x0000, 0x0000, 0x0000, 0x0000, 0x0000, 0x0000, 0x0000, 0x0000, 0x0000, 0x0000, 0x0000,
    0x0000, 0x0000, 0x0000, 0x0000, 0x0000, 0x0000, 0x0000, 0x0000, 0x0000, 0x0000, 0x0000, 0x0000,
    0x0000, 0x0000, 0x0000, 0x0000, 0x0000, 0x0000, 0x0000, 0x0000, 0x0000, 0x0000, 0x0000, 0x0000,
    0x0000, 0x0000, 0x0000, 0x0000, 0x0000, 0x0000, 0x0000, 0x0000, 0x0000, 0x0000, 0x0000, 0x0000,
    0x0000, 0x0000, 0x0000, 0x0000, 0x0000, 0x0000, 0x0000, 0x0000, 0x0000, 0x0000, 0x0000, 0x0800,
    0x8084, 0xE107, 0xD8E7, 0xD0E7, 0xD8E7, 0xD8E7, 0xD8E7, 0xD8E7, 0xD8E7, 0xD8E7, 0xD8E7, 0xD8E7,
    0xD8E7, 0xD8E7, 0xD8E7, 0xD8E7, 0xD8E7, 0xD8E7, 0xD8E7, 0xD8E7, 0xD8E7, 0xD8E7, 0xD8E7, 0xD8E7,
    0xD8E7, 0xD8E7, 0xD8E7, 0xD8E7, 0xD8E7, 0xD8E7, 0xD8E7, 0xD8E7, 0xD8E7, 0xD8E7, 0xD8E7, 0xD8E7,
    0xD8E7, 0xD8E7, 0xD8E7, 0xD8E7, 0xD8E7, 0xD8E7, 0xD8E7, 0xD8E7, 0xD8E7, 0xD8E7, 0xD8E7, 0xD8E7,
    0xD8E7, 0xD8E7, 0xD8E7, 0xD8E7, 0xD8E7, 0xD8E7, 0xD8E7, 0xD8E7, 0xD8E7, 0xD8E7, 0xD8E7, 0xD8E7,
    0xD8E7, 0xD8E7, 0xD8E7, 0xD8E7, 0xD8E7, 0xD8E7, 0xD8E7, 0xD8E7, 0xD8E7, 0xD8E7, 0xD8E7, 0xD8E7,
    0xD8E7, 0xD8E7, 0xD8E7, 0xD8E7, 0xD8E7, 0xD8E7, 0xD8E7, 0xD8E7, 0xD8E7, 0xD8E7, 0xD8E7, 0xD8E7,
    0xD8E7, 0xD8E7, 0xD8E7, 0xD8E7, 0xD8E7, 0xD8E7, 0xD8E7, 0xD8E7, 0xD8E7, 0xD8E7, 0xD8E7, 0xD8E7,
    0xD8E7, 0xD8E7, 0xD8E7, 0xD8E7, 0xD8E7, 0xE108, 0xC0C6, 0x2021, 0x0000, 0x0000, 0x0000, 0x0000,
    0x0000, 0x0000, 0x0000, 0x0000, 0x0000, 0xA087, 0xB0A7, 0xA8A7, 0xA8A7, 0xA8A7, 0xA8A7, 0xA8A7,
    0xA8A7, 0xA8A7, 0xA8A7, 0xA8A7, 0xA8A7, 0xA8A7, 0xA8A7, 0xA8A7, 0xA8A7, 0xA8A7, 0xA8A7, 0xA8A7,
    0xA8A7, 0xA8A7, 0xA8A7, 0xA8A7, 0xA8A7, 0xA8A7, 0xA8A7, 0xA8A7, 0xA8A7, 0xA8A7, 0xA8A7, 0xA8A7,
    0xA8A7, 0xA8A7, 0xA8A7, 0xA8A7, 0xA8A7, 0xA8A7, 0xA8A7, 0xA8A7, 0xA8A7, 0xA8A7, 0xA8A7, 0xA8A7,
    0xA8A7, 0xA8A7, 0xA8A7, 0xA8A7, 0xA8A7, 0xA8A7, 0xA8A7, 0xA8A7, 0xA8A7, 0xA0A7, 0xB0A8, 0x9886,
    0x3022, 0x0000, 0x0000, 0x0000, 0x0000, 0x0000, 0x0000, 0x0000, 0x0000, 0x0000, 0x0000, 0x0000,
    0x0000, 0x0000, 0x0000, 0x0000, 0x0000, 0x0000, 0x0000, 0x0000, 0x0000, 0x0000, 0x0000, 0x0000,
    0x0000, 0x0000, 0x0000, 0x0000, 0x0000, 0x0000, 0x0000, 0x0000, 0x0000, 0x0000, 0x0000, 0x0000,
    0x0000, 0x0000, 0x0000, 0x0000, 0x0000, 0x0000, 0x0000, 0x0000, 0x0000, 0x0000, 0x0000, 0x0000,
    0x0000, 0x0000, 0x0000, 0x0000, 0x0000, 0x0000, 0x0000, 0x0000, 0x0000, 0x0000, 0x0000, 0x0000,
    0x0000, 0x0000, 0x0000, 0x0000, 0x0000, 0x0000, 0x0000, 0x0000, 0x0000, 0x0000, 0x0800, 0x8884,
    0xE908, 0xD0E7, 0xD8E7, 0xD8E7, 0xD8E7, 0xD8E7, 0xD8E7, 0xD8E7, 0xD8E7, 0xD8E7, 0xD8E7, 0xD8E7,
    0xD8E7, 0xD8E7, 0xD8E7, 0xD8E7, 0xD8E7, 0xD8E7, 0xD8E7, 0xD8E7, 0xD8E7, 0xD8E7, 0xD8E7, 0xD8E7,
    0xD8E7, 0xD8E7, 0xD8E7, 0xD8E7, 0xD8E7, 0xD8E7, 0xD8E7, 0xD8E7, 0xD8E7, 0xD8E7, 0xD8E7, 0xD8E7,
    0xD8E7, 0xD8E7, 0xD8E7, 0xD8E7, 0xD8E7, 0xD8E7, 0xD8E7, 0xD8E7, 0xD8E7, 0xD8E7, 0xD8E7, 0xD8E7,
    0xD8E7, 0xD8E7, 0xD8E7, 0xD8E7, 0xD8E7, 0xD8E7, 0xD8E7, 0xD8E7, 0xD8E7, 0xD8E7, 0xD8E7, 0xD8E7,
    0xD8E7, 0xD8E7, 0xD8E7, 0xD8E7, 0xD8E7, 0xD8E7, 0xD8E7, 0xD8E7, 0xD8E7, 0xD8E7, 0xD8E7, 0xD8E7,
    0xD8E7, 0xD8E7, 0xD8E7, 0xD8E7, 0xD8E7, 0xD8E7, 0xD8E7, 0xD8E7, 0xD8E7, 0xD8E7, 0xD8E7, 0xD8E7,
    0xD8E7, 0xD8E7, 0xD8E7, 0xD8E7, 0xD8E7, 0xD8E7, 0xD8E7, 0xD8E7, 0xD8E7, 0xD8E7, 0xD8E7, 0xD8E7,
    0xD8E7, 0xD8E7, 0xD8E7, 0xD8E7, 0xD8E7, 0xE108, 0xC0C6, 0x2021, 0x0000, 0x0000, 0x0000, 0x0000,
    0x0000, 0x0000, 0x0000, 0x0000, 0x0800, 0xA087, 0xB0A7, 0xA8A7, 0xA8A7, 0xA8A7, 0xA8A7, 0xA8A7,
    0xA8A7, 0xA8A7, 0xA8A7, 0xA8A7, 0xA8A7, 0xA8A7, 0xA8A7, 0xA8A7, 0xA8A7, 0xA8A7, 0xA8A7, 0xA8A7,
    0xA8A7, 0xA8A7, 0xA8A7, 0xA8A7, 0xA8A7, 0xA8A7, 0xA8A7, 0xA8A7, 0xA8A7, 0xA8A7, 0xA8A7, 0xA8A7,
    0xA8A7, 0xA8A7, 0xA8A7, 0xA8A7, 0xA8A7, 0xA8A7, 0xA8A7, 0xA8A7, 0xA8A7, 0xA8A7, 0xA8A7, 0xA8A7,
    0xA8A7, 0xA8A7, 0xA8A7, 0xA8A7, 0xA8A7, 0xA8A7, 0xA8A7, 0xA8A7, 0xA8A7, 0xA8A7, 0xA8A7, 0xB0A7,
    0xA087, 0x2821, 0x0000, 0x0000, 0x0000, 0x0000, 0x0000, 0x0000, 0x0000, 0x0000, 0x0000, 0x0000,
    0x0000, 0x0000, 0x0000, 0x0000, 0x0000, 0x0000, 0x0000, 0x0000, 0x0000, 0x0000, 0x0000, 0x0000,
    0x0000, 0x0000, 0x0000, 0x0000, 0x0000, 0x0000, 0x0000, 0x0000, 0x0000, 0x0000, 0x0000, 0x0000,
    0x0000, 0x0000, 0x0000, 0x0000, 0x0000, 0x0000, 0x0000, 0x0000, 0x0000, 0x0000, 0x0000, 0x0000,
    0x0000, 0x0000, 0x0000, 0x0000, 0x0000, 0x0000, 0x0000, 0x0000, 0x0000, 0x0000, 0x0000, 0x0000,
    0x0000, 0x0000, 0x0000, 0x0000, 0x0000, 0x0000, 0x0000, 0x0000, 0x0000, 0x0000, 0x7884, 0xE108,
    0xD0E7, 0xD8E7, 0xD8E7, 0xD8E7, 0xD8E7, 0xD8E7, 0xD8E7, 0xD8E7, 0xD8E7, 0xD8E7, 0xD8E7, 0xD8E7,
    0xD8E7, 0xD8E7, 0xD8E7, 0xD8E7, 0xD8E7, 0xD8E7, 0xD8E7, 0xD8E7, 0xD8E7, 0xD8E7, 0xD8E7, 0xD8E7,
    0xD8E7, 0xD8E7, 0xD8E7, 0xD8E7, 0xD8E7, 0xD8E7, 0xD8E7, 0xD8E7, 0xD8E7, 0xD8E7, 0xD8E7, 0xD8E7,
    0xD8E7, 0xD8E7, 0xD8E7, 0xD8E7, 0xD8E7, 0xD8E7, 0xD8E7, 0xD8E7, 0xD8E7, 0xD8E7, 0xD8E7, 0xD8E7,
    0xD8E7, 0xD8E7, 0xD8E7, 0xD8E7, 0xD8E7, 0xD8E7, 0xD8E7, 0xD8E7, 0xD8E7, 0xD8E7, 0xD8E7, 0xD8E7,
    0xD8E7, 0xD8E7, 0xD8E7, 0xD8E7, 0xD8E7, 0xD8E7, 0xD8E7, 0xD8E7, 0xD8E7, 0xD8E7, 0xD8E7, 0xD8E7,
    0xD8E7, 0xD8E7, 0xD8E7, 0xD8E7, 0xD8E7, 0xD8E7, 0xD8E7, 0xD8E7, 0xD8E7, 0xD8E7, 0xD8E7, 0xD8E7,
    0xD8E7, 0xD8E7, 0xD8E7, 0xD8E7, 0xD8E7, 0xD8E7, 0xD8E7, 0xD8E7, 0xD8E7, 0xD8E7, 0xD8E7, 0xD8E7,
    0xD8E7, 0xD8E7, 0xD8E7, 0xD8E7, 0xD8E7, 0xE108, 0xC0C6, 0x2821, 0x0000, 0x0000, 0x0000, 0x0000,
    0x0000, 0x0000, 0x0000, 0x0000, 0x1000, 0xA087, 0xB0A7, 0xA8A7, 0xA8A7, 0xA8A7, 0xA8A7, 0xA8A7,
    0xA8A7, 0xA8A7, 0xA8A7, 0xA8A7, 0xA8A7, 0xA8A7, 0xA8A7, 0xA8A7, 0xA8A7, 0xA8A7, 0xA8A7, 0xA8A7,
    0xA8A7, 0xA8A7, 0xA8A7, 0xA8A7, 0xA8A7, 0xA8A7, 0xA8A7, 0xA8A7, 0xA8A7, 0xA8A7, 0xA8A7, 0xA8A7,
    0xA8A7, 0xA8A7, 0xA8A7, 0xA8A7, 0xA8A7, 0xA8A7, 0xA8A7, 0xA8A7, 0xA8A7, 0xA8A7, 0xA8A7, 0xA8A7,
    0xA8A7, 0xA8A7, 0xA8A7, 0xA8A7, 0xA8A7, 0xA8A7, 0xA8A7, 0xA8A7, 0xA8A7, 0xA8A7, 0xA8A7, 0xA8A7,
    0xB0A8, 0x9086, 0x1001, 0x0000, 0x0000, 0x0000, 0x0000, 0x0000, 0x0000, 0x0000, 0x0000, 0x0000,
    0x0000, 0x0000, 0x0000, 0x0000, 0x0000, 0x0000, 0x0000, 0x0000, 0x0000, 0x0000, 0x0000, 0x0000,
    0x0000, 0x0000, 0x0000, 0x0000, 0x0000, 0x0000, 0x0000, 0x0000, 0x0000, 0x0000, 0x0000, 0x0000,
    0x0000, 0x0000, 0x0000, 0x0000, 0x0000, 0x0000, 0x0000, 0x0000, 0x0000, 0x0000, 0x0000, 0x0000,
    0x0000, 0x0000, 0x0000, 0x0000, 0x0000, 0x0000, 0x0000, 0x0000, 0x0000, 0x0000, 0x0000, 0x0000,
    0x0000, 0x0000, 0x0000, 0x0000, 0x0000, 0x0000, 0x0000, 0x0000, 0x0000, 0x5863, 0xD8E7, 0xD8E7,
    0xD8E7, 0xD8E7, 0xD8E7, 0xD8E7, 0xD8E7, 0xD8E7, 0xD8E7, 0xD8E7, 0xD8E7, 0xD8E7, 0xD8E7, 0xD8E7,
    0xD8E7, 0xD8E7, 0xD8E7, 0xD8E7, 0xD8E7, 0xD8E7, 0xD8E7, 0xD8E7, 0xD8E7, 0xD8E7, 0xD8E7, 0xD8E7,
    0xD8E7, 0xD8E7, 0xD8E7, 0xD8E7, 0xD8E7, 0xD8E7, 0xD8E7, 0xD8E7, 0xD8E7, 0xD8E7, 0xD8E7, 0xD8E7,
    0xD8E7, 0xD8E7, 0xD8E7, 0xD8E7, 0xD8E7, 0xD8E7, 0xD8E7, 0xD8E7, 0xD8E7, 0xD8E7, 0xD8E7, 0xD8E7,
    0xD8E7, 0xD8E7, 0xD8E7, 0xD8E7, 0xD8E7, 0xD8E7, 0xD8E7, 0xD8E7, 0xD8E7, 0xD8E7, 0xD8E7, 0xD8E7,
    0xD8E7, 0xD8E7, 0xD8E7, 0xD8E7, 0xD8E7, 0xD8E7, 0xD8E7, 0xD8E7, 0xD8E7, 0xD8E7, 0xD8E7, 0xD8E7,
    0xD8E7, 0xD8E7, 0xD8E7, 0xD8E7, 0xD8E7, 0xD8E7, 0xD8E7, 0xD8E7, 0xD8E7, 0xD8E7, 0xD8E7, 0xD8E7,
    0xD8E7, 0xD8E7, 0xD8E7, 0xD8E7, 0xD8E7, 0xD8E7, 0xD8E7, 0xD8E7, 0xD8E7, 0xD8E7, 0xD8E7, 0xD8E7,
    0xD8E7, 0xD8E7, 0xD8E7, 0xD8E7, 0xD8E7, 0xE108, 0xC0C6, 0x2821, 0x0000, 0x0000, 0x0000, 0x0000,
    0x0000, 0x0000, 0x0000, 0x0000, 0x1801, 0xA087, 0xA8A7, 0xA8A7, 0xA8A7, 0xA8A7, 0xA8A7, 0xA8A7,
    0xA8A7, 0xA8A7, 0xA8A7, 0xA8A7, 0xA8A7, 0xA8A7, 0xA8A7, 0xA8A7, 0xA8A7, 0xA8A7, 0xA8A7, 0xA8A7,
    0xA8A7, 0xA8A7, 0xA8A7, 0xA8A7, 0xA8A7, 0xA8A7, 0xA8A7, 0xA8A7, 0xA8A7, 0xA8A7, 0xA8A7, 0xA8A7,
    0xA8A7, 0xA8A7, 0xA8A7, 0xA8A7, 0xA8A7, 0xA8A7, 0xA8A7, 0xA8A7, 0xA8A7, 0xA8A7, 0xA8A7, 0xA8A7,
    0xA8A7, 0xA8A7, 0xA8A7, 0xA8A7, 0xA8A7, 0xA8A7, 0xA8A7, 0xA8A7, 0xA8A7, 0xA8A7, 0xA8A7, 0xA8A7,
    0xA8A7, 0xB0A8, 0x7865, 0x0000, 0x0000, 0x0000, 0x0000, 0x0000, 0x0000, 0x0000, 0x0000, 0x0000,
    0x0000, 0x0000, 0x0000, 0x0000, 0x0000, 0x0000, 0x0000, 0x0000, 0x0000, 0x0000, 0x0000, 0x0000,
    0x0000, 0x0000, 0x0000, 0x0000, 0x0000, 0x0000, 0x0000, 0x0000, 0x0000, 0x0000, 0x0000, 0x0000,
    0x0000, 0x0000, 0x0000, 0x0000, 0x0000, 0x0000, 0x0000, 0x0000, 0x0000, 0x0000, 0x0000, 0x0000,
    0x0000, 0x0000, 0x0000, 0x0000, 0x0000, 0x0000, 0x0000, 0x0000, 0x0000, 0x0000, 0x0000, 0x0000,
    0x0000, 0x0000, 0x0000, 0x0000, 0x0000, 0x0000, 0x0000, 0x0000, 0x2021, 0xD0E7, 0xD8E7, 0xD8E7,
    0xD8E7, 0xD8E7, 0xD8E7, 0xD8E7, 0xD8E7, 0xD8E7, 0xD8E7, 0xD8E7, 0xD8E7, 0xD8E7, 0xD8E7, 0xD8E7,
    0xD8E7, 0xD8E7, 0xD8E7, 0xD8E7, 0xD8E7, 0xD8E7, 0xD8E7, 0xD8E7, 0xD8E7, 0xD8E7, 0xD8E7, 0xD8E7,
    0xD8E7, 0xD8E7, 0xD8E7, 0xD8E7, 0xD8E7, 0xD8E7, 0xD8E7, 0xD8E7, 0xD8E7, 0xD8E7, 0xD8E7, 0xD8E7,
    0xD8E7, 0xD8E7, 0xD8E7, 0xD8E7, 0xD8E7, 0xD8E7, 0xD8E7, 0xD8E7, 0xD8E7, 0xD8E7, 0xD8E7, 0xD8E7,
    0xD8E7, 0xD8E7, 0xD8E7, 0xD8E7, 0xD8E7, 0xD8E7, 0xD8E7, 0xD8E7, 0xD8E7, 0xD8E7, 0xD8E7, 0xD8E7,
    0xD8E7, 0xD8E7, 0xD8E7, 0xD8E7, 0xD8E7, 0xD8E7, 0xD8E7, 0xD8E7, 0xD8E7, 0xD8E7, 0xD8E7, 0xD8E7,
    0xD8E7, 0xD8E7, 0xD8E7, 0xD8E7, 0xD8E7, 0xD8E7, 0xD8E7, 0xD8E7, 0xD8E7, 0xD8E7, 0xD8E7, 0xD8E7,
    0xD8E7, 0xD8E7, 0xD8E7, 0xD8E7, 0xD8E7, 0xD8E7, 0xD8E7, 0xD8E7, 0xD8E7, 0xD8E7, 0xD8E7, 0xD8E7,
    0xD8E7, 0xD8E7, 0xD8E7, 0xD8E7, 0xD8E7, 0xE108, 0xC0E6, 0x3021, 0x0000, 0x0000, 0x0000, 0x0000,
    0x0000, 0x0000, 0x0000, 0x0000, 0x1801, 0xA087, 0xA8A7, 0xA8A7, 0xA8A7, 0xA8A7, 0xA8A7, 0xA8A7,
    0xA8A7, 0xA8A7, 0xA8A7, 0xA8A7, 0xA8A7, 0xA8A7, 0xA8A7, 0xA8A7, 0xA8A7, 0xA8A7, 0xA8A7, 0xA8A7,
    0xA8A7, 0xA8A7, 0xA8A7, 0xA8A7, 0xA8A7, 0xA8A7, 0xA8A7, 0xA8A7, 0xA8A7, 0xA8A7, 0xA8A7, 0xA8A7,
    0xA8A7, 0xA8A7, 0xA8A7, 0xA8A7, 0xA8A7, 0xA8A7, 0xA8A7, 0xA8A7, 0xA8A7, 0xA8A7, 0xA8A7, 0xA8A7,
    0xA8A7, 0xA8A7, 0xA8A7, 0xA8A7, 0xA8A7, 0xA8A7, 0xA8A7, 0xA8A7, 0xA8A7, 0xA8A7, 0xA8A7, 0xA8A7,
    0xA8A7, 0xA8A7, 0xB8A8, 0x4042, 0x0000, 0x0000, 0x0000, 0x0000, 0x0000, 0x0000, 0x0000, 0x0000,
    0x0000, 0x0000, 0x0000, 0x0000, 0x0000, 0x0000, 0x0000, 0x0000, 0x0000, 0x0000, 0x0000, 0x0000,
    0x0000, 0x0000, 0x0000, 0x0000, 0x0000, 0x0000, 0x0000, 0x0000, 0x0000, 0x0000, 0x0000, 0x0000,
    0x0000, 0x0000, 0x0000, 0x0000, 0x0000, 0x0000, 0x0000, 0x0000, 0x0000, 0x0000, 0x0000, 0x0000,
    0x0000, 0x0000, 0x0000, 0x0000, 0x0000, 0x0000, 0x0000, 0x0000, 0x0000, 0x0000, 0x0000, 0x0000,
    0x0000, 0x0000, 0x0000, 0x0000, 0x0000, 0x0000, 0x0000, 0x0000, 0x90A5, 0xE108, 0xD0E7, 0xD8E7,
    0xD8E7, 0xD8E7, 0xD8E7, 0xD8E7, 0xD8E7, 0xD8E7, 0xD8E7, 0xD8E7, 0xD8E7, 0xD8E7, 0xD8E7, 0xD8E7,
    0xD8E7, 0xD8E7, 0xD8E7, 0xD8E7, 0xD8E7, 0xD8E7, 0xD8E7, 0xD8E7, 0xD8E7, 0xD8E7, 0xD8E7, 0xD8E7,
    0xD8E7, 0xD8E7, 0xD8E7, 0xD8E7, 0xD8E7, 0xD8E7, 0xD8E7, 0xD8E7, 0xD8E7, 0xD8E7, 0xD8E7, 0xD8E7,
    0xD8E7, 0xD8E7, 0xD8E7, 0xD8E7, 0xD8E7, 0xD8E7, 0xD8E7, 0xD8E7, 0xD8E7, 0xD8E7, 0xD8E7, 0xD8E7,
    0xD8E7, 0xD8E7, 0xD8E7, 0xD8E7, 0xD8E7, 0xD8E7, 0xD8E7, 0xD8E7, 0xD8E7, 0xD8E7, 0xD8E7, 0xD8E7,
    0xD8E7, 0xD8E7, 0xD8E7, 0xD8E7, 0xD8E7, 0xD8E7, 0xD8E7, 0xD8E7, 0xD8E7, 0xD8E7, 0xD8E7, 0xD8E7,
    0xD8E7, 0xD8E7, 0xD8E7, 0xD8E7, 0xD8E7, 0xD8E7, 0xD8E7, 0xD8E7, 0xD8E7, 0xD8E7, 0xD8E7, 0xD8E7,
    0xD8E7, 0xD8E7, 0xD8E7, 0xD8E7, 0xD8E7, 0xD8E7, 0xD8E7, 0xD8E7, 0xD8E7, 0xD8E7, 0xD8E7, 0xD8E7,
    0xD8E7, 0xD8E7, 0xD8E7, 0xD8E7, 0xD8E7, 0xE108, 0xC0E7, 0x3021, 0x0000, 0x0000, 0x0000, 0x0000,
    0x0000, 0x0000, 0x0000, 0x0000, 0x2021, 0xA087, 0xA8A7, 0xA8A7, 0xA8A7, 0xA8A7, 0xA8A7, 0xA8A7,
    0xA8A7, 0xA8A7, 0xA8A7, 0xA8A7, 0xA8A7, 0xA8A7, 0xA8A7, 0xA8A7, 0xA8A7, 0xA8A7, 0xA8A7, 0xA8A7,
    0xA8A7, 0xA8A7, 0xA8A7, 0xA8A7, 0xA8A7, 0xA8A7, 0xA8A7, 0xA8A7, 0xA8A7, 0xA8A7, 0xA8A7, 0xA8A7,
    0xA8A7, 0xA8A7, 0xA8A7, 0xA8A7, 0xA8A7, 0xA8A7, 0xA8A7, 0xA8A7, 0xA8A7, 0xA8A7, 0xA8A7, 0xA8A7,
    0xA8A7, 0xA8A7, 0xA8A7, 0xA8A7, 0xA8A7, 0xA8A7, 0xA8A7, 0xA8A7, 0xA8A7, 0xA8A7, 0xA8A7, 0xA8A7,
    0xA8A7, 0xA8A7, 0xA8A7, 0x9886, 0x0800, 0x0000, 0x0000, 0x0000, 0x0000, 0x0000, 0x0000, 0x0000,
    0x0000, 0x0000, 0x0000, 0x0000, 0x0000, 0x0000, 0x0000, 0x0000, 0x0000, 0x0000, 0x0000, 0x0000,
    0x0000, 0x0000, 0x0000, 0x0000, 0x0000, 0x0000, 0x0000, 0x0000, 0x0000, 0x0000, 0x0000, 0x0000,
    0x0000, 0x0000, 0x0000, 0x0000, 0x0000, 0x0000, 0x0000, 0x0000, 0x0000, 0x0000, 0x0000, 0x0000,
    0x0000, 0x0000, 0x0000, 0x0000, 0x0000, 0x0000, 0x0000, 0x0000, 0x0000, 0x0000, 0x0000, 0x0000,
    0x0000, 0x0000, 0x0000, 0x0000, 0x0000, 0x0000, 0x0000, 0x4042, 0xE108, 0xD8E7, 0xD8E7, 0xD8E7,
    0xD8E7, 0xD8E7, 0xD8E7, 0xD8E7, 0xD8E7, 0xD8E7, 0xD8E7, 0xD8E7, 0xD8E7, 0xD8E7, 0xD8E7, 0xD8E7,
    0xD8E7, 0xD8E7, 0xD8E7, 0xD8E7, 0xD8E7, 0xD8E7, 0xD8E7, 0xD8E7, 0xD8E7, 0xD8E7, 0xD8E7, 0xD8E7,
    0xD8E7, 0xD8E7, 0xD8E7, 0xD8E7, 0xD8E7, 0xD8E7, 0xD8E7, 0xD8E7, 0xD8E7, 0xD8E7, 0xD8E7, 0xD8E7,
    0xD8E7, 0xD8E7, 0xD8E7, 0xD8E7, 0xD8E7, 0xD8E7, 0xD8E7, 0xD8E7, 0xD8E7, 0xD8E7, 0xD8E7, 0xD8E7,
    0xD8E7, 0xD8E7, 0xD8E7, 0xD8E7, 0xD8E7, 0xD8E7, 0xD8E7, 0xD8E7, 0xD8E7, 0xD8E7, 0xD8E7, 0xD8E7,
    0xD8E7, 0xD8E7, 0xD8E7, 0xD8E7, 0xD8E7, 0xD8E7, 0xD8E7, 0xD8E7, 0xD8E7, 0xD8E7, 0xD8E7, 0xD8E7,
    0xD8E7, 0xD8E7, 0xD8E7, 0xD8E7, 0xD8E7, 0xD8E7, 0xD8E7, 0xD8E7, 0xD8E7, 0xD8E7, 0xD8E7, 0xD8E7,
    0xD8E7, 0xD8E7, 0xD8E7, 0xD8E7, 0xD8E7, 0xD8E7, 0xD8E7, 0xD8E7, 0xD8E7, 0xD8E7, 0xD8E7, 0xD8E7,
    0xD8E7, 0xD8E7, 0xD8E7, 0xD8E7, 0xD8E7, 0xE108, 0xC0C6, 0x3041, 0x0000, 0x0000, 0x0000, 0x0000,
    0x0000, 0x0000, 0x0000, 0x0000, 0x2821, 0xA087, 0xA8A7, 0xA8A7, 0xA8A7, 0xA8A7, 0xA8A7, 0xA8A7,
    0xA8A7, 0xA8A7, 0xA8A7, 0xA8A7, 0xA8A7, 0xA8A7, 0xA8A7, 0xA8A7, 0xA8A7, 0xA8A7, 0xA8A7, 0xA8A7,
    0xA8A7, 0xA8A7, 0xA8A7, 0xA8A7, 0xA8A7, 0xA8A7, 0xA8A7, 0xA8A7, 0xA8A7, 0xA8A7, 0xA8A7, 0xA8A7,
    0xA8A7, 0xA8A7, 0xA8A7, 0xA8A7, 0xA8A7, 0xA8A7, 0xA8A7, 0xA8A7, 0xA8A7, 0xA8A7, 0xA8A7, 0xA8A7,
    0xA8A7, 0xA8A7, 0xA8A7, 0xA8A7, 0xA8A7, 0xA8A7, 0xA8A7, 0xA8A7, 0xA8A7, 0xA8A7, 0xA8A7, 0xA8A7,
    0xA8A7, 0xA8A7, 0xA8A7, 0xB0A7, 0x5043, 0x0000, 0x0000, 0x0000, 0x0000, 0x0000, 0x0000, 0x0000,
    0x0000, 0x0000, 0x0000, 0x0000, 0x0000, 0x0000, 0x0000, 0x0000, 0x0000, 0x0000, 0x0000, 0x0000,
    0x0000, 0x0000, 0x0000, 0x0000, 0x0000, 0x0000, 0x0000, 0x0000, 0x0000, 0x0000, 0x0000, 0x0000,
    0x0000, 0x0000, 0x0000, 0x0000, 0x0000, 0x0000, 0x0000, 0x0000, 0x0000, 0x0000, 0x0000, 0x0000,
    0x0000, 0x0000, 0x0000, 0x0000, 0x0000, 0x0000, 0x0000, 0x0000, 0x0000, 0x0000, 0x0000, 0x0000,
    0x0000, 0x0000, 0x0000, 0x0000, 0x0000, 0x0000, 0x0000, 0xA8C6, 0xD8E7, 0xD8E7, 0xD8E7, 0xD8E7,
    0xD8E7, 0xD8E7, 0xD8E7, 0xD8E7, 0xD8E7, 0xD8E7, 0xD8E7, 0xD8E7, 0xD8E7, 0xD8E7, 0xD8E7, 0xD8E7,
    0xD8E7, 0xD8E7, 0xD8E7, 0xD8E7, 0xD8E7, 0xD8E7, 0xD8E7, 0xD8E7, 0xD8E7, 0xD8E7, 0xD8E7, 0xD8E7,
    0xD8E7, 0xD8E7, 0xD8E7, 0xD8E7, 0xD8E7, 0xD8E7, 0xD8E7, 0xD8E7, 0xD8E7, 0xD8E7, 0xD8E7, 0xD8E7,
    0xD8E7, 0xD8E7, 0xD8E7, 0xD8E7, 0xD8E7, 0xD8E7, 0xD8E7, 0xD8E7, 0xD8E7, 0xD8E7, 0xD8E7, 0xD8E7,
    0xD8E7, 0xD8E7, 0xD8E7, 0xD8E7, 0xD8E7, 0xD8E7, 0xD8E7, 0xD8E7, 0xD8E7, 0xD8E7, 0xD8E7, 0xD8E7,
    0xD8E7, 0xD8E7, 0xD8E7, 0xD8E7, 0xD8E7, 0xD8E7, 0xD8E7, 0xD8E7, 0xD8E7, 0xD8E7, 0xD8E7, 0xD8E7,
    0xD8E7, 0xD8E7, 0xD8E7, 0xD8E7, 0xD8E7, 0xD8E7, 0xD8E7, 0xD8E7, 0xD8E7, 0xD8E7, 0xD8E7, 0xD8E7,
    0xD8E7, 0xD8E7, 0xD8E7, 0xD8E7, 0xD8E7, 0xD8E7, 0xD8E7, 0xD8E7, 0xD8E7, 0xD8E7, 0xD8E7, 0xD8E7,
    0xD8E7, 0xD8E7, 0xD8E7, 0xD8E7, 0xD8E7, 0xE108, 0xC0C6, 0x3842, 0x0000, 0x0000, 0x0000, 0x0000,
    0x0000, 0x0000, 0x0000, 0x0000, 0x2822, 0xA8A7, 0xA8A7, 0xA8A7, 0xA8A7, 0xA8A7, 0xA8A7, 0xA8A7,
    0xA8A7, 0xA8A7, 0xA8A7, 0xA8A7, 0xA8A7, 0xA8A7, 0xA8A7, 0xA8A7, 0xA8A7, 0xA8A7, 0xA8A7, 0xA8A7,
    0xA8A7, 0xA8A7, 0xA8A7, 0xA8A7, 0xA8A7, 0xA8A7, 0xA8A7, 0xA8A7, 0xA8A7, 0xA8A7, 0xA8A7, 0xA8A7,
    0xA8A7, 0xA8A7, 0xA8A7, 0xA8A7, 0xA8A7, 0xA8A7, 0xA8A7, 0xA8A7, 0xA8A7, 0xA8A7, 0xA8A7, 0xA8A7,
    0xA8A7, 0xA8A7, 0xA8A7, 0xA8A7, 0xA8A7, 0xA8A7, 0xA8A7, 0xA8A7, 0xA8A7, 0xA8A7, 0xA8A7, 0xA8A7,
    0xA8A7, 0xA8A7, 0xA8A7, 0xA8A7, 0xA087, 0x0800, 0x0000, 0x0000, 0x0000, 0x0000, 0x0000, 0x0000,
    0x0000, 0x0000, 0x0000, 0x0000, 0x0000, 0x0000, 0x0000, 0x0000, 0x0000, 0x0000, 0x0000, 0x0000,
    0x0000, 0x0000, 0x0000, 0x0000, 0x0000, 0x0000, 0x0000, 0x0000, 0x0000, 0x0000, 0x0000, 0x0000,
    0x0000, 0x0000, 0x0000, 0x0000, 0x0000, 0x0000, 0x0000, 0x0000, 0x0000, 0x0000, 0x0000, 0x0000,
    0x0000, 0x0000, 0x0000, 0x0000, 0x0000, 0x0000, 0x0000, 0x0000, 0x0000, 0x0000, 0x0000, 0x0000,
    0x0000, 0x0000, 0x0000, 0x0000, 0x0000, 0x0000, 0x3842, 0xE107, 0xD8E7, 0xD8E7, 0xD8E7, 0xD8E7,
    0xD8E7, 0xD8E7, 0xD8E7, 0xD8E7, 0xD8E7, 0xD8E7, 0xD8E7, 0xD8E7, 0xD8E7, 0xD8E7, 0xD8E7, 0xD8E7,
    0xD8E7, 0xD8E7, 0xD8E7, 0xD8E7, 0xD8E7, 0xD8E7, 0xD8E7, 0xD8E7, 0xD8E7, 0xD8E7, 0xD8E7, 0xD8E7,
    0xD8E7, 0xD8E7, 0xD8E7, 0xD8E7, 0xD8E7, 0xD8E7, 0xD8E7, 0xD8E7, 0xD8E7, 0xD8E7, 0xD8E7, 0xD8E7,
    0xD8E7, 0xD8E7, 0xD8E7, 0xD8E7, 0xD8E7, 0xD8E7, 0xD8E7, 0xD8E7, 0xD8E7, 0xD8E7, 0xD8E7, 0xD8E7,
    0xD8E7, 0xD8E7, 0xD8E7, 0xD8E7, 0xD8E7, 0xD8E7, 0xD8E7, 0xD8E7, 0xD8E7, 0xD8E7, 0xD8E7, 0xD8E7,
    0xD8E7, 0xD8E7, 0xD8E7, 0xD8E7, 0xD8E7, 0xD8E7, 0xD8E7, 0xD8E7, 0xD8E7, 0xD8E7, 0xD8E7, 0xD8E7,
    0xD8E7, 0xD8E7, 0xD8E7, 0xD8E7, 0xD8E7, 0xD8E7, 0xD8E7, 0xD8E7, 0xD8E7, 0xD8E7, 0xD8E7, 0xD8E7,
    0xD8E7, 0xD8E7, 0xD8E7, 0xD8E7, 0xD8E7, 0xD8E7, 0xD8E7, 0xD8E7, 0xD8E7, 0xD8E7, 0xD8E7, 0xD8E7,
    0xD8E7, 0xD8E7, 0xD8E7, 0xD8E7, 0xD8E7, 0xE108, 0xC0C7, 0x3842, 0x0000, 0x0000, 0x0000, 0x0000,
    0x0000, 0x0000, 0x0000, 0x0000, 0x3022, 0xA8A7, 0xA8A7, 0xA8A7, 0xA8A7, 0xA8A7, 0xA8A7, 0xA8A7,
    0xA8A7, 0xA8A7, 0xA8A7, 0xA8A7, 0xA8A7, 0xA8A7, 0xA8A7, 0xA8A7, 0xA8A7, 0xA8A7, 0xA8A7, 0xA8A7,
    0xA8A7, 0xA8A7, 0xA8A7, 0xA8A7, 0xA8A7, 0xA8A7, 0xA8A7, 0xA8A7, 0xA8A7, 0xA8A7, 0xA8A7, 0xA8A7,
    0xA8A7, 0xA8A7, 0xA8A7, 0xA8A7, 0xA8A7, 0xA8A7, 0xA8A7, 0xA8A7, 0xA8A7, 0xA8A7, 0xA8A7, 0xA8A7,
    0xA8A7, 0xA8A7, 0xA8A7, 0xA8A7, 0xA8A7, 0xA8A7, 0xA8A7, 0xA8A7, 0xA8A7, 0xA8A7, 0xA8A7, 0xA8A7,
    0xA8A7, 0xA8A7, 0xA8A7, 0xA8A7, 0xB0A7, 0x3822, 0x0000, 0x0000, 0x0000, 0x0000, 0x0000, 0x0000,
    0x0000, 0x0000, 0x0000, 0x0000, 0x0000, 0x0000, 0x0000, 0x0000, 0x0000, 0x0000, 0x0000, 0x0000,
    0x0000, 0x0000, 0x0000, 0x0000, 0x0000, 0x0000, 0x0000, 0x0000, 0x0000, 0x0000, 0x0000, 0x0000,
    0x0000, 0x0000, 0x0000, 0x0000, 0x0000, 0x0000, 0x0000, 0x0000, 0x0000, 0x0000, 0x0000, 0x0000,
    0x0000, 0x0000, 0x0000, 0x0000, 0x0000, 0x0000, 0x0000, 0x0000, 0x0000, 0x0000, 0x0000, 0x0000,
    0x0000, 0x0000, 0x0000, 0x0000, 0x0000, 0x0000, 0x98A5, 0xD8E7, 0xD8E7, 0xD8E7, 0xD8E7, 0xD8E7,
    0xD8E7, 0xD8E7, 0xD8E7, 0xD8E7, 0xD8E7, 0xD8E7, 0xD8E7, 0xD8E7, 0xD8E7, 0xD8E7, 0xD8E7, 0xD8E7,
    0xD8E7, 0xD8E7, 0xD8E7, 0xD8E7, 0xD8E7, 0xD8E7, 0xD8E7, 0xD8E7, 0xD8E7, 0xD8E7, 0xD8E7, 0xD8E7,
    0xD8E7, 0xD8E7, 0xD8E7, 0xD8E7, 0xD8E7, 0xD8E7, 0xD8E7, 0xD8E7, 0xD8E7, 0xD8E7, 0xD8E7, 0xD8E7,
    0xD8E7, 0xD8E7, 0xD8E7, 0xD8E7, 0xD8E7, 0xD8E7, 0xD8E7, 0xD8E7, 0xD8E7, 0xD8E7, 0xD8E7, 0xD8E7,
    0xD8E7, 0xD8E7, 0xD8E7, 0xD8E7, 0xD8E7, 0xD8E7, 0xD8E7, 0xD8E7, 0xD8E7, 0xD8E7, 0xD8E7, 0xD8E7,
    0xD8E7, 0xD8E7, 0xD8E7, 0xD8E7, 0xD8E7, 0xD8E7, 0xD8E7, 0xD8E7, 0xD8E7, 0xD8E7, 0xD8E7, 0xD8E7,
    0xD8E7, 0xD8E7, 0xD8E7, 0xD8E7, 0xD8E7, 0xD8E7, 0xD8E7, 0xD8E7, 0xD8E7, 0xD8E7, 0xD8E7, 0xD8E7,
    0xD8E7, 0xD8E7, 0xD8E7, 0xD8E7, 0xD8E7, 0xD8E7, 0xD8E7, 0xD8E7, 0xD8E7, 0xD8E7, 0xD8E7, 0xD8E7,
    0xD8E7, 0xD8E7, 0xD8E7, 0xD8E7, 0xD8E7, 0xE108, 0xC8E7, 0x3842, 0x0000, 0x0000, 0x0000, 0x0000,
    0x0000, 0x0000, 0x0000, 0x0000, 0x3822, 0xA8A7, 0xA8A7, 0xA8A7, 0xA8A7, 0xA8A7, 0xA8A7, 0xA8A7,
    0xA8A7, 0xA8A7, 0xA8A7, 0xA8A7, 0xA8A7, 0xA8A7, 0xA8A7, 0xA8A7, 0xA8A7, 0xA8A7, 0xA8A7, 0xA8A7,
    0xA8A7, 0xA8A7, 0xA8A7, 0xA8A7, 0xA8A7, 0xA8A7, 0xA8A7, 0xA8A7, 0xA8A7, 0xA8A7, 0xA8A7, 0xA8A7,
    0xA8A7, 0xA8A7, 0xA8A7, 0xA8A7, 0xA8A7, 0xA8A7, 0xA8A7, 0xA8A7, 0xA8A7, 0xA8A7, 0xA8A7, 0xA8A7,
    0xA8A7, 0xA8A7, 0xA8A7, 0xA8A7, 0xA8A7, 0xA8A7, 0xA8A7, 0xA8A7, 0xA8A7, 0xA8A7, 0xA8A7, 0xA8A7,
    0xA8A7, 0xA8A7, 0xA8A7, 0xA8A7, 0xA8A7, 0x7865, 0x0000, 0x0000, 0x0000, 0x0000, 0x0000, 0x0000,
    0x0000, 0x0000, 0x0000, 0x0000, 0x0000, 0x0000, 0x0000, 0x0000, 0x0000, 0x0000, 0x0000, 0x0000,
    0x0000, 0x0000, 0x0000, 0x0000, 0x0000, 0x0000, 0x0000, 0x0000, 0x0000, 0x0000, 0x0000, 0x0000,
    0x0000, 0x0000, 0x0000, 0x0000, 0x0000, 0x0000, 0x0000, 0x0000, 0x0000, 0x0000, 0x0000, 0x0000,
    0x0000, 0x0000, 0x0000, 0x0000, 0x0000, 0x0000, 0x0000, 0x0000, 0x0000, 0x0000, 0x0000, 0x0000,
    0x0000, 0x0000, 0x0000, 0x0000, 0x0000, 0x1000, 0xD8E7, 0xD8E7, 0xD8E7, 0xD8E7, 0xD8E7, 0xD8E7,
    0xD8E7, 0xD8E7, 0xD8E7, 0xD8E7, 0xD8E7, 0xD8E7, 0xD8E7, 0xD8E7, 0xD8E7, 0xD8E7, 0xD8E7, 0xD8E7,
    0xD8E7, 0xD8E7, 0xD8E7, 0xD8E7, 0xD8E7, 0xD8E7, 0xD8E7, 0xD8E7, 0xD8E7, 0xD8E7, 0xD8E7, 0xD8E7,
    0xD8E7, 0xD8E7, 0xD8E7, 0xD8E7, 0xD8E7, 0xD8E7, 0xD8E7, 0xD8E7, 0xD8E7, 0xD8E7, 0xD8E7, 0xD8E7,
    0xD8E7, 0xD8E7, 0xD8E7, 0xD8E7, 0xD8E7, 0xD8E7, 0xD8E7, 0xD8E7, 0xD8E7, 0xD8E7, 0xD8E7, 0xD8E7,
    0xD8E7, 0xD8E7, 0xD8E7, 0xD8E7, 0xD8E7, 0xD8E7, 0xD8E7, 0xD8E7, 0xD8E7, 0xD8E7, 0xD8E7, 0xD8E7,
    0xD8E7, 0xD8E7, 0xD8E7, 0xD8E7, 0xD8E7, 0xD8E7, 0xD8E7, 0xD8E7, 0xD8E7, 0xD8E7, 0xD8E7, 0xD8E7,
    0xD8E7, 0xD8E7, 0xD8E7, 0xD8E7, 0xD8E7, 0xD8E7, 0xD8E7, 0xD8E7, 0xD8E7, 0xD8E7, 0xD8E7, 0xD8E7,
    0xD8E7, 0xD8E7, 0xD8E7, 0xD8E7, 0xD8E7, 0xD8E7, 0xD8E7, 0xD8E7, 0xD8E7, 0xD8E7, 0xD8E7, 0xD8E7,
    0xD8E7, 0xD8E7, 0xD8E7, 0xD8E7, 0xD8E7, 0xE108, 0xC8E7, 0x4042, 0x0000, 0x0000, 0x0000, 0x0000,
    0x0000, 0x0000, 0x0000, 0x0000, 0x3822, 0xA8A7, 0xA8A7, 0xA8A7, 0xA8A7, 0xA8A7, 0xA8A7, 0xA8A7,
    0xA8A7, 0xA8A7, 0xA8A7, 0xA8A7, 0xA8A7, 0xA8A7, 0xA8A7, 0xA8A7, 0xA8A7, 0xA8A7, 0xA8A7, 0xA8A7,
    0xA8A7, 0xA8A7, 0xA8A7, 0xA8A7, 0xA8A7, 0xA8A7, 0xA8A7, 0xA8A7, 0xA8A7, 0xA8A7, 0xA8A7, 0xA8A7,
    0xA8A7, 0xA8A7, 0xA8A7, 0xA8A7, 0xA8A7, 0xA8A7, 0xA8A7, 0xA8A7, 0xA8A7, 0xA8A7, 0xA8A7, 0xA8A7,
    0xA8A7, 0xA8A7, 0xA8A7, 0xA8A7, 0xA8A7, 0xA8A7, 0xA8A7, 0xA8A7, 0xA8A7, 0xA8A7, 0xA8A7, 0xA8A7,
    0xA8A7, 0xA8A7, 0xA8A7, 0xA8A7, 0xA8A7, 0xA8A7, 0x0800, 0x0000, 0x0000, 0x0000, 0x0000, 0x0000,
    0x0000, 0x0000, 0x0000, 0x0000, 0x0000, 0x0000, 0x0000, 0x0000, 0x0000, 0x0000, 0x0000, 0x0000,
    0x0000, 0x0000, 0x0000, 0x0000, 0x0000, 0x0000, 0x0000, 0x0000, 0x0000, 0x0000, 0x0000, 0x0000,
    0x0000, 0x0000, 0x0000, 0x0000, 0x0000, 0x0000, 0x0000, 0x0000, 0x0000, 0x0000, 0x0000, 0x0000,
    0x0000, 0x0000, 0x0000, 0x0000, 0x0000, 0x0000, 0x0000, 0x0000, 0x0000, 0x0000, 0x0000, 0x0000,
    0x0000, 0x0000, 0x0000, 0x0000, 0x0000, 0x4842, 0xD8E7, 0xD8E7, 0xD8E7, 0xD8E7, 0xD8E7, 0xD8E7,
    0xD8E7, 0xD8E7, 0xD8E7, 0xD8E7, 0xD8E7, 0xD8E7, 0xD8E7, 0xD8E7, 0xD8E7, 0xD8E7, 0xD8E7, 0xD8E7,
    0xD8E7, 0xD8E7, 0xD8E7, 0xD8E7, 0xD8E7, 0xD8E7, 0xD8E7, 0xD8E7, 0xD8E7, 0xD8E7, 0xD8E7, 0xD8E7,
    0xD8E7, 0xD8E7, 0xD8E7, 0xD8E7, 0xD8E7, 0xD8E7, 0xD8E7, 0xD8E7, 0xD8E7, 0xD8E7, 0xD8E7, 0xD8E7,
    0xD8E7, 0xD8E7, 0xD8E7, 0xD8E7, 0xD8E7, 0xD8E7, 0xD8E7, 0xD8E7, 0xD8E7, 0xD8E7, 0xD8E7, 0xD8E7,
    0xD8E7, 0xD8E7, 0xD8E7, 0xD8E7, 0xD8E7, 0xD8E7, 0xD8E7, 0xD8E7, 0xD8E7, 0xD8E7, 0xD8E7, 0xD8E7,
    0xD8E7, 0xD8E7, 0xD8E7, 0xD8E7, 0xD8E7, 0xD8E7, 0xD8E7, 0xD8E7, 0xD8E7, 0xD8E7, 0xD8E7, 0xD8E7,
    0xD8E7, 0xD8E7, 0xD8E7, 0xD8E7, 0xD8E7, 0xD8E7, 0xD8E7, 0xD8E7, 0xD8E7, 0xD8E7, 0xD8E7, 0xD8E7,
    0xD8E7, 0xD8E7, 0xD8E7, 0xD8E7, 0xD8E7, 0xD8E7, 0xD8E7, 0xD8E7, 0xD8E7, 0xD8E7, 0xD8E7, 0xD8E7,
    0xD8E7, 0xD8E7, 0xD8E7, 0xD8E7, 0xD8E7, 0xE107, 0xC8E7, 0x4042, 0x0000, 0x0000, 0x0000, 0x0000,
    0x0000, 0x0000, 0x0000, 0x0000, 0x4042, 0xA8A7, 0xA8A7, 0xA8A7, 0xA8A7, 0xA8A7, 0xA8A7, 0xA8A7,
    0xA8A7, 0xA8A7, 0xA8A7, 0xA8A7, 0xA8A7, 0xA8A7, 0xA8A7, 0xA8A7, 0xA8A7, 0xA8A7, 0xA8A7, 0xA8A7,
    0xA8A7, 0xA8A7, 0xA8A7, 0xA8A7, 0xA8A7, 0xA8A7, 0xA8A7, 0xA8A7, 0xA8A7, 0xA8A7, 0xA8A7, 0xA8A7,
    0xA8A7, 0xA8A7, 0xA8A7, 0xA8A7, 0xA8A7, 0xA8A7, 0xA8A7, 0xA8A7, 0xA8A7, 0xA8A7, 0xA8A7, 0xA8A7,
    0xA8A7, 0xA8A7, 0xA8A7, 0xA8A7, 0xA8A7, 0xA8A7, 0xA8A7, 0xA8A7, 0xA8A7, 0xA8A7, 0xA8A7, 0xA8A7,
    0xA8A7, 0xA8A7, 0xA8A7, 0xA8A7, 0xA8A7, 0xA8A7, 0x3022, 0x0000, 0x0000, 0x0000, 0x0000, 0x0000,
    0x0000, 0x0000, 0x0000, 0x0000, 0x0000, 0x0000, 0x0000, 0x0000, 0x0000, 0x0000, 0x0000, 0x0000,
    0x0000, 0x0000, 0x0000, 0x0000, 0x0000, 0x0000, 0x0000, 0x0000, 0x0000, 0x0000, 0x0000, 0x0000,
    0x0000, 0x0000, 0x0000, 0x0000, 0x0000, 0x0000, 0x0000, 0x0000, 0x0000, 0x0000, 0x0000, 0x0000,
    0x0000, 0x0000, 0x0000, 0x0000, 0x0000, 0x0000, 0x0000, 0x0000, 0x0000, 0x0000, 0x0000, 0x0000,
    0x0000, 0x0000, 0x0000, 0x0000, 0x0000, 0x8084, 0xD8E7, 0xD8E7, 0xD8E7, 0xD8E7, 0xD8E7, 0xD8E7,
    0xD8E7, 0xD8E7, 0xD8E7, 0xD8E7, 0xD8E7, 0xD8E7, 0xD8E7, 0xD8E7, 0xD8E7, 0xD8E7, 0xD8E7, 0xD8E7,
    0xD8E7, 0xD8E7, 0xD8E7, 0xD8E7, 0xD8E7, 0xD8E7, 0xD8E7, 0xD8E7, 0xD8E7, 0xD8E7, 0xD8E7, 0xD8E7,
    0xD8E7, 0xD8E7, 0xD8E7, 0xD8E7, 0xD8E7, 0xD8E7, 0xD8E7, 0xD8E7, 0xD8E7, 0xD8E7, 0xD8E7, 0xD8E7,
    0xD8E7, 0xD8E7, 0xD8E7, 0xD8E7, 0xD8E7, 0xD8E7, 0xD8E7, 0xD8E7, 0xD8E7, 0xD8E7, 0xD8E7, 0xD8E7,
    0xD8E7, 0xD8E7, 0xD8E7, 0xD8E7, 0xD8E7, 0xD8E7, 0xD8E7, 0xD8E7, 0xD8E7, 0xD8E7, 0xD8E7, 0xD8E7,
    0xD8E7, 0xD8E7, 0xD8E7, 0xD8E7, 0xD8E7, 0xD8E7, 0xD8E7, 0xD8E7, 0xD8E7, 0xD8E7, 0xD8E7, 0xD8E7,
    0xD8E7, 0xD8E7, 0xD8E7, 0xD8E7, 0xD8E7, 0xD8E7, 0xD8E7, 0xD8E7, 0xD8E7, 0xD8E7, 0xD8E7, 0xD8E7,
    0xD8E7, 0xD8E7, 0xD8E7, 0xD8E7, 0xD8E7, 0xD8E7, 0xD8E7, 0xD8E7, 0xD8E7, 0xD8E7, 0xD8E7, 0xD8E7,
    0xD8E7, 0xD8E7, 0xD8E7, 0xD8E7, 0xD8E7, 0xE107, 0xC8E7, 0x4042, 0x0000, 0x0000, 0x0000, 0x0000,
    0x0000, 0x0000, 0x0000, 0x0000, 0x4843, 0xA8A7, 0xA8A7, 0xA8A7, 0xA8A7, 0xA8A7, 0xA8A7, 0xA8A7,
    0xA8A7, 0xA8A7, 0xA8A7, 0xA8A7, 0xA8A7, 0xA8A7, 0xA8A7, 0xA8A7, 0xA8A7, 0xA8A7, 0xA8A7, 0xA8A7,
    0xA8A7, 0xA8A7, 0xA8A7, 0xA8A7, 0xA8A7, 0xA8A7, 0xA8A7, 0xA8A7, 0xA8A7, 0xA8A7, 0xA8A7, 0xA8A7,
    0xA8A7, 0xA8A7, 0xA8A7, 0xA8A7, 0xA8A7, 0xA8A7, 0xA8A7, 0xA8A7, 0xA8A7, 0xA8A7, 0xA8A7, 0xA8A7,
    0xA8A7, 0xA8A7, 0xA8A7, 0xA8A7, 0xA8A7, 0xA8A7, 0xA8A7, 0xA8A7, 0xA8A7, 0xA8A7, 0xA8A7, 0xA8A7,
    0xA8A7, 0xA8A7, 0xA8A7, 0xA8A7, 0xA8A7, 0xA8A7, 0x5844, 0x0000, 0x0000, 0x0000, 0x0000, 0x0000,
    0x0000, 0x0000, 0x0000, 0x0000, 0x0000, 0x0000, 0x0000, 0x0000, 0x0000, 0x0000, 0x0000, 0x0000,
    0x0000, 0x0000, 0x0000, 0x0000, 0x0000, 0x0000, 0x0000, 0x0000, 0x0000, 0x0000, 0x0000, 0x0000,
    0x0000, 0x0000, 0x0000, 0x0000, 0x0000, 0x0000, 0x0000, 0x0000, 0x0000, 0x0000, 0x0000, 0x0000,
    0x0000, 0x0000, 0x0000, 0x0000, 0x0000, 0x0000, 0x0000, 0x0000, 0x0000, 0x0000, 0x0000, 0x0000,
    0x0000, 0x0000, 0x0000, 0x0000, 0x0000, 0xB8C6, 0xD8E7, 0xD8E7, 0xD8E7, 0xD8E7, 0xD8E7, 0xD8E7,
    0xD8E7, 0xD8E7, 0xD8E7, 0xD8E7, 0xD8E7, 0xD8E7, 0xD8E7, 0xD8E7, 0xD8E7, 0xD8E7, 0xD8E7, 0xD8E7,
    0xD8E7, 0xD8E7, 0xD8E7, 0xD8E7, 0xD8E7, 0xD8E7, 0xD8E7, 0xD8E7, 0xD8E7, 0xD8E7, 0xD8E7, 0xD8E7,
    0xD8E7, 0xD8E7, 0xD8E7, 0xD8E7, 0xD8E7, 0xD8E7, 0xD8E7, 0xD8E7, 0xD8E7, 0xD8E7, 0xD8E7, 0xD8E7,
    0xD8E7, 0xD8E7, 0xD8E7, 0xD8E7, 0xD8E7, 0xD8E7, 0xD8E7, 0xD8E7, 0xD8E7, 0xD8E7, 0xD8E7, 0xD8E7,
    0xD8E7, 0xD8E7, 0xD8E7, 0xD8E7, 0xD8E7, 0xD8E7, 0xD8E7, 0xD8E7, 0xD8E7, 0xD8E7, 0xD8E7, 0xD8E7,
    0xD8E7, 0xD8E7, 0xD8E7, 0xD8E7, 0xD8E7, 0xD8E7, 0xD8E7, 0xD8E7, 0xD8E7, 0xD8E7, 0xD8E7, 0xD8E7,
    0xD8E7, 0xD8E7, 0xD8E7, 0xD8E7, 0xD8E7, 0xD8E7, 0xD8E7, 0xD8E7, 0xD8E7, 0xD8E7, 0xD8E7, 0xD8E7,
    0xD8E7, 0xD8E7, 0xD8E7, 0xD8E7, 0xD8E7, 0xD8E7, 0xD8E7, 0xD8E7, 0xD8E7, 0xD8E7, 0xD8E7, 0xD8E7,
    0xD8E7, 0xD8E7, 0xD8E7, 0xD8E7, 0xD8E7, 0xE107, 0xC8E7, 0x4842, 0x0000, 0x0000, 0x0000, 0x0000,
    0x0000, 0x0000, 0x0000, 0x0000, 0x4843, 0xA8A7, 0xA8A7, 0xA8A7, 0xA8A7, 0xA8A7, 0xA8A7, 0xA8A7,
    0xA8A7, 0xA8A7, 0xA8A7, 0xA8A7, 0xA8A7, 0xA8A7, 0xA8A7, 0xA8A7, 0xA8A7, 0xA8A7, 0xA8A7, 0xA8A7,
    0xA8A7, 0xA8A7, 0xA8A7, 0xA8A7, 0xA8A7, 0xA8A7, 0xA8A7, 0xA8A7, 0xA8A7, 0xA8A7, 0xA8A7, 0xA8A7,
    0xA8A7, 0xA8A7, 0xA8A7, 0xA8A7, 0xA8A7, 0xA8A7, 0xA8A7, 0xA8A7, 0xA8A7, 0xA8A7, 0xA8A7, 0xA8A7,
    0xA8A7, 0xA8A7, 0xA8A7, 0xA8A7, 0xA8A7, 0xA8A7, 0xA8A7, 0xA8A7, 0xA8A7, 0xA8A7, 0xA8A7, 0xA8A7,
    0xA8A7, 0xA8A7, 0xA8A7, 0xA8A7, 0xA8A7, 0xA8A7, 0x7865, 0x0000, 0x0000, 0x0000, 0x0000, 0x0000,
    0x0000, 0x0000, 0x0000, 0x0000, 0x0000, 0x0000, 0x0000, 0x0000, 0x0000, 0x0000, 0x0000, 0x0000,
    0x0000, 0x0000, 0x0000, 0x0000, 0x0000, 0x0000, 0x0000, 0x0000, 0x0000, 0x0000, 0x0000, 0x0000,
    0x0000, 0x0000, 0x0000, 0x0000, 0x0000, 0x0000, 0x0000, 0x0000, 0x0000, 0x0000, 0x0000, 0x0000,
    0x0000, 0x0000, 0x0000, 0x0000, 0x0000, 0x0000, 0x0000, 0x0000, 0x0000, 0x0000, 0x0000, 0x0000,
    0x0000, 0x0000, 0x0000, 0x0000, 0x0000, 0xD0E7, 0xD907, 0xD8E7, 0xD8E7, 0xD8E7, 0xD8E7, 0xD8E7,
    0xD8E7, 0xD8E7, 0xD8E7, 0xD8E7, 0xD8E7, 0xD8E7, 0xD8E7, 0xD8E7, 0xD8E7, 0xD8E7, 0xD8E7, 0xD8E7,
    0xD8E7, 0xD8E7, 0xD8E7, 0xD8E7, 0xD8E7, 0xD8E7, 0xD8E7, 0xD8E7, 0xD8E7, 0xD8E7, 0xD8E7, 0xD8E7,
    0xD8E7, 0xD8E7, 0xD8E7, 0xD8E7, 0xD8E7, 0xD8E7, 0xD8E7, 0xD8E7, 0xD8E7, 0xD8E7, 0xD8E7, 0xD8E7,
    0xD8E7, 0xD8E7, 0xD8E7, 0xD8E7, 0xD8E7, 0xD8E7, 0xD8E7, 0xD8E7, 0xD8E7, 0xD8E7, 0xD8E7, 0xD8E7,
    0xD8E7, 0xD8E7, 0xD8E7, 0xD8E7, 0xD8E7, 0xD8E7, 0xD8E7, 0xD8E7, 0xD8E7, 0xD8E7, 0xD8E7, 0xD8E7,
    0xD8E7, 0xD8E7, 0xD8E7, 0xD8E7, 0xD8E7, 0xD8E7, 0xD8E7, 0xD8E7, 0xD8E7, 0xD8E7, 0xD8E7, 0xD8E7,
    0xD8E7, 0xD8E7, 0xD8E7, 0xD8E7, 0xD8E7, 0xD8E7, 0xD8E7, 0xD8E7, 0xD8E7, 0xD8E7, 0xD8E7, 0xD8E7,
    0xD8E7, 0xD8E7, 0xD8E7, 0xD8E7, 0xD8E7, 0xD8E7, 0xD8E7, 0xD8E7, 0xD8E7, 0xD8E7, 0xD8E7, 0xD8E7,
    0xD8E7, 0xD8E7, 0xD8E7, 0xD8E7, 0xD8E7, 0xE107, 0xC8E7, 0x4842, 0x0000, 0x0000, 0x0000, 0x0000,
    0x0000, 0x0000, 0x0000, 0x0000, 0x5043, 0xA8A7, 0xA8A7, 0xA8A7, 0xA8A7, 0xA8A7, 0xA8A7, 0xA8A7,
    0xA8A7, 0xA8A7, 0xA8A7, 0xA8A7, 0xA8A7, 0xA8A7, 0xA8A7, 0xA8A7, 0xA8A7, 0xA8A7, 0xA8A7, 0xA8A7,
    0xA8A7, 0xA8A7, 0xA8A7, 0xA8A7, 0xA8A7, 0xA8A7, 0xA8A7, 0xA8A7, 0xA8A7, 0xA8A7, 0xA8A7, 0xA8A7,
    0xA8A7, 0xA8A7, 0xA8A7, 0xA8A7, 0xA8A7, 0xA8A7, 0xA8A7, 0xA8A7, 0xA8A7, 0xA8A7, 0xA8A7, 0xA8A7,
    0xA8A7, 0xA8A7, 0xA8A7, 0xA8A7, 0xA8A7, 0xA8A7, 0xA8A7, 0xA8A7, 0xA8A7, 0xA8A7, 0xA8A7, 0xA8A7,
    0xA8A7, 0xA8A7, 0xA8A7, 0xA8A7, 0xA8A7, 0xB0A7, 0x9886, 0x0000, 0x0000, 0x0000, 0x0000, 0x0000,
    0x0000, 0x0000, 0x0000, 0x0000, 0x0000, 0x0000, 0x0000, 0x0000, 0x0000, 0x0000, 0x0000, 0x0000,
    0x0000, 0x0000, 0x0000, 0x0000, 0x0000, 0x0000, 0x0000, 0x0000, 0x0000, 0x0000, 0x0000, 0x0000,
    0x0000, 0x0000, 0x0000, 0x0000, 0x0000, 0x0000, 0x0000, 0x0000, 0x0000, 0x0000, 0x0000, 0x0000,
    0x0000, 0x0000, 0x0000, 0x0000, 0x0000, 0x0000, 0x0000, 0x0000, 0x0000, 0x0000, 0x0000, 0x0000,
    0x0000, 0x0000, 0x0000, 0x0000, 0x1000, 0xD0E7, 0xD907, 0xD8E7, 0xD8E7, 0xD8E7, 0xD8E7, 0xD8E7,
    0xD8E7, 0xD8E7, 0xD8E7, 0xD8E7, 0xD8E7, 0xD8E7, 0xD8E7, 0xD8E7, 0xD8E7, 0xD8E7, 0xD8E7, 0xD8E7,
    0xD8E7, 0xD8E7, 0xD8E7, 0xD8E7, 0xD8E7, 0xD8E7, 0xD8E7, 0xD8E7, 0xD8E7, 0xD8E7, 0xD8E7, 0xD8E7,
    0xD8E7, 0xD8E7, 0xD8E7, 0xD8E7, 0xD8E7, 0xD8E7, 0xD8E7, 0xD8E7, 0xD8E7, 0xD8E7, 0xD8E7, 0xD8E7,
    0xD8E7, 0xD8E7, 0xD8E7, 0xD8E7, 0xD8E7, 0xD8E7, 0xD8E7, 0xD8E7, 0xD8E7, 0xD8E7, 0xD8E7, 0xD8E7,
    0xD8E7, 0xD8E7, 0xD8E7, 0xD8E7, 0xD8E7, 0xD8E7, 0xD8E7, 0xD8E7, 0xD8E7, 0xD8E7, 0xD8E7, 0xD8E7,
    0xD8E7, 0xD8E7, 0xD8E7, 0xD8E7, 0xD8E7, 0xD8E7, 0xD8E7, 0xD8E7, 0xD8E7, 0xD8E7, 0xD8E7, 0xD8E7,
    0xD8E7, 0xD8E7, 0xD8E7, 0xD8E7, 0xD8E7, 0xD8E7, 0xD8E7, 0xD8E7, 0xD8E7, 0xD8E7, 0xD8E7, 0xD8E7,
    0xD8E7, 0xD8E7, 0xD8E7, 0xD8E7, 0xD8E7, 0xD8E7, 0xD8E7, 0xD8E7, 0xD8E7, 0xD8E7, 0xD8E7, 0xD8E7,
    0xD8E7, 0xD8E7, 0xD8E7, 0xD8E7, 0xD8E7, 0xE107, 0xC8E7, 0x4842, 0x0000, 0x0000, 0x0000, 0x0000,
    0x0000, 0x0000, 0x0000, 0x0000, 0x5043, 0xA8A7, 0xA8A7, 0xA8A7, 0xA8A7, 0xA8A7, 0xA8A7, 0xA8A7,
    0xA8A7, 0xA8A7, 0xA8A7, 0xA8A7, 0xA8A7, 0xA8A7, 0xA8A7, 0xA8A7, 0xA8A7, 0xA8A7, 0xA8A7, 0xA8A7,
    0xA8A7, 0xA8A7, 0xA8A7, 0xA8A7, 0xA8A7, 0xA8A7, 0xA8A7, 0xA8A7, 0xA8A7, 0xA8A7, 0xA8A7, 0xA8A7,
    0xA8A7, 0xA8A7, 0xA8A7, 0xA8A7, 0xA8A7, 0xA8A7, 0xA8A7, 0xA8A7, 0xA8A7, 0xA8A7, 0xA8A7, 0xA8A7,
    0xA8A7, 0xA8A7, 0xA8A7, 0xA8A7, 0xA8A7, 0xA8A7, 0xA8A7, 0xA8A7, 0xA8A7, 0xA8A7, 0xA8A7, 0xA8A7,
    0xA8A7, 0xA8A7, 0xA8A7, 0xA8A7, 0xA8A7, 0xB0A7, 0xA087, 0x0000, 0x0000, 0x0000, 0x0000, 0x0000,
    0x0000, 0x0000, 0x0000, 0x0000, 0x0000, 0x0000, 0x0000, 0x0000, 0x0000, 0x0000, 0x0000, 0x0000,
    0x0000, 0x0000, 0x0000, 0x0000, 0x0000, 0x0000, 0x0000, 0x0000, 0x0000, 0x0000, 0x0000, 0x0000,
    0x0000, 0x0000, 0x0000, 0x0000, 0x0000, 0x0000, 0x0000, 0x0000, 0x0000, 0x0000, 0x0000, 0x0000,
    0x0000, 0x0000, 0x0000, 0x0000, 0x0000, 0x0000, 0x0000, 0x0000, 0x0000, 0x0000, 0x0000, 0x0000,
    0x0000, 0x0000, 0x0000, 0x0000, 0x2021, 0xD0E7, 0xD8E7, 0xD8E7, 0xD8E7, 0xD8E7, 0xD8E7, 0xD8E7,
    0xD8E7, 0xD8E7, 0xD8E7, 0xD8E7, 0xD8E7, 0xD8E7, 0xD8E7, 0xD8E7, 0xD8E7, 0xD8E7, 0xD8E7, 0xD8E7,
    0xD8E7, 0xD8E7, 0xD8E7, 0xD8E7, 0xD8E7, 0xD8E7, 0xD8E7, 0xD8E7, 0xD8E7, 0xD8E7, 0xD8E7, 0xD8E7,
    0xD8E7, 0xD8E7, 0xD8E7, 0xD8E7, 0xD8E7, 0xD8E7, 0xD8E7, 0xD8E7, 0xD8E7, 0xD8E7, 0xD8E7, 0xD8E7,
    0xD8E7, 0xD8E7, 0xD8E7, 0xD8E7, 0xD8E7, 0xD8E7, 0xD8E7, 0xD8E7, 0xD8E7, 0xD8E7, 0xD8E7, 0xD8E7,
    0xD8E7, 0xD8E7, 0xD8E7, 0xD8E7, 0xD8E7, 0xD8E7, 0xD8E7, 0xD8E7, 0xD8E7, 0xD8E7, 0xD8E7, 0xD8E7,
    0xD8E7, 0xD8E7, 0xD8E7, 0xD8E7, 0xD8E7, 0xD8E7, 0xD8E7, 0xD8E7, 0xD8E7, 0xD8E7, 0xD8E7, 0xD8E7,
    0xD8E7, 0xD8E7, 0xD8E7, 0xD8E7, 0xD8E7, 0xD8E7, 0xD8E7, 0xD8E7, 0xD8E7, 0xD8E7, 0xD8E7, 0xD8E7,
    0xD8E7, 0xD8E7, 0xD8E7, 0xD8E7, 0xD8E7, 0xD8E7, 0xD8E7, 0xD8E7, 0xD8E7, 0xD8E7, 0xD8E7, 0xD8E7,
    0xD8E7, 0xD8E7, 0xD8E7, 0xD8E7, 0xD8E7, 0xD907, 0xC8E7, 0x5062, 0x0000, 0x0000, 0x0000, 0x0000,
    0x0000, 0x0000, 0x0000, 0x0000, 0x5844, 0xA8A7, 0xA8A7, 0xA8A7, 0xA8A7, 0xA8A7, 0xA8A7, 0xA8A7,
    0xA8A7, 0xA8A7, 0xA8A7, 0xA8A7, 0xA8A7, 0xA8A7, 0xA8A7, 0xA8A7, 0xA8A7, 0xA8A7, 0xA8A7, 0xA8A7,
    0xA8A7, 0xA8A7, 0xA8A7, 0xA8A7, 0xA8A7, 0xA8A7, 0xA8A7, 0xA8A7, 0xA8A7, 0xA8A7, 0xA8A7, 0xA8A7,
    0xA8A7, 0xA8A7, 0xA8A7, 0xA8A7, 0xA8A7, 0xA8A7, 0xA8A7, 0xA8A7, 0xA8A7, 0xA8A7, 0xA8A7, 0xA8A7,
    0xA8A7, 0xA8A7, 0xA8A7, 0xA8A7, 0xA8A7, 0xA8A7, 0xA8A7, 0xA8A7, 0xA8A7, 0xA8A7, 0xA8A7, 0xA8A7,
    0xA8A7, 0xA8A7, 0xA8A7, 0xA8A7, 0xA8A7, 0xB0A7, 0xA087, 0x0800, 0x0000, 0x0000, 0x0000, 0x0000,
    0x0000, 0x0000, 0x0000, 0x0000, 0x0000, 0x0000, 0x0000, 0x0000, 0x0000, 0x0000, 0x0000, 0x0000,
    0x0000, 0x0000, 0x0000, 0x0000, 0x0000, 0x0000, 0x0000, 0x0000, 0x0000, 0x0000, 0x0000, 0x0000,
    0x0000, 0x0000, 0x0000, 0x0000, 0x0000, 0x0000, 0x0000, 0x0000, 0x0000, 0x0000, 0x0000, 0x0000,
    0x0000, 0x0000, 0x0000, 0x0000, 0x0000, 0x0000, 0x0000, 0x0000, 0x0000, 0x0000, 0x0000, 0x0000,
    0x0000, 0x0000, 0x0000, 0x0000, 0x3021, 0xD0E7, 0xD8E7, 0xD8E7, 0xD8E7, 0xD8E7, 0xD8E7, 0xD8E7,
    0xD8E7, 0xD8E7, 0xD8E7, 0xD8E7, 0xD8E7, 0xD8E7, 0xD8E7, 0xD8E7, 0xD8E7, 0xD8E7, 0xD8E7, 0xD8E7,
    0xD8E7, 0xD8E7, 0xD8E7, 0xD8E7, 0xD8E7, 0xD8E7, 0xD8E7, 0xD8E7, 0xD8E7, 0xD8E7, 0xD8E7, 0xD8E7,
    0xD8E7, 0xD8E7, 0xD8E7, 0xD8E7, 0xD8E7, 0xD8E7, 0xD8E7, 0xD8E7, 0xD8E7, 0xD8E7, 0xD8E7, 0xD8E7,
    0xD8E7, 0xD8E7, 0xD8E7, 0xD8E7, 0xD8E7, 0xD8E7, 0xD8E7, 0xD8E7, 0xD8E7, 0xD8E7, 0xD8E7, 0xD8E7,
    0xD8E7, 0xD8E7, 0xD8E7, 0xD8E7, 0xD8E7, 0xD8E7, 0xD8E7, 0xD8E7, 0xD8E7, 0xD8E7, 0xD8E7, 0xD8E7,
    0xD8E7, 0xD8E7, 0xD8E7, 0xD8E7, 0xD8E7, 0xD8E7, 0xD8E7, 0xD8E7, 0xD8E7, 0xD8E7, 0xD8E7, 0xD8E7,
    0xD8E7, 0xD8E7, 0xD8E7, 0xD8E7, 0xD8E7, 0xD8E7, 0xD8E7, 0xD8E7, 0xD8E7, 0xD8E7, 0xD8E7, 0xD8E7,
    0xD8E7, 0xD8E7, 0xD8E7, 0xD8E7, 0xD8E7, 0xD8E7, 0xD8E7, 0xD8E7, 0xD8E7, 0xD8E7, 0xD8E7, 0xD8E7,
    0xD8E7, 0xD8E7, 0xD8E7, 0xD8E7, 0xD8E7, 0xD907, 0xD0E7, 0x5062, 0x0000, 0x0000, 0x0000, 0x0000,
    0x0000, 0x0000, 0x0000, 0x0000, 0x6044, 0xA8A7, 0xA8A7, 0xA8A7, 0xA8A7, 0xA8A7, 0xA8A7, 0xA8A7,
    0xA8A7, 0xA8A7, 0xA8A7, 0xA8A7, 0xA8A7, 0xA8A7, 0xA8A7, 0xA8A7, 0xA8A7, 0xA8A7, 0xA8A7, 0xA8A7,
    0xA8A7, 0xA8A7, 0xA8A7, 0xA8A7, 0xA8A7, 0xA8A7, 0xA8A7, 0xA8A7, 0xA8A7, 0xA8A7, 0xA8A7, 0xA8A7,
    0xA8A7, 0xA8A7, 0xA8A7, 0xA8A7, 0xA8A7, 0xA8A7, 0xA8A7, 0xA8A7, 0xA8A7, 0xA8A7, 0xA8A7, 0xA8A7,
    0xA8A7, 0xA8A7, 0xA8A7, 0xA8A7, 0xA8A7, 0xA8A7, 0xA8A7, 0xA8A7, 0xA8A7, 0xA8A7, 0xA8A7, 0xA8A7,
    0xA8A7, 0xA8A7, 0xA8A7, 0xA8A7, 0xA8A7, 0xB0A7, 0xA887, 0x1801, 0x0000, 0x0000, 0x0000, 0x0000,
    0x0000, 0x0000, 0x0000, 0x0000, 0x0000, 0x0000, 0x0000, 0x0000, 0x0000, 0x0000, 0x0000, 0x0000,
    0x0000, 0x0000, 0x0000, 0x0000, 0x0000, 0x0000, 0x0000, 0x0000, 0x0000, 0x0000, 0x0000, 0x0000,
    0x0000, 0x0000, 0x0000, 0x0000, 0x0000, 0x0000, 0x0000, 0x0000, 0x0000, 0x0000, 0x0000, 0x0000,
    0x0000, 0x0000, 0x0000, 0x0000, 0x0000, 0x0000, 0x0000, 0x0000, 0x0000, 0x0000, 0x0000, 0x0000,
    0x0000, 0x0000, 0x0000, 0x0000, 0x3021, 0xD0E7, 0xD8E7, 0xD8E7, 0xD8E7, 0xD8E7, 0xD8E7, 0xD8E7,
    0xD8E7, 0xD8E7, 0xD8E7, 0xD8E7, 0xD8E7, 0xD8E7, 0xD8E7, 0xD8E7, 0xD8E7, 0xD8E7, 0xD8E7, 0xD8E7,
    0xD8E7, 0xD8E7, 0xD8E7, 0xD8E7, 0xD8E7, 0xD8E7, 0xD8E7, 0xD8E7, 0xD8E7, 0xD8E7, 0xD8E7, 0xD8E7,
    0xD8E7, 0xD8E7, 0xD8E7, 0xD8E7, 0xD8E7, 0xD8E7, 0xD8E7, 0xD8E7, 0xD8E7, 0xD8E7, 0xD8E7, 0xD8E7,
    0xD8E7, 0xD8E7, 0xD8E7, 0xD8E7, 0xD8E7, 0xD8E7, 0xD8E7, 0xD8E7, 0xD8E7, 0xD8E7, 0xD8E7, 0xD8E7,
    0xD8E7, 0xD8E7, 0xD8E7, 0xD8E7, 0xD8E7, 0xD8E7, 0xD8E7, 0xD8E7, 0xD8E7, 0xD8E7, 0xD8E7, 0xD8E7,
    0xD8E7, 0xD8E7, 0xD8E7, 0xD8E7, 0xD8E7, 0xD8E7, 0xD8E7, 0xD8E7, 0xD8E7, 0xD8E7, 0xD8E7, 0xD8E7,
    0xD8E7, 0xD8E7, 0xD8E7, 0xD8E7, 0xD8E7, 0xD8E7, 0xD8E7, 0xD8E7, 0xD8E7, 0xD8E7, 0xD8E7, 0xD8E7,
    0xD8E7, 0xD8E7, 0xD8E7, 0xD8E7, 0xD8E7, 0xD8E7, 0xD8E7, 0xD8E7, 0xD8E7, 0xD8E7, 0xD8E7, 0xD8E7,
    0xD8E7, 0xD8E7, 0xD8E7, 0xD8E7, 0xD8E7, 0xD8E7, 0xD0E7, 0x5063, 0x0000, 0x0000, 0x0000, 0x0000,
    0x0000, 0x0000, 0x0000, 0x0000, 0x6064, 0xA8A7, 0xA8A7, 0xA8A7, 0xA8A7, 0xA8A7, 0xA8A7, 0xA8A7,
    0xA8A7, 0xA8A7, 0xA8A7, 0xA8A7, 0xA8A7, 0xA8A7, 0xA8A7, 0xA8A7, 0xA8A7, 0xA8A7, 0xA8A7, 0xA8A7,
    0xA8A7, 0xA8A7, 0xA8A7, 0xA8A7, 0xA8A7, 0xA8A7, 0xA8A7, 0xA8A7, 0xA8A7, 0xA8A7, 0xA8A7, 0xA8A7,
    0xA8A7, 0xA8A7, 0xA8A7, 0xA8A7, 0xA8A7, 0xA8A7, 0xA8A7, 0xA8A7, 0xA8A7, 0xA8A7, 0xA8A7, 0xA8A7,
    0xA8A7, 0xA8A7, 0xA8A7, 0xA8A7, 0xA8A7, 0xA8A7, 0xA8A7, 0xA8A7, 0xA8A7, 0xA8A7, 0xA8A7, 0xA8A7,
    0xA8A7, 0xA8A7, 0xA8A7, 0xA8A7, 0xA8A7, 0xA8A7, 0xA087, 0x2021, 0x0000, 0x0000, 0x0000, 0x0000,
    0x0000, 0x0000, 0x0000, 0x0000, 0x0000, 0x0000, 0x0000, 0x0000, 0x0000, 0x0000, 0x0000, 0x0000,
    0x0000, 0x0000, 0x0000, 0x0000, 0x0000, 0x0000, 0x0000, 0x0000, 0x0000, 0x0000, 0x0000, 0x0000,
    0x0000, 0x0000, 0x0000, 0x0000, 0x0000, 0x0000, 0x0000, 0x0000, 0x0000, 0x0000, 0x0000, 0x0000,
    0x0000, 0x0000, 0x0000, 0x0000, 0x0000, 0x0000, 0x0000, 0x0000, 0x0000, 0x0000, 0x0000, 0x0000,
    0x0000, 0x0000, 0x0000, 0x0000, 0x3021, 0xD0E7, 0xD8E7, 0xD8E7, 0xD8E7, 0xD8E7, 0xD8E7, 0xD8E7,
    0xD8E7, 0xD8E7, 0xD8E7, 0xD8E7, 0xD8E7, 0xD8E7, 0xD8E7, 0xD8E7, 0xD8E7, 0xD8E7, 0xD8E7, 0xD8E7,
    0xD8E7, 0xD8E7, 0xD8E7, 0xD8E7, 0xD8E7, 0xD8E7, 0xD8E7, 0xD8E7, 0xD8E7, 0xD8E7, 0xD8E7, 0xD8E7,
    0xD8E7, 0xD8E7, 0xD8E7, 0xD8E7, 0xD8E7, 0xD8E7, 0xD8E7, 0xD8E7, 0xD8E7, 0xD8E7, 0xD8E7, 0xD8E7,
    0xD8E7, 0xD8E7, 0xD8E7, 0xD8E7, 0xD8E7, 0xD8E7, 0xD8E7, 0xD8E7, 0xD8E7, 0xD8E7, 0xD8E7, 0xD8E7,
    0xD8E7, 0xD8E7, 0xD8E7, 0xD8E7, 0xD8E7, 0xD8E7, 0xD8E7, 0xD8E7, 0xD8E7, 0xD8E7, 0xD8E7, 0xD8E7,
    0xD8E7, 0xD8E7, 0xD8E7, 0xD8E7, 0xD8E7, 0xD8E7, 0xD8E7, 0xD8E7, 0xD8E7, 0xD8E7, 0xD8E7, 0xD8E7,
    0xD8E7, 0xD8E7, 0xD8E7, 0xD8E7, 0xD8E7, 0xD8E7, 0xD8E7, 0xD8E7, 0xD8E7, 0xD8E7, 0xD8E7, 0xD8E7,
    0xD8E7, 0xD8E7, 0xD8E7, 0xD8E7, 0xD8E7, 0xD8E7, 0xD8E7, 0xD8E7, 0xD8E7, 0xD8E7, 0xD8E7, 0xD8E7,
    0xD8E7, 0xD8E7, 0xD8E7, 0xD8E7, 0xD8E7, 0xD8E7, 0xD0E7, 0x5863, 0x0000, 0x0000, 0x0000, 0x0000,
    0x0000, 0x0000, 0x0000, 0x0000, 0x6864, 0xA8A7, 0xA8A7, 0xA8A7, 0xA8A7, 0xA8A7, 0xA8A7, 0xA8A7,
    0xA8A7, 0xA8A7, 0xA8A7, 0xA8A7, 0xA8A7, 0xA8A7, 0xA8A7, 0xA8A7, 0xA8A7, 0xA8A7, 0xA8A7, 0xA8A7,
    0xA8A7, 0xA8A7, 0xA8A7, 0xA8A7, 0xA8A7, 0xA8A7, 0xA8A7, 0xA8A7, 0xA8A7, 0xA8A7, 0xA8A7, 0xA8A7,
    0xA8A7, 0xA8A7, 0xA8A7, 0xA8A7, 0xA8A7, 0xA8A7, 0xA8A7, 0xA8A7, 0xA8A7, 0xA8A7, 0xA8A7, 0xA8A7,
    0xA8A7, 0xA8A7, 0xA8A7, 0xA8A7, 0xA8A7, 0xA8A7, 0xA8A7, 0xA8A7, 0xA8A7, 0xA8A7, 0xA8A7, 0xA8A7,
    0xA8A7, 0xA8A7, 0xA8A7, 0xA8A7, 0xA8A7, 0xA8A7, 0xA087, 0x2821, 0x0000, 0x0000, 0x0000, 0x0000,
    0x0000, 0x0000, 0x0000, 0x0000, 0x0000, 0x0000, 0x0000, 0x0000, 0x0000, 0x0000, 0x0000, 0x0000,
    0x0000, 0x0000, 0x0000, 0x0000, 0x0000, 0x0000, 0x0000, 0x0000, 0x0000, 0x0000, 0x0000, 0x0000,
    0x0000, 0x0000, 0x0000, 0x0000, 0x0000, 0x0000, 0x0000, 0x0000, 0x0000, 0x0000, 0x0000, 0x0000,
    0x0000, 0x0000, 0x0000, 0x0000, 0x0000, 0x0000, 0x0000, 0x0000, 0x0000, 0x0000, 0x0000, 0x0000,
    0x0000, 0x0000, 0x0000, 0x0000, 0x3021, 0xD0E7, 0xD8E7, 0xD8E7, 0xD8E7, 0xD8E7, 0xD8E7, 0xD8E7,
    0xD8E7, 0xD8E7, 0xD8E7, 0xD8E7, 0xD8E7, 0xD8E7, 0xD8E7, 0xD8E7, 0xD8E7, 0xD8E7, 0xD8E7, 0xD8E7,
    0xD8E7, 0xD8E7, 0xD8E7, 0xD8E7, 0xD8E7, 0xD8E7, 0xD8E7, 0xD8E7, 0xD8E7, 0xD8E7, 0xD8E7, 0xD8E7,
    0xD8E7, 0xD8E7, 0xD8E7, 0xD8E7, 0xD8E7, 0xD8E7, 0xD8E7, 0xD8E7, 0xD8E7, 0xD8E7, 0xD8E7, 0xD8E7,
    0xD8E7, 0xD8E7, 0xD8E7, 0xD8E7, 0xD8E7, 0xD8E7, 0xD8E7, 0xD8E7, 0xD8E7, 0xD8E7, 0xD8E7, 0xD8E7,
    0xD8E7, 0xD8E7, 0xD8E7, 0xD8E7, 0xD8E7, 0xD8E7, 0xD8E7, 0xD8E7, 0xD8E7, 0xD8E7, 0xD8E7, 0xD8E7,
    0xD8E7, 0xD8E7, 0xD8E7, 0xD8E7, 0xD8E7, 0xD8E7, 0xD8E7, 0xD8E7, 0xD8E7, 0xD8E7, 0xD8E7, 0xD8E7,
    0xD8E7, 0xD8E7, 0xD8E7, 0xD8E7, 0xD8E7, 0xD8E7, 0xD8E7, 0xD8E7, 0xD8E7, 0xD8E7, 0xD8E7, 0xD8E7,
    0xD8E7, 0xD8E7, 0xD8E7, 0xD8E7, 0xD8E7, 0xD8E7, 0xD8E7, 0xD8E7, 0xD8E7, 0xD8E7, 0xD8E7, 0xD8E7,
    0xD8E7, 0xD8E7, 0xD8E7, 0xD8E7, 0xD8E7, 0xD8E7, 0xD0E7, 0x5863, 0x0000, 0x0000, 0x0000, 0x0000,
    0x0000, 0x0000, 0x0000, 0x0000, 0x7065, 0xA8A7, 0xA8A7, 0xA8A7, 0xA8A7, 0xA8A7, 0xA8A7, 0xA8A7,
    0xA8A7, 0xA8A7, 0xA8A7, 0xA8A7, 0xA8A7, 0xA8A7, 0xA8A7, 0xA8A7, 0xA8A7, 0xA8A7, 0xA8A7, 0xA8A7,
    0xA8A7, 0xA8A7, 0xA8A7, 0xA8A7, 0xA8A7, 0xA8A7, 0xA8A7, 0xA8A7, 0xA8A7, 0xA8A7, 0xA8A7, 0xA8A7,
    0xA8A7, 0xA8A7, 0xA8A7, 0xA8A7, 0xA8A7, 0xA8A7, 0xA8A7, 0xA8A7, 0xA8A7, 0xA8A7, 0xA8A7, 0xA8A7,
    0xA8A7, 0xA8A7, 0xA8A7, 0xA8A7, 0xA8A7, 0xA8A7, 0xA8A7, 0xA8A7, 0xA8A7, 0xA8A7, 0xA8A7, 0xA8A7,
    0xA8A7, 0xA8A7, 0xA8A7, 0xA8A7, 0xA8A7, 0xA8A7, 0xA087, 0x2021, 0x0000, 0x0000, 0x0000, 0x0000,
    0x0000, 0x0000, 0x0000, 0x0000, 0x0000, 0x0000, 0x0000, 0x0000, 0x0000, 0x0000, 0x0000, 0x0000,
    0x0000, 0x0000, 0x0000, 0x0000, 0x0000, 0x0000, 0x0000, 0x0000, 0x0000, 0x0000, 0x0000, 0x0000,
    0x0000, 0x0000, 0x0000, 0x0000, 0x0000, 0x0000, 0x0000, 0x0000, 0x0000, 0x0000, 0x0000, 0x0000,
    0x0000, 0x0000, 0x0000, 0x0000, 0x0000, 0x0000, 0x0000, 0x0000, 0x0000, 0x0000, 0x0000, 0x0000,
    0x0000, 0x0000, 0x0000, 0x0000, 0x3021, 0xD0E7, 0xD8E7, 0xD8E7, 0xD8E7, 0xD8E7, 0xD8E7, 0xD8E7,
    0xD8E7, 0xD8E7, 0xD8E7, 0xD8E7, 0xD8E7, 0xD8E7, 0xD8E7, 0xD8E7, 0xD8E7, 0xD8E7, 0xD8E7, 0xD8E7,
    0xD8E7, 0xD8E7, 0xD8E7, 0xD8E7, 0xD8E7, 0xD8E7, 0xD8E7, 0xD8E7, 0xD8E7, 0xD8E7, 0xD8E7, 0xD8E7,
    0xD8E7, 0xD8E7, 0xD8E7, 0xD8E7, 0xD8E7, 0xD8E7, 0xD8E7, 0xD8E7, 0xD8E7, 0xD8E7, 0xD8E7, 0xD8E7,
    0xD8E7, 0xD8E7, 0xD8E7, 0xD8E7, 0xD8E7, 0xD8E7, 0xD8E7, 0xD8E7, 0xD8E7, 0xD8E7, 0xD8E7, 0xD8E7,
    0xD8E7, 0xD8E7, 0xD8E7, 0xD8E7, 0xD8E7, 0xD8E7, 0xD8E7, 0xD8E7, 0xD8E7, 0xD8E7, 0xD8E7, 0xD8E7,
    0xD8E7, 0xD8E7, 0xD8E7, 0xD8E7, 0xD8E7, 0xD8E7, 0xD8E7, 0xD8E7, 0xD8E7, 0xD8E7, 0xD8E7, 0xD8E7,
    0xD8E7, 0xD8E7, 0xD8E7, 0xD8E7, 0xD8E7, 0xD8E7, 0xD8E7, 0xD8E7, 0xD8E7, 0xD8E7, 0xD8E7, 0xD8E7,
    0xD8E7, 0xD8E7, 0xD8E7, 0xD8E7, 0xD8E7, 0xD8E7, 0xD8E7, 0xD8E7, 0xD8E7, 0xD8E7, 0xD8E7, 0xD8E7,
    0xD8E7, 0xD8E7, 0xD8E7, 0xD8E7, 0xD8E7, 0xD8E7, 0xD0E7, 0x5863, 0x0000, 0x0000, 0x0000, 0x0000,
    0x0000, 0x0000, 0x0000, 0x0000, 0x7065, 0xA8A7, 0xA8A7, 0xA8A7, 0xA8A7, 0xA8A7, 0xA8A7, 0xA8A7,
    0xA8A7, 0xA8A7, 0xA8A7, 0xA8A7, 0xA8A7, 0xA8A7, 0xA8A7, 0xA8A7, 0xA8A7, 0xA8A7, 0xA8A7, 0xA8A7,
    0xA8A7, 0xA8A7, 0xA8A7, 0xA8A7, 0xA8A7, 0xA8A7, 0xA8A7, 0xA8A7, 0xA8A7, 0xA8A7, 0xA8A7, 0xA8A7,
    0xA8A7, 0xA8A7, 0xA8A7, 0xA8A7, 0xA8A7, 0xA8A7, 0xA8A7, 0xA8A7, 0xA8A7, 0xA8A7, 0xA8A7, 0xA8A7,
    0xA8A7, 0xA8A7, 0xA8A7, 0xA8A7, 0xA8A7, 0xA8A7, 0xA8A7, 0xA8A7, 0xA8A7, 0xA8A7, 0xA8A7, 0xA8A7,
    0xA8A7, 0xA8A7, 0xA8A7, 0xA8A7, 0xA8A7, 0xA8A7, 0xA087, 0x2821, 0x0000, 0x0000, 0x0000, 0x0000,
    0x0000, 0x0000, 0x0000, 0x0000, 0x0000, 0x0000, 0x0000, 0x0000, 0x0000, 0x0000, 0x0000, 0x0000,
    0x0000, 0x0000, 0x0000, 0x0000, 0x0000, 0x0000, 0x0000, 0x0000, 0x0000, 0x0000, 0x0000, 0x0000,
    0x0000, 0x0000, 0x0000, 0x0000, 0x0000, 0x0000, 0x0000, 0x0000, 0x0000, 0x0000, 0x0000, 0x0000,
    0x0000, 0x0000, 0x0000, 0x0000, 0x0000, 0x0000, 0x0000, 0x0000, 0x0000, 0x0000, 0x0000, 0x0000,
    0x0000, 0x0000, 0x0000, 0x0000, 0x3021, 0xD0E7, 0xD8E7, 0xD8E7, 0xD8E7, 0xD8E7, 0xD8E7, 0xD8E7,
    0xD8E7, 0xD8E7, 0xD8E7, 0xD8E7, 0xD8E7, 0xD8E7, 0xD8E7, 0xD8E7, 0xD8E7, 0xD8E7, 0xD8E7, 0xD8E7,
    0xD8E7, 0xD8E7, 0xD8E7, 0xD8E7, 0xD8E7, 0xD8E7, 0xD8E7, 0xD8E7, 0xD8E7, 0xD8E7, 0xD8E7, 0xD8E7,
    0xD8E7, 0xD8E7, 0xD8E7, 0xD8E7, 0xD8E7, 0xD8E7, 0xD8E7, 0xD8E7, 0xD8E7, 0xD8E7, 0xD8E7, 0xD8E7,
    0xD8E7, 0xD8E7, 0xD8E7, 0xD8E7, 0xD8E7, 0xD8E7, 0xD8E7, 0xD8E7, 0xD8E7, 0xD8E7, 0xD8E7, 0xD8E7,
    0xD8E7, 0xD8E7, 0xD8E7, 0xD8E7, 0xD8E7, 0xD8E7, 0xD8E7, 0xD8E7, 0xD8E7, 0xD8E7, 0xD8E7, 0xD8E7,
    0xD8E7, 0xD8E7, 0xD8E7, 0xD8E7, 0xD8E7, 0xD8E7, 0xD8E7, 0xD8E7, 0xD8E7, 0xD8E7, 0xD8E7, 0xD8E7,
    0xD8E7, 0xD8E7, 0xD8E7, 0xD8E7, 0xD8E7, 0xD8E7, 0xD8E7, 0xD8E7, 0xD8E7, 0xD8E7, 0xD8E7, 0xD8E7,
    0xD8E7, 0xD8E7, 0xD8E7, 0xD8E7, 0xD8E7, 0xD8E7, 0xD8E7, 0xD8E7, 0xD8E7, 0xD8E7, 0xD8E7, 0xD8E7,
    0xD8E7, 0xD8E7, 0xD8E7, 0xD8E7, 0xD8E7, 0xD8E7, 0xD0E7, 0x6063, 0x0000, 0x0000, 0x0000, 0x0000,
    0x0000, 0x0000, 0x0000, 0x0000, 0x7865, 0xB0A7, 0xA8A7, 0xA8A7, 0xA8A7, 0xA8A7, 0xA8A7, 0xA8A7,
    0xA8A7, 0xA8A7, 0xA8A7, 0xA8A7, 0xA8A7, 0xA8A7, 0xA8A7, 0xA8A7, 0xA8A7, 0xA8A7, 0xA8A7, 0xA8A7,
    0xA8A7, 0xA8A7, 0xA8A7, 0xA8A7, 0xA8A7, 0xA8A7, 0xA8A7, 0xA8A7, 0xA8A7, 0xA8A7, 0xA8A7, 0xA8A7,
    0xA8A7, 0xA8A7, 0xA8A7, 0xA8A7, 0xA8A7, 0xA8A7, 0xA8A7, 0xA8A7, 0xA8A7, 0xA8A7, 0xA8A7, 0xA8A7,
    0xA8A7, 0xA8A7, 0xA8A7, 0xA8A7, 0xA8A7, 0xA8A7, 0xA8A7, 0xA8A7, 0xA8A7, 0xA8A7, 0xA8A7, 0xA8A7,
    0xA8A7, 0xA8A7, 0xA8A7, 0xA8A7, 0xA8A7, 0xA8A7, 0xA087, 0x2821, 0x0000, 0x0000, 0x0000, 0x0000,
    0x0000, 0x0000, 0x0000, 0x0000, 0x0000, 0x0000, 0x0000, 0x0000, 0x0000, 0x0000, 0x0000, 0x0000,
    0x0000, 0x0000, 0x0000, 0x0000, 0x0000, 0x0000, 0x0000, 0x0000, 0x0000, 0x0000, 0x0000, 0x0000,
    0x0000, 0x0000, 0x0000, 0x0000, 0x0000, 0x0000, 0x0000, 0x0000, 0x0000, 0x0000, 0x0000, 0x0000,
    0x0000, 0x0000, 0x0000, 0x0000, 0x0000, 0x0000, 0x0000, 0x0000, 0x0000, 0x0000, 0x0000, 0x0000,
    0x0000, 0x0000, 0x0000, 0x0000, 0x3021, 0xD0E7, 0xD8E7, 0xD8E7, 0xD8E7, 0xD8E7, 0xD8E7, 0xD8E7,
    0xD8E7, 0xD8E7, 0xD8E7, 0xD8E7, 0xD8E7, 0xD8E7, 0xD8E7, 0xD8E7, 0xD8E7, 0xD8E7, 0xD8E7, 0xD8E7,
    0xD8E7, 0xD8E7, 0xD8E7, 0xD8E7, 0xD8E7, 0xD8E7, 0xD8E7, 0xD8E7, 0xD8E7, 0xD8E7, 0xD8E7, 0xD8E7,
    0xD8E7, 0xD8E7, 0xD8E7, 0xD8E7, 0xD8E7, 0xD8E7, 0xD8E7, 0xD8E7, 0xD8E7, 0xD8E7, 0xD8E7, 0xD8E7,
    0xD8E7, 0xD8E7, 0xD8E7, 0xD8E7, 0xD8E7, 0xD8E7, 0xD8E7, 0xD8E7, 0xD8E7, 0xD8E7, 0xD8E7, 0xD8E7,
    0xD8E7, 0xD8E7, 0xD8E7, 0xD8E7, 0xD8E7, 0xD8E7, 0xD8E7, 0xD8E7, 0xD8E7, 0xD8E7, 0xD8E7, 0xD8E7,
    0xD8E7, 0xD8E7, 0xD8E7, 0xD8E7, 0xD8E7, 0xD8E7, 0xD8E7, 0xD8E7, 0xD8E7, 0xD8E7, 0xD8E7, 0xD8E7,
    0xD8E7, 0xD8E7, 0xD8E7, 0xD8E7, 0xD8E7, 0xD8E7, 0xD8E7, 0xD8E7, 0xD8E7, 0xD8E7, 0xD8E7, 0xD8E7,
    0xD8E7, 0xD8E7, 0xD8E7, 0xD8E7, 0xD8E7, 0xD8E7, 0xD8E7, 0xD8E7, 0xD8E7, 0xD8E7, 0xD8E7, 0xD8E7,
    0xD8E7, 0xD8E7, 0xD8E7, 0xD8E7, 0xD8E7, 0xD8E7, 0xD0E7, 0x6063, 0x0000, 0x0000, 0x0000, 0x0000,
    0x0000, 0x0000, 0x0000, 0x0000, 0x7865, 0xB0A7, 0xA8A7, 0xA8A7, 0xA8A7, 0xA8A7, 0xA8A7, 0xA8A7,
    0xA8A7, 0xA8A7, 0xA8A7, 0xA8A7, 0xA8A7, 0xA8A7, 0xA8A7, 0xA8A7, 0xA8A7, 0xA8A7, 0xA8A7, 0xA8A7,
    0xA8A7, 0xA8A7, 0xA8A7, 0xA8A7, 0xA8A7, 0xA8A7, 0xA8A7, 0xA8A7, 0xA8A7, 0xA8A7, 0xA8A7, 0xA8A7,
    0xA8A7, 0xA8A7, 0xA8A7, 0xA8A7, 0xA8A7, 0xA8A7, 0xA8A7, 0xA8A7, 0xA8A7, 0xA8A7, 0xA8A7, 0xA8A7,
    0xA8A7, 0xA8A7, 0xA8A7, 0xA8A7, 0xA8A7, 0xA8A7, 0xA8A7, 0xA8A7, 0xA8A7, 0xA8A7, 0xA8A7, 0xA8A7,
    0xA8A7, 0xA8A7, 0xA8A7, 0xA8A7, 0xA8A7, 0xA8A7, 0xA087, 0x2021, 0x0000, 0x0000, 0x0000, 0x0000,
    0x0000, 0x0000, 0x0000, 0x0000, 0x0000, 0x0000, 0x0000, 0x0000, 0x0000, 0x0000, 0x0000, 0x0000,
    0x0000, 0x0000, 0x0000, 0x0000, 0x0000, 0x0000, 0x0000, 0x0000, 0x0000, 0x0000, 0x0000, 0x0000,
    0x0000, 0x0000, 0x0000, 0x0000, 0x0000, 0x0000, 0x0000, 0x0000, 0x0000, 0x0000, 0x0000, 0x0000,
    0x0000, 0x0000, 0x0000, 0x0000, 0x0000, 0x0000, 0x0000, 0x0000, 0x0000, 0x0000, 0x0000, 0x0000,
    0x0000, 0x0000, 0x0000, 0x0000, 0x3021, 0xD0E7, 0xD8E7, 0xD8E7, 0xD8E7, 0xD8E7, 0xD8E7, 0xD8E7,
    0xD8E7, 0xD8E7, 0xD8E7, 0xD8E7, 0xD8E7, 0xD8E7, 0xD8E7, 0xD8E7, 0xD8E7, 0xD8E7, 0xD8E7, 0xD8E7,
    0xD8E7, 0xD8E7, 0xD8E7, 0xD8E7, 0xD8E7, 0xD8E7, 0xD8E7, 0xD8E7, 0xD8E7, 0xD8E7, 0xD8E7, 0xD8E7,
    0xD8E7, 0xD8E7, 0xD8E7, 0xD8E7, 0xD8E7, 0xD8E7, 0xD8E7, 0xD8E7, 0xD8E7, 0xD8E7, 0xD8E7, 0xD8E7,
    0xD8E7, 0xD8E7, 0xD8E7, 0xD8E7, 0xD8E7, 0xD8E7, 0xD907, 0xD907, 0xD8E7, 0xD8E7, 0xD8E7, 0xD8E7,
    0xD8E7, 0xD8E7, 0xD8E7, 0xD8E7, 0xD8E7, 0xD8E7, 0xD8E7, 0xD8E7, 0xD8E7, 0xD8E7, 0xD8E7, 0xD8E7,
    0xD8E7, 0xD8E7, 0xD8E7, 0xD8E7, 0xD8E7, 0xD8E7, 0xD8E7, 0xD8E7, 0xD8E7, 0xD8E7, 0xD8E7, 0xD8E7,
    0xD8E7, 0xD8E7, 0xD8E7, 0xD8E7, 0xD8E7, 0xD8E7, 0xD8E7, 0xD8E7, 0xD8E7, 0xD8E7, 0xD8E7, 0xD8E7,
    0xD8E7, 0xD8E7, 0xD8E7, 0xD8E7, 0xD8E7, 0xD8E7, 0xD8E7, 0xD8E7, 0xD8E7, 0xD8E7, 0xD8E7, 0xD8E7,
    0xD8E7, 0xD8E7, 0xD8E7, 0xD8E7, 0xD8E7, 0xD8E7, 0xD8E7, 0x6063, 0x0000, 0x0000, 0x0000, 0x0000,
    0x0000, 0x0000, 0x0000, 0x0000, 0x8065, 0xB0A7, 0xA8A7, 0xA8A7, 0xA8A7, 0xA8A7, 0xA8A7, 0xA8A7,
    0xA8A7, 0xA8A7, 0xA8A7, 0xA8A7, 0xA8A7, 0xA8A7, 0xA8A7, 0xA8A7, 0xA8A7, 0xA8A7, 0xA8A7, 0xA8A7,
    0xA8A7, 0xA8A7, 0xA8A7, 0xA8A7, 0xA8A7, 0xA8A7, 0xA8A7, 0xA8A7, 0xA8A7, 0xA8A7, 0xA8A7, 0xA8A7,
    0xA8A7, 0xA8A7, 0xA8A7, 0xA8A7, 0xA8A7, 0xA8A7, 0xA8A7, 0xA8A7, 0xA8A7, 0xA8A7, 0xA8A7, 0xA8A7,
    0xA8A7, 0xA8A7, 0xA8A7, 0xA8A7, 0xA8A7, 0xA8A7, 0xA8A7, 0xA8A7, 0xA8A7, 0xA8A7, 0xA8A7, 0xA8A7,
    0xA8A7, 0xA8A7, 0xA8A7, 0xA8A7, 0xA8A7, 0xA8A7, 0xA087, 0x2821, 0x0000, 0x0000, 0x0000, 0x0000,
    0x0000, 0x0000, 0x0000, 0x0000, 0x0000, 0x0000, 0x0000, 0x0000, 0x0000, 0x0000, 0x0000, 0x0000,
    0x0000, 0x0000, 0x0000, 0x0000, 0x0000, 0x0000, 0x0000, 0x0000, 0x0000, 0x0000, 0x0000, 0x0000,
    0x0000, 0x0000, 0x0000, 0x0000, 0x0000, 0x0000, 0x0000, 0x0000, 0x0000, 0x0000, 0x0000, 0x0000,
    0x0000, 0x0000, 0x0000, 0x0000, 0x0000, 0x0000, 0x0000, 0x0000, 0x0000, 0x0000, 0x0000, 0x0000,
    0x0000, 0x0000, 0x0000, 0x0000, 0x3021, 0xD0E7, 0xD8E7, 0xD8E7, 0xD8E7, 0xD8E7, 0xD8E7, 0xD8E7,
    0xD8E7, 0xD8E7, 0xD8E7, 0xD8E7, 0xD8E7, 0xD8E7, 0xD8E7, 0xD8E7, 0xD8E7, 0xD8E7, 0xD8E7, 0xD8E7,
    0xD8E7, 0xD8E7, 0xD8E7, 0xD8E7, 0xD8E7, 0xD8E7, 0xD8E7, 0xD8E7, 0xD8E7, 0xD8E7, 0xD8E7, 0xD8E7,
    0xD8E7, 0xD8E7, 0xD8E7, 0xD8E7, 0xD8E7, 0xD8E7, 0xD8E7, 0xD8E7, 0xD8E7, 0xD907, 0xD907, 0xD907,
    0xD907, 0xD907, 0xD8E7, 0xD8E7, 0xD8E7, 0xD8C7, 0xD8C7, 0xD8C7, 0xD8E7, 0xD8E7, 0xD8E7, 0xD8E7,
    0xD8E7, 0xD8E7, 0xD8E7, 0xD8E7, 0xD8E7, 0xD8E7, 0xD8E7, 0xD8E7, 0xD8E7, 0xD8E7, 0xD8E7, 0xD8E7,
    0xD8E7, 0xD8E7, 0xD8E7, 0xD8E7, 0xD8E7, 0xD8E7, 0xD8E7, 0xD8E7, 0xD8E7, 0xD8E7, 0xD8E7, 0xD8E7,
    0xD8E7, 0xD8E7, 0xD8E7, 0xD8E7, 0xD8E7, 0xD8E7, 0xD8E7, 0xD8E7, 0xD8E7, 0xD8E7, 0xD8E7, 0xD8E7,
    0xD8E7, 0xD8E7, 0xD8E7, 0xD8E7, 0xD8E7, 0xD8E7, 0xD8E7, 0xD8E7, 0xD8E7, 0xD8E7, 0xD8E7, 0xD8E7,
    0xD8E7, 0xD8E7, 0xD8E7, 0xD8E7, 0xD8E7, 0xD8E7, 0xD0E7, 0x6063, 0x0000, 0x0000, 0x0000, 0x0000,
    0x0000, 0x0000, 0x0000, 0x0000, 0x8085, 0xB0A7, 0xA8A7, 0xA8A7, 0xA8A7, 0xA8A7, 0xA8A7, 0xA8A7,
    0xA8A7, 0xA8A7, 0xA8A7, 0xA8A7, 0xA8A7, 0xA8A7, 0xA8A7, 0xA8A7, 0xA8A7, 0xA8A7, 0xA8A7, 0xA8A7,
    0xA8A7, 0xA8A7, 0xA8A7, 0xA8A7, 0xA8A7, 0xA8A7, 0xA8A7, 0xA8A7, 0xA8A7, 0xA8A7, 0xA8A7, 0xA8A7,
    0xA8A7, 0xA8A7, 0xA8A7, 0xA8A7, 0xA8A7, 0xA8A7, 0xA8A7, 0xA8A7, 0xA8A7, 0xA8A7, 0xA8A7, 0xA8A7,
    0xA8A7, 0xA8A7, 0xA8A7, 0xA8A7, 0xA8A7, 0xA8A7, 0xA8A7, 0xA8A7, 0xA8A7, 0xA8A7, 0xA8A7, 0xA8A7,
    0xA8A7, 0xA8A7, 0xA8A7, 0xA8A7, 0xA8A7, 0xA8A7, 0xA087, 0x2821, 0x0000, 0x0000, 0x0000, 0x0000,
    0x0000, 0x0000, 0x0000, 0x0000, 0x0000, 0x0000, 0x0000, 0x0000, 0x0000, 0x0000, 0x0000, 0x0000,
    0x0000, 0x0000, 0x0000, 0x0000, 0x0000, 0x0000, 0x0000, 0x0000, 0x0000, 0x0000, 0x0000, 0x0000,
    0x0000, 0x0000, 0x0000, 0x0000, 0x0000, 0x0000, 0x0000, 0x0000, 0x0000, 0x0000, 0x0000, 0x0000,
    0x0000, 0x0000, 0x0000, 0x0000, 0x0000, 0x0000, 0x0000, 0x0000, 0x0000, 0x0000, 0x0000, 0x0000,
    0x0000, 0x0000, 0x0000, 0x0000, 0x3021, 0xD0E7, 0xD8E7, 0xD8E7, 0xD8E7, 0xD8E7, 0xD8E7, 0xD8E7,
    0xD8E7, 0xD8E7, 0xD8E7, 0xD8E7, 0xD8E7, 0xD8E7, 0xD8E7, 0xD8E7, 0xD8E7, 0xD8E7, 0xD8E7, 0xD8E7,
    0xD8E7, 0xD8E7, 0xD8E7, 0xD8E7, 0xD8E7, 0xD8E7, 0xD8E7, 0xD8E7, 0xD8E7, 0xD8E7, 0xD8E7, 0xD8E7,
    0xD8E7, 0xD8E7, 0xD8E7, 0xD8E7, 0xD8E7, 0xD8E7, 0xD8E7, 0xD907, 0xD8E7, 0xD8E7, 0xD8C7, 0xD8C7,
    0xD8A6, 0xD8A6, 0xD8E7, 0xD908, 0xD928, 0xD969, 0xD98A, 0xD989, 0xD908, 0xD8E7, 0xD8E7, 0xD8E7,
    0xD8E7, 0xD8E7, 0xD8E7, 0xD8E7, 0xD8E7, 0xD8E7, 0xD8E7, 0xD8E7, 0xD8E7, 0xD8E7, 0xD8E7, 0xD8E7,
    0xD8E7, 0xD8E7, 0xD8E7, 0xD8E7, 0xD8E7, 0xD8E7, 0xD8E7, 0xD8E7, 0xD8E7, 0xD8E7, 0xD8E7, 0xD8E7,
    0xD8E7, 0xD8E7, 0xD8E7, 0xD8E7, 0xD8E7, 0xD8E7, 0xD8E7, 0xD8E7, 0xD8E7, 0xD8E7, 0xD8E7, 0xD8E7,
    0xD8E7, 0xD8E7, 0xD8E7, 0xD8E7, 0xD8E7, 0xD8E7, 0xD8E7, 0xD8E7, 0xD8E7, 0xD8E7, 0xD8E7, 0xD8E7,
    0xD8E7, 0xD8E7, 0xD8E7, 0xD8E7, 0xD8E7, 0xD8E7, 0xD8E7, 0x6863, 0x0000, 0x0000, 0x0000, 0x0000,
    0x0000, 0x0000, 0x0000, 0x0000, 0x8866, 0xB0A7, 0xA8A7, 0xA8A7, 0xA8A7, 0xA8A7, 0xA8A7, 0xA8A7,
    0xA8A7, 0xA8A7, 0xA8A7, 0xA8A7, 0xA8A7, 0xA8A7, 0xA8A7, 0xA8A7, 0xA8A7, 0xA8A7, 0xA8A7, 0xA8A7,
    0xA8A7, 0xA8A7, 0xA8A7, 0xA8A7, 0xA8A7, 0xA8A7, 0xA8A7, 0xA8A7, 0xA8A7, 0xA8A7, 0xA8A7, 0xA8A7,
    0xA8A7, 0xA8A7, 0xA8A7, 0xA8A7, 0xA8A7, 0xA8A7, 0xA8A7, 0xA8A7, 0xA8A7, 0xA8A7, 0xA8A7, 0xA8A7,
    0xA8A7, 0xA8A7, 0xA8A7, 0xA8A7, 0xA8A7, 0xA8A7, 0xA8A7, 0xA8A7, 0xA8A7, 0xA8A7, 0xA8A7, 0xA8A7,
    0xA8A7, 0xA8A7, 0xA8A7, 0xA8A7, 0xA8A7, 0xA8A7, 0xA087, 0x2821, 0x0000, 0x0000, 0x0000, 0x0000,
    0x0000, 0x0000, 0x0000, 0x0000, 0x0000, 0x0000, 0x0000, 0x0000, 0x0000, 0x0000, 0x0000, 0x0000,
    0x0000, 0x0000, 0x0000, 0x0000, 0x0000, 0x0000, 0x0000, 0x0000, 0x0000, 0x0000, 0x0000, 0x0000,
    0x0000, 0x0000, 0x0000, 0x0000, 0x0000, 0x0000, 0x0000, 0x0000, 0x0000, 0x0000, 0x0000, 0x0000,
    0x0000, 0x0000, 0x0000, 0x0000, 0x0000, 0x0000, 0x0000, 0x0000, 0x0000, 0x0000, 0x0000, 0x0000,
    0x0000, 0x0000, 0x0000, 0x0000, 0x3021, 0xD0E7, 0xD8E7, 0xD8E7, 0xD8E7, 0xD8E7, 0xD8E7, 0xD8E7,
    0xD8E7, 0xD8E7, 0xD8E7, 0xD8E7, 0xD8E7, 0xD8E7, 0xD8E7, 0xD8E7, 0xD8E7, 0xD8E7, 0xD8E7, 0xD8E7,
    0xD8E7, 0xD8E7, 0xD8E7, 0xD8E7, 0xD8E7, 0xD8E7, 0xD8E7, 0xD8E7, 0xD8E7, 0xD8E7, 0xD8E7, 0xD8E7,
    0xD8E7, 0xD8E7, 0xD8E7, 0xD8E7, 0xD8E7, 0xD8E7, 0xD907, 0xD8C7, 0xD8C7, 0xD928, 0xD969, 0xD9AA,
    0xE1EB, 0xE28D, 0xEB90, 0xEC94, 0xF5B7, 0xFE9B, 0xFFFF, 0xFF7E, 0xE28D, 0xD8C7, 0xD908, 0xD8E7,
    0xD8E7, 0xD8E7, 0xD8E7, 0xD8E7, 0xD8E7, 0xD8E7, 0xD8E7, 0xD8E7, 0xD8E7, 0xD8E7, 0xD8E7, 0xD8E7,
    0xD8E7, 0xD8E7, 0xD8E7, 0xD8E7, 0xD8E7, 0xD8E7, 0xD8E7, 0xD8E7, 0xD8E7, 0xD8E7, 0xD8E7, 0xD8E7,
    0xD8E7, 0xD8E7, 0xD8E7, 0xD8E7, 0xD8E7, 0xD8E7, 0xD8E7, 0xD8E7, 0xD8E7, 0xD8E7, 0xD8E7, 0xD8E7,
    0xD8E7, 0xD8E7, 0xD8E7, 0xD8E7, 0xD8E7, 0xD8E7, 0xD8E7, 0xD8E7, 0xD8E7, 0xD8E7, 0xD8E7, 0xD8E7,
    0xD8E7, 0xD8E7, 0xD8E7, 0xD8E7, 0xD8E7, 0xD8E7, 0xD8E7, 0x6863, 0x0000, 0x0000, 0x0000, 0x0000,
    0x0000, 0x0000, 0x0000, 0x0000, 0x9086, 0xB0A7, 0xA8A7, 0xA8A7, 0xA8A7, 0xA8A7, 0xA8A7, 0xA8A7,
    0xA8A7, 0xA8A7, 0xA8A7, 0xA8A7, 0xA8A7, 0xA8A7, 0xA8A7, 0xA8A7, 0xA8A7, 0xA8A7, 0xA8A7, 0xA8A7,
    0xA8A7, 0xA8A7, 0xA8A7, 0xA8A7, 0xA8A7, 0xA8A7, 0xA8A7, 0xA8A7, 0xA8A7, 0xA8A7, 0xA8A7, 0xA8A7,
    0xA8A7, 0xA8A7, 0xA8A7, 0xA8A7, 0xA8A7, 0xA8A7, 0xA8A7, 0xA8A7, 0xA8A7, 0xA8A7, 0xA8A7, 0xA8A7,
    0xA8A7, 0xA8A7, 0xA8A7, 0xA8A7, 0xA8A7, 0xA8A7, 0xA8A7, 0xA8A7, 0xA8A7, 0xA8A7, 0xA8A7, 0xA8A7,
    0xA8A7, 0xA8A7, 0xA8A7, 0xA8A7, 0xA8A7, 0xA8A7, 0xA087, 0x2821, 0x0000, 0x0000, 0x0000, 0x0000,
    0x0000, 0x0000, 0x0000, 0x0000, 0x0000, 0x0000, 0x0000, 0x0000, 0x0000, 0x0000, 0x0000, 0x0000,
    0x0000, 0x0000, 0x0000, 0x0000, 0x0000, 0x0000, 0x0000, 0x0000, 0x0000, 0x0000, 0x0000, 0x0000,
    0x0000, 0x0000, 0x0000, 0x0000, 0x0000, 0x0000, 0x0000, 0x0000, 0x0000, 0x0000, 0x0000, 0x0000,
    0x0000, 0x0000, 0x0000, 0x0000, 0x0000, 0x0000, 0x0000, 0x0000, 0x0000, 0x0000, 0x0000, 0x0000,
    0x0000, 0x0000, 0x0000, 0x0000, 0x3021, 0xD0E7, 0xD8E7, 0xD8E7, 0xD8E7, 0xD8E7, 0xD8E7, 0xD8E7,
    0xD8E7, 0xD8E7, 0xD8E7, 0xD8E7, 0xD8E7, 0xD8E7, 0xD8E7, 0xD8E7, 0xD8E7, 0xD8E7, 0xD8E7, 0xD8E7,
    0xD8E7, 0xD8E7, 0xD8E7, 0xD8E7, 0xD8E7, 0xD8E7, 0xD8E7, 0xD8E7, 0xD8E7, 0xD8E7, 0xD8E7, 0xD8E7,
    0xD8E7, 0xD8E7, 0xD8E7, 0xD8E7, 0xD8E7, 0xD907, 0xD8E7, 0xD948, 0xEB70, 0xF516, 0xF619, 0xFEFC,
    0xFFFF, 0xFFFF, 0xFFFF, 0xFFFF, 0xFFFF, 0xFFFF, 0xFFFF, 0xFF7E, 0xE370, 0xD886, 0xD908, 0xD8E7,
    0xD8E7, 0xD8E7, 0xD8E7, 0xD8E7, 0xD8E7, 0xD8E7, 0xD8E7, 0xD8E7, 0xD8E7, 0xD8E7, 0xD8E7, 0xD8E7,
    0xD8E7, 0xD8E7, 0xD8E7, 0xD8E7, 0xD8E7, 0xD8E7, 0xD8E7, 0xD8E7, 0xD8E7, 0xD8E7, 0xD8E7, 0xD8E7,
    0xD8E7, 0xD8E7, 0xD8E7, 0xD8E7, 0xD8E7, 0xD8E7, 0xD8E7, 0xD8E7, 0xD8E7, 0xD8E7, 0xD8E7, 0xD8E7,
    0xD8E7, 0xD8E7, 0xD8E7, 0xD8E7, 0xD8E7, 0xD8E7, 0xD8E7, 0xD8E7, 0xD8E7, 0xD8E7, 0xD8E7, 0xD8E7,
    0xD8E7, 0xD8E7, 0xD8E7, 0xD8E7, 0xD8E7, 0xD8E7, 0xD8E7, 0x7083, 0x0000, 0x0000, 0x0000, 0x0000,
    0x0000, 0x0000, 0x0000, 0x0000, 0x9086, 0xB0A7, 0xA8A7, 0xA8A7, 0xA8A7, 0xA8A7, 0xA8A7, 0xA8A7,
    0xA8A7, 0xA8A7, 0xA8A7, 0xA8A7, 0xA8A7, 0xA8A7, 0xA8A7, 0xA8A7, 0xA8A7, 0xA8A7, 0xA8A7, 0xA8A7,
    0xA8A7, 0xA8A7, 0xA8A7, 0xA8A7, 0xA8A7, 0xA8A7, 0xA8A7, 0xA8A7, 0xA8A7, 0xA8A7, 0xA8A7, 0xA8A7,
    0xA8A7, 0xA8A7, 0xA8A7, 0xA8A7, 0xA8A7, 0xA8A7, 0xA8A7, 0xA8A7, 0xA8A7, 0xA8A7, 0xA8A7, 0xA8A7,
    0xA8A7, 0xA8A7, 0xA8A7, 0xA8A7, 0xA8A7, 0xA8A7, 0xA8A7, 0xA8A7, 0xA8A7, 0xA8A7, 0xA8A7, 0xA8A7,
    0xA8A7, 0xA8A7, 0xA8A7, 0xA8A7, 0xA8A7, 0xA8A7, 0xA087, 0x2821, 0x0000, 0x0000, 0x0000, 0x0000,
    0x0000, 0x0000, 0x0000, 0x0000, 0x0000, 0x0000, 0x0000, 0x0000, 0x0000, 0x0000, 0x0000, 0x0000,
    0x0000, 0x0000, 0x0000, 0x0000, 0x0000, 0x0000, 0x0000, 0x0000, 0x0000, 0x0000, 0x0000, 0x0000,
    0x0000, 0x0000, 0x0000, 0x0000, 0x0000, 0x0000, 0x0000, 0x0000, 0x0000, 0x0000, 0x0000, 0x0000,
    0x0000, 0x0000, 0x0000, 0x0000, 0x0000, 0x0000, 0x0000, 0x0000, 0x0000, 0x0000, 0x0000, 0x0000,
    0x0000, 0x0000, 0x0000, 0x0000, 0x3021, 0xD0E7, 0xD8E7, 0xD8E7, 0xD8E7, 0xD8E7, 0xD8E7, 0xD8E7,
    0xD8E7, 0xD8E7, 0xD8E7, 0xD8E7, 0xD8E7, 0xD8E7, 0xD8E7, 0xD8E7, 0xD8E7, 0xD8E7, 0xD8E7, 0xD8E7,
    0xD8E7, 0xD8E7, 0xD8E7, 0xD8E7, 0xD8E7, 0xD8E7, 0xD8E7, 0xD8E7, 0xD8E7, 0xD8E7, 0xD8E7, 0xD8E7,
    0xD8E7, 0xD8E7, 0xD8E7, 0xD8E7, 0xD8E7, 0xD928, 0xD865, 0xEBD1, 0xFFFF, 0xFFFF, 0xFFFF, 0xFFFF,
    0xFFFF, 0xFFDF, 0xFFDF, 0xFFFF, 0xFFFF, 0xFFFF, 0xFFFF, 0xFF9E, 0xE34F, 0xD886, 0xD908, 0xD8E7,
    0xD8E7, 0xD8E7, 0xD8E7, 0xD8E7, 0xD8E7, 0xD8E7, 0xD8E7, 0xD8E7, 0xD8E7, 0xD8E7, 0xD8E7, 0xD8E7,
    0xD8E7, 0xD8E7, 0xD8E7, 0xD8E7, 0xD8E7, 0xD8E7, 0xD8E7, 0xD8E7, 0xD8E7, 0xD8E7, 0xD8E7, 0xD8E7,
    0xD8E7, 0xD8E7, 0xD8E7, 0xD8E7, 0xD8E7, 0xD8E7, 0xD8E7, 0xD8E7, 0xD8E7, 0xD8E7, 0xD8E7, 0xD8E7,
    0xD8E7, 0xD8E7, 0xD8E7, 0xD8E7, 0xD8E7, 0xD8E7, 0xD8E7, 0xD8E7, 0xD8E7, 0xD8E7, 0xD8E7, 0xD8E7,
    0xD8E7, 0xD8E7, 0xD8E7, 0xD8E7, 0xD8E7, 0xD8E7, 0xD8E7, 0x7084, 0x0000, 0x0000, 0x0000, 0x0000,
    0x0000, 0x0000, 0x0000, 0x0000, 0x9886, 0xB0A7, 0xA8A7, 0xA8A7, 0xA8A7, 0xA8A7, 0xA8A7, 0xA8A7,
    0xA8A7, 0xA8A7, 0xA8A7, 0xA8A7, 0xA8A7, 0xA8A7, 0xA8A7, 0xA8A7, 0xA8A7, 0xA8A7, 0xA8A7, 0xA8A7,
    0xA8A7, 0xA8A7, 0xA8A7, 0xA8A7, 0xA8A7, 0xA8A7, 0xA8A7, 0xA8A7, 0xA8A7, 0xA8A7, 0xA8A7, 0xA8A7,
    0xA8A7, 0xA8A7, 0xA8A7, 0xA8A7, 0xA8A7, 0xA8A7, 0xA8A7, 0xA8A7, 0xA8A7, 0xA8A7, 0xA8A7, 0xA8A7,
    0xA8A7, 0xA8A7, 0xA8A7, 0xA8A7, 0xA8A7, 0xA8A7, 0xA8A7, 0xA8A7, 0xA8A7, 0xA8A7, 0xA8A7, 0xA8A7,
    0xA8A7, 0xA8A7, 0xA8A7, 0xA8A7, 0xA8A7, 0xA8A7, 0xA087, 0x2821, 0x0000, 0x0000, 0x0000, 0x0000,
    0x0000, 0x0000, 0x0000, 0x0000, 0x0000, 0x0000, 0x0000, 0x0000, 0x0000, 0x0000, 0x0000, 0x0000,
    0x0000, 0x0000, 0x0000, 0x0000, 0x0000, 0x0000, 0x0000, 0x0000, 0x0000, 0x0000, 0x0000, 0x0000,
    0x0000, 0x0000, 0x0000, 0x0000, 0x0000, 0x0000, 0x0000, 0x0000, 0x0000, 0x0000, 0x0000, 0x0000,
    0x0000, 0x0000, 0x0000, 0x0000, 0x0000, 0x0000, 0x0000, 0x0000, 0x0000, 0x0000, 0x0000, 0x0000,
    0x0000, 0x0000, 0x0000, 0x0000, 0x3021, 0xD0E7, 0xD8E7, 0xD8E7, 0xD8E7, 0xD8E7, 0xD8E7, 0xD8E7,
    0xD8E7, 0xD8E7, 0xD8E7, 0xD8E7, 0xD8E7, 0xD8E7, 0xD8E7, 0xD8E7, 0xD8E7, 0xD8E7, 0xD8E7, 0xD8E7,
    0xD8E7, 0xD8E7, 0xD8E7, 0xD8E7, 0xD8E7, 0xD8E7, 0xD8E7, 0xD8E7, 0xD8E7, 0xD8E7, 0xD8E7, 0xD8E7,
    0xD8E7, 0xD8E7, 0xD8E7, 0xD8E7, 0xD8E7, 0xD928, 0xD845, 0xEC33, 0xFFDF, 0xFFBF, 0xFFFF, 0xFFFF,
    0xFFFF, 0xFFFF, 0xFFFF, 0xFFFF, 0xFFFF, 0xFFFF, 0xFFFF, 0xFF9E, 0xE350, 0xD886, 0xD908, 0xD8E7,
    0xD8E7, 0xD8E7, 0xD8E7, 0xD8E7, 0xD8E7, 0xD8E7, 0xD8E7, 0xD8E7, 0xD8E7, 0xD8E7, 0xD8E7, 0xD8E7,
    0xD8E7, 0xD8E7, 0xD8E7, 0xD8E7, 0xD8E7, 0xD8E7, 0xD8E7, 0xD8E7, 0xD8E7, 0xD8E7, 0xD8E7, 0xD8E7,
    0xD8E7, 0xD8E7, 0xD8E7, 0xD8E7, 0xD8E7, 0xD8E7, 0xD8E7, 0xD8E7, 0xD8E7, 0xD8E7, 0xD8E7, 0xD8E7,
    0xD8E7, 0xD8E7, 0xD8E7, 0xD8E7, 0xD8E7, 0xD8E7, 0xD8E7, 0xD8E7, 0xD8E7, 0xD8E7, 0xD8E7, 0xD8E7,
    0xD8E7, 0xD8E7, 0xD8E7, 0xD8E7, 0xD8E7, 0xD8E7, 0xD8E7, 0x7084, 0x0000, 0x0000, 0x0000, 0x0000,
    0x0000, 0x0000, 0x0000, 0x0000, 0x9886, 0xB0A7, 0xA8A7, 0xA8A7, 0xA8A7, 0xA8A7, 0xA8A7, 0xA8A7,
    0xA8A7, 0xA8A7, 0xA8A7, 0xA8A7, 0xA8A7, 0xA8A7, 0xA8A7, 0xA8A7, 0xA8A7, 0xA8A7, 0xA8A7, 0xA8A7,
    0xA8A7, 0xA8A7, 0xA8A7, 0xA8A7, 0xA8A7, 0xA8A7, 0xA8A7, 0xA8A7, 0xA8A7, 0xA8A7, 0xA8A7, 0xA8A7,
    0xA8A7, 0xA8A7, 0xA8A7, 0xA8A7, 0xA8A7, 0xA8A7, 0xA8A7, 0xA8A7, 0xA8A7, 0xA8A7, 0xA8A7, 0xA8A7,
    0xA8A7, 0xA8A7, 0xA8A7, 0xA8A7, 0xA8A7, 0xA8A7, 0xA8A7, 0xA8A7, 0xA8A7, 0xA8A7, 0xA8A7, 0xA8A7,
    0xA8A7, 0xA8A7, 0xA8A7, 0xA8A7, 0xA8A7, 0xA8A7, 0xA087, 0x2821, 0x0000, 0x0000, 0x0000, 0x0000,
    0x0000, 0x0000, 0x0000, 0x0000, 0x0000, 0x0000, 0x0000, 0x0000, 0x0000, 0x0000, 0x0000, 0x0000,
    0x0000, 0x0000, 0x0000, 0x0000, 0x0000, 0x0000, 0x0000, 0x0000, 0x0000, 0x0000, 0x0000, 0x0000,
    0x0000, 0x0000, 0x0000, 0x0000, 0x0000, 0x0000, 0x0000, 0x0000, 0x0000, 0x0000, 0x0000, 0x0000,
    0x0000, 0x0000, 0x0000, 0x0000, 0x0000, 0x0000, 0x0000, 0x0000, 0x0000, 0x0000, 0x0000, 0x0000,
    0x0000, 0x0000, 0x0000, 0x0000, 0x3021, 0xD0E7, 0xD8E7, 0xD8E7, 0xD8E7, 0xD8E7, 0xD8E7, 0xD8E7,
    0xD8E7, 0xD8E7, 0xD8E7, 0xD8E7, 0xD8E7, 0xD8E7, 0xD8E7, 0xD8E7, 0xD8E7, 0xD8E7, 0xD8E7, 0xD8E7,
    0xD8E7, 0xD8E7, 0xD8E7, 0xD8E7, 0xD8E7, 0xD8E7, 0xD8E7, 0xD8E7, 0xD8E7, 0xD8E7, 0xD8E7, 0xD8E7,
    0xD8E7, 0xD8E7, 0xD8E7, 0xD8E7, 0xD8E7, 0xD928, 0xD845, 0xEC32, 0xFFFF, 0xFFDF, 0xFFFF, 0xFFFF,
    0xFFFF, 0xFFFF, 0xFFFF, 0xFFFF, 0xFFFF, 0xFFFF, 0xFFFF, 0xFF9E, 0xE350, 0xD886, 0xD908, 0xD8E7,
    0xD8E7, 0xD8E7, 0xD8E7, 0xD8E7, 0xD8E7, 0xD8E7, 0xD8E7, 0xD8E7, 0xD8E7, 0xD8E7, 0xD8E7, 0xD8E7,
    0xD8E7, 0xD8E7, 0xD8E7, 0xD8E7, 0xD8E7, 0xD8E7, 0xD8E7, 0xD8E7, 0xD8E7, 0xD8E7, 0xD8E7, 0xD8E7,
    0xD8E7, 0xD8E7, 0xD8E7, 0xD8E7, 0xD8E7, 0xD8E7, 0xD8E7, 0xD8E7, 0xD8E7, 0xD8E7, 0xD8E7, 0xD8E7,
    0xD8E7, 0xD8E7, 0xD8E7, 0xD8E7, 0xD8E7, 0xD8E7, 0xD8E7, 0xD8E7, 0xD8E7, 0xD8E7, 0xD8E7, 0xD8E7,
    0xD8E7, 0xD8E7, 0xD8E7, 0xD8E7, 0xD8E7, 0xD8E7, 0xD8E7, 0x7884, 0x0000, 0x0000, 0x0000, 0x0000,
    0x0000, 0x0000, 0x0000, 0x0000, 0x9886, 0xB0A7, 0xA8A7, 0xA8A7, 0xA8A7, 0xA8A7, 0xA8A7, 0xA8A7,
    0xA8A7, 0xA8A7, 0xA8A7, 0xA8A7, 0xA8A7, 0xA8A7, 0xA8A7, 0xA8A7, 0xA8A7, 0xA8A7, 0xA8A7, 0xA8A7,
    0xA8A7, 0xA8A7, 0xA8A7, 0xA8A7, 0xA8A7, 0xA8A7, 0xA8A7, 0xA8A7, 0xA8A7, 0xA8A7, 0xA8A7, 0xA8A7,
    0xA8A7, 0xA8A7, 0xA8A7, 0xA8A7, 0xA8A7, 0xA8A7, 0xA8A7, 0xA8A7, 0xA8A7, 0xA8A7, 0xA8A7, 0xA8A7,
    0xA8A7, 0xA8A7, 0xA8A7, 0xA8A7, 0xA8A7, 0xA8A7, 0xA8A7, 0xA8A7, 0xA8A7, 0xA8A7, 0xA8A7, 0xA8A7,
    0xA8A7, 0xA8A7, 0xA8A7, 0xA8A7, 0xA8A7, 0xA8A7, 0xA087, 0x2021, 0x0000, 0x0000, 0x0000, 0x0000,
    0x0000, 0x0000, 0x0000, 0x0000, 0x0000, 0x0000, 0x0000, 0x0000, 0x0000, 0x0000, 0x0000, 0x0000,
    0x0000, 0x0000, 0x0000, 0x0000, 0x0000, 0x0000, 0x0000, 0x0000, 0x0000, 0x0000, 0x0000, 0x0000,
    0x0000, 0x0000, 0x0000, 0x0000, 0x0000, 0x0000, 0x0000, 0x0000, 0x0000, 0x0000, 0x0000, 0x0000,
    0x0000, 0x0000, 0x0000, 0x0000, 0x0000, 0x0000, 0x0000, 0x0000, 0x0000, 0x0000, 0x0000, 0x0000,
    0x0000, 0x0000, 0x0000, 0x0000, 0x3021, 0xD0E7, 0xD8E7, 0xD8E7, 0xD8E7, 0xD8E7, 0xD8E7, 0xD8E7,
    0xD8E7, 0xD8E7, 0xD8E7, 0xD8E7, 0xD8E7, 0xD8E7, 0xD8E7, 0xD8E7, 0xD8E7, 0xD8E7, 0xD8E7, 0xD8E7,
    0xD8E7, 0xD8E7, 0xD8E7, 0xD8E7, 0xD8E7, 0xD8E7, 0xD8E7, 0xD8E7, 0xD8E7, 0xD8E7, 0xD8E7, 0xD8E7,
    0xD8E7, 0xD8E7, 0xD8E7, 0xD8E7, 0xD8E7, 0xD928, 0xD845, 0xEC33, 0xFFFF, 0xFFDF, 0xFFFF, 0xFFFF,
    0xFFFF, 0xFFFF, 0xFFFF, 0xFFFF, 0xFFFF, 0xFFFF, 0xFFFF, 0xFF9E, 0xE350, 0xD886, 0xD908, 0xD8E7,
    0xD8E7, 0xD8E7, 0xD8E7, 0xD8E7, 0xD8E7, 0xD8E7, 0xD8E7, 0xD8E7, 0xD8E7, 0xD8E7, 0xD8E7, 0xD8E7,
    0xD8E7, 0xD8E7, 0xD8E7, 0xD8E7, 0xD8E7, 0xD8E7, 0xD8E7, 0xD8E7, 0xD8E7, 0xD8E7, 0xD8E7, 0xD8E7,
    0xD8E7, 0xD8E7, 0xD8E7, 0xD8E7, 0xD8E7, 0xD8E7, 0xD8E7, 0xD8E7, 0xD8E7, 0xD8E7, 0xD8E7, 0xD8E7,
    0xD8E7, 0xD8E7, 0xD8E7, 0xD8E7, 0xD8E7, 0xD8E7, 0xD8E7, 0xD8E7, 0xD8E7, 0xD8E7, 0xD8E7, 0xD8E7,
    0xD8E7, 0xD8E7, 0xD8E7, 0xD8E7, 0xD8E7, 0xD8E7, 0xE107, 0x7884, 0x0000, 0x0000, 0x0000, 0x0000,
    0x0000, 0x0000, 0x0000, 0x0000, 0x9886, 0xB0A7, 0xA8A7, 0xA8A7, 0xA8A7, 0xA8A7, 0xA8A7, 0xA8A7,
    0xA8A7, 0xA8A7, 0xA8A7, 0xA8A7, 0xA8A7, 0xA8A7, 0xA8A7, 0xA8A7, 0xA8A7, 0xA8A7, 0xA8A7, 0xA8A7,
    0xA8A7, 0xA8A7, 0xA8A7, 0xA8A7, 0xA8A7, 0xA8A7, 0xA8A7, 0xA8A7, 0xA8A7, 0xA8A7, 0xA8A7, 0xA8A7,
    0xA8A7, 0xA8A7, 0xA8A7, 0xA8A7, 0xA8A7, 0xA8A7, 0xA8A7, 0xA8A7, 0xA8A7, 0xA8A7, 0xA8A7, 0xA8A7,
    0xA8A7, 0xA8A7, 0xA8A7, 0xA8A7, 0xA8A7, 0xA8A7, 0xA8A7, 0xA8A7, 0xA8A7, 0xA8A7, 0xA8A7, 0xA8A7,
    0xA8A7, 0xA8A7, 0xA8A7, 0xA8A7, 0xA8A7, 0xA8A7, 0xA087, 0x2021, 0x0000, 0x0000, 0x0000, 0x0000,
    0x0000, 0x0000, 0x0000, 0x0000, 0x0000, 0x0000, 0x0000, 0x0000, 0x0000, 0x0000, 0x0000, 0x0000,
    0x0000, 0x0000, 0x0000, 0x0000, 0x0000, 0x0000, 0x0000, 0x0000, 0x0000, 0x0000, 0x0000, 0x0000,
    0x0000, 0x0000, 0x0000, 0x0000, 0x0000, 0x0000, 0x0000, 0x0000, 0x0000, 0x0000, 0x0000, 0x0000,
    0x0000, 0x0000, 0x0000, 0x0000, 0x0000, 0x0000, 0x0000, 0x0000, 0x0000, 0x0000, 0x0000, 0x0000,
    0x0000, 0x0000, 0x0000, 0x0000, 0x3021, 0xD0E7, 0xD8E7, 0xD8E7, 0xD8E7, 0xD8E7, 0xD8E7, 0xD8E7,
    0xD8E7, 0xD8E7, 0xD8E7, 0xD8E7, 0xD8E7, 0xD8E7, 0xD8E7, 0xD8E7, 0xD8E7, 0xD8E7, 0xD8E7, 0xD8E7,
    0xD8E7, 0xD8E7, 0xD8E7, 0xD8E7, 0xD8E7, 0xD8E7, 0xD8E7, 0xD8E7, 0xD8E7, 0xD8E7, 0xD8E7, 0xD8E7,
    0xD8E7, 0xD8E7, 0xD8E7, 0xD8E7, 0xD8E7, 0xD928, 0xD845, 0xEC33, 0xFFFF, 0xFFDF, 0xFFFF, 0xFFFF,
    0xFFFF, 0xFFFF, 0xFFFF, 0xFFFF, 0xFFFF, 0xFFFF, 0xFFFF, 0xFF9E, 0xE350, 0xD886, 0xD908, 0xD8E7,
    0xD8E7, 0xD8E7, 0xD8E7, 0xD8E7, 0xD8E7, 0xD8E7, 0xD8E7, 0xD8E7, 0xD8E7, 0xD8E7, 0xD8E7, 0xD8E7,
    0xD8E7, 0xD8E7, 0xD8E7, 0xD8E7, 0xD8E7, 0xD8E7, 0xD8E7, 0xD8E7, 0xD8E7, 0xD8E7, 0xD8E7, 0xD8E7,
    0xD8E7, 0xD8E7, 0xD8E7, 0xD8E7, 0xD8E7, 0xD8E7, 0xD8E7, 0xD8E7, 0xD8E7, 0xD8E7, 0xD8E7, 0xD8E7,
    0xD8E7, 0xD8E7, 0xD8E7, 0xD8E7, 0xD8E7, 0xD8E7, 0xD8E7, 0xD8E7, 0xD8E7, 0xD8E7, 0xD8E7, 0xD8E7,
    0xD8E7, 0xD8E7, 0xD8E7, 0xD8E7, 0xD8E7, 0xD8E7, 0xE108, 0x8084, 0x0000, 0x0000, 0x0000, 0x0000,
    0x0000, 0x0000, 0x0000, 0x0000, 0x9887, 0xB0A7, 0xA8A7, 0xA8A7, 0xA8A7, 0xA8A7, 0xA8A7, 0xA8A7,
    0xA8A7, 0xA8A7, 0xA8A7, 0xA8A7, 0xA8A7, 0xA8A7, 0xA8A7, 0xA8A7, 0xA8A7, 0xA8A7, 0xA8A7, 0xA8A7,
    0xA8A7, 0xA8A7, 0xA8A7, 0xA8A7, 0xA8A7, 0xA8A7, 0xA8A7, 0xA8A7, 0xA8A7, 0xA8A7, 0xA8A7, 0xA8A7,
    0xA8A7, 0xA8A7, 0xA8A7, 0xA8A7, 0xA8A7, 0xA8A7, 0xA8A7, 0xA8A7, 0xA8A7, 0xA8A7, 0xA8A7, 0xA8A7,
    0xA8A7, 0xA8A7, 0xA8A7, 0xA8A7, 0xA8A7, 0xA8A7, 0xA8A7, 0xA8A7, 0xA8A7, 0xA8A7, 0xA8A7, 0xA8A7,
    0xA8A7, 0xA8A7, 0xA8A7, 0xA8A7, 0xA8A7, 0xA8A7, 0xA087, 0x2821, 0x0000, 0x0000, 0x0000, 0x0000,
    0x0000, 0x0000, 0x0000, 0x0000, 0x0000, 0x0000, 0x0000, 0x0000, 0x0000, 0x0000, 0x0000, 0x0000,
    0x0000, 0x0000, 0x0000, 0x0000, 0x0000, 0x0000, 0x0000, 0x0000, 0x0000, 0x0000, 0x0000, 0x0000,
    0x0000, 0x0000, 0x0000, 0x0000, 0x0000, 0x0000, 0x0000, 0x0000, 0x0000, 0x0000, 0x0000, 0x0000,
    0x0000, 0x0000, 0x0000, 0x0000, 0x0000, 0x0000, 0x0000, 0x0000, 0x0000, 0x0000, 0x0000, 0x0000,
    0x0000, 0x0000, 0x0000, 0x0000, 0x3021, 0xD0E7, 0xD8E7, 0xD8E7, 0xD8E7, 0xD8E7, 0xD8E7, 0xD8E7,
    0xD8E7, 0xD8E7, 0xD8E7, 0xD8E7, 0xD8E7, 0xD8E7, 0xD8E7, 0xD8E7, 0xD8E7, 0xD8E7, 0xD8E7, 0xD8E7,
    0xD8E7, 0xD8E7, 0xD8E7, 0xD8E7, 0xD8E7, 0xD8E7, 0xD8E7, 0xD8E7, 0xD8E7, 0xD8E7, 0xD8E7, 0xD8E7,
    0xD8E7, 0xD8E7, 0xD8E7, 0xD8E7, 0xD8E7, 0xD928, 0xD845, 0xEC33, 0xFFFF, 0xFFDF, 0xFFFF, 0xFFFF,
    0xFFFF, 0xFFFF, 0xFFFF, 0xFFFF, 0xFFFF, 0xFFFF, 0xFFFF, 0xFF9E, 0xE350, 0xD886, 0xD908, 0xD8E7,
    0xD8E7, 0xD8E7, 0xD8E7, 0xD8E7, 0xD8E7, 0xD8E7, 0xD8E7, 0xD8E7, 0xD8E7, 0xD8E7, 0xD8E7, 0xD8E7,
    0xD8E7, 0xD8E7, 0xD8E7, 0xD8E7, 0xD8E7, 0xD8E7, 0xD8E7, 0xD8E7, 0xD8E7, 0xD8E7, 0xD8E7, 0xD8E7,
    0xD8E7, 0xD8E7, 0xD8E7, 0xD8E7, 0xD8E7, 0xD8E7, 0xD8E7, 0xD8E7, 0xD8E7, 0xD8E7, 0xD8E7, 0xD8E7,
    0xD8E7, 0xD8E7, 0xD8E7, 0xD8E7, 0xD8E7, 0xD8E7, 0xD8E7, 0xD8E7, 0xD8E7, 0xD8E7, 0xD8E7, 0xD8E7,
    0xD8E7, 0xD8E7, 0xD8E7, 0xD8E7, 0xD8E7, 0xD8E7, 0xE108, 0x8084, 0x0000, 0x0000, 0x0000, 0x0000,
    0x0000, 0x0000, 0x0000, 0x0800, 0x9886, 0xB0A7, 0xA8A7, 0xA8A7, 0xA8A7, 0xA8A7, 0xA8A7, 0xA8A7,
    0xA8A7, 0xA8A7, 0xA8A7, 0xA8A7, 0xA8A7, 0xA8A7, 0xA8A7, 0xA8A7, 0xA8A7, 0xA8A7, 0xA8A7, 0xA8A7,
    0xA8A7, 0xA8A7, 0xA8A7, 0xA8A7, 0xA8A7, 0xA8A7, 0xA8A7, 0xA8A7, 0xA8A7, 0xA8A7, 0xA8A7, 0xA8A7,
    0xA8A7, 0xA8A7, 0xA8A7, 0xA8A7, 0xA8A7, 0xA8A7, 0xA8A7, 0xA8A7, 0xA8A7, 0xA8A7, 0xA8A7, 0xA8A7,
    0xA8A7, 0xA8A7, 0xA8A7, 0xA8A7, 0xA8A7, 0xA8A7, 0xA8A7, 0xA8A7, 0xA8A7, 0xA8A7, 0xA8A7, 0xA8A7,
    0xA8A7, 0xA8A7, 0xA8A7, 0xA8A7, 0xA8A7, 0xA8A7, 0xA087, 0x2821, 0x0000, 0x0000, 0x0000, 0x0000,
    0x0000, 0x0000, 0x0000, 0x0000, 0x0000, 0x0000, 0x0000, 0x0000, 0x0000, 0x0000, 0x0000, 0x0000,
    0x0000, 0x0000, 0x0000, 0x0000, 0x0000, 0x0000, 0x0000, 0x0000, 0x0000, 0x0000, 0x0000, 0x0000,
    0x0000, 0x0000, 0x0000, 0x0000, 0x0000, 0x0000, 0x0000, 0x0000, 0x0000, 0x0000, 0x0000, 0x0000,
    0x0000, 0x0000, 0x0000, 0x0000, 0x0000, 0x0000, 0x0000, 0x0000, 0x0000, 0x0000, 0x0000, 0x0000,
    0x0000, 0x0000, 0x0000, 0x0000, 0x3021, 0xD0E7, 0xD8E7, 0xD8E7, 0xD8E7, 0xD8E7, 0xD8E7, 0xD8E7,
    0xD8E7, 0xD8E7, 0xD8E7, 0xD8E7, 0xD8E7, 0xD8E7, 0xD8E7, 0xD8E7, 0xD8E7, 0xD8E7, 0xD8E7, 0xD8E7,
    0xD8E7, 0xD8E7, 0xD8E7, 0xD8E7, 0xD8E7, 0xD8E7, 0xD8E7, 0xD8E7, 0xD8E7, 0xD8E7, 0xD8E7, 0xD8E7,
    0xD8E7, 0xD8E7, 0xD8E7, 0xD8E7, 0xD8E7, 0xD928, 0xD845, 0xEC33, 0xFFFF, 0xFFDF, 0xFFFF, 0xFFFF,
    0xFFFF, 0xFFFF, 0xFFFF, 0xFFFF, 0xFFFF, 0xFFFF, 0xFFFF, 0xFF9E, 0xE350, 0xD886, 0xD908, 0xD8E7,
    0xD8E7, 0xD8E7, 0xD8E7, 0xD8E7, 0xD8E7, 0xD8E7, 0xD8E7, 0xD8E7, 0xD8E7, 0xD8E7, 0xD8E7, 0xD8E7,
    0xD8E7, 0xD8E7, 0xD8E7, 0xD8E7, 0xD8E7, 0xD8E7, 0xD8E7, 0xD8E7, 0xD8E7, 0xD8E7, 0xD8E7, 0xD8E7,
    0xD8E7, 0xD8E7, 0xD8E7, 0xD8E7, 0xD8E7, 0xD8E7, 0xD8E7, 0xD8E7, 0xD8E7, 0xD8E7, 0xD8E7, 0xD8E7,
    0xD8E7, 0xD8E7, 0xD8E7, 0xD8E7, 0xD8E7, 0xD8E7, 0xD8E7, 0xD8E7, 0xD8E7, 0xD8E7, 0xD8E7, 0xD8E7,
    0xD8E7, 0xD8E7, 0xD8E7, 0xD8E7, 0xD8E7, 0xD8E7, 0xE108, 0x8084, 0x0000, 0x0000, 0x0000, 0x0000,
    0x0000, 0x0000, 0x0000, 0x1000, 0x9887, 0xB0A7, 0xA8A7, 0xA8A7, 0xA8A7, 0xA8A7, 0xA8A7, 0xA8A7,
    0xA8A7, 0xA8A7, 0xA8A7, 0xA8A7, 0xA8A7, 0xA8A7, 0xA8A7, 0xA8A7, 0xA8A7, 0xA8A7, 0xA8A7, 0xA8A7,
    0xA8A7, 0xA8A7, 0xA8A7, 0xA8A7, 0xA8A7, 0xA8A7, 0xA8A7, 0xA8A7, 0xA8A7, 0xA8A7, 0xA8A7, 0xA8A7,
    0xA8A7, 0xA8A7, 0xA8A7, 0xA8A7, 0xA8A7, 0xA8A7, 0xA8A7, 0xA8A7, 0xA8A7, 0xA8A7, 0xA8A7, 0xA8A7,
    0xA8A7, 0xA8A7, 0xA8A7, 0xA8A7, 0xA8A7, 0xA8A7, 0xA8A7, 0xA8A7, 0xA8A7, 0xA8A7, 0xA8A7, 0xA8A7,
    0xA8A7, 0xA8A7, 0xA8A7, 0xA8A7, 0xA8A7, 0xA8A7, 0xA087, 0x2021, 0x0000, 0x0000, 0x0000, 0x0000,
    0x0000, 0x0000, 0x0000, 0x0000, 0x0000, 0x0000, 0x0000, 0x0000, 0x0000, 0x0000, 0x0000, 0x0000,
    0x0000, 0x0000, 0x0000, 0x0000, 0x0000, 0x0000, 0x0000, 0x0000, 0x0000, 0x0000, 0x0000, 0x0000,
    0x0000, 0x0000, 0x0000, 0x0000, 0x0000, 0x0000, 0x0000, 0x0000, 0x0000, 0x0000, 0x0000, 0x0000,
    0x0000, 0x0000, 0x0000, 0x0000, 0x0000, 0x0000, 0x0000, 0x0000, 0x0000, 0x0000, 0x0000, 0x0000,
    0x0000, 0x0000, 0x0000, 0x0000, 0x3021, 0xD0E7, 0xD8E7, 0xD8E7, 0xD8E7, 0xD8E7, 0xD8E7, 0xD8E7,
    0xD8E7, 0xD8E7, 0xD8E7, 0xD8E7, 0xD8E7, 0xD8E7, 0xD8E7, 0xD8E7, 0xD8E7, 0xD8E7, 0xD8E7, 0xD8E7,
    0xD8E7, 0xD8E7, 0xD8E7, 0xD8E7, 0xD8E7, 0xD8E7, 0xD8E7, 0xD8E7, 0xD8E7, 0xD8E7, 0xD8E7, 0xD8E7,
    0xD8E7, 0xD8E7, 0xD8E7, 0xD8E7, 0xD8E7, 0xD928, 0xD845, 0xEC33, 0xFFFF, 0xFFDF, 0xFFFF, 0xFFFF,
    0xFFFF, 0xFFFF, 0xFFFF, 0xFFFF, 0xFFFF, 0xFFFF, 0xFFFF, 0xFF9E, 0xE350, 0xD886, 0xD908, 0xD8E7,
    0xD8E7, 0xD8E7, 0xD8E7, 0xD8E7, 0xD8E7, 0xD8E7, 0xD8E7, 0xD8E7, 0xD8E7, 0xD8E7, 0xD8E7, 0xD8E7,
    0xD8E7, 0xD8E7, 0xD8E7, 0xD8E7, 0xD8E7, 0xD8E7, 0xD8E7, 0xD8E7, 0xD8E7, 0xD8E7, 0xD8E7, 0xD8E7,
    0xD8E7, 0xD8E7, 0xD8E7, 0xD8E7, 0xD8E7, 0xD8E7, 0xD8E7, 0xD8E7, 0xD8E7, 0xD8E7, 0xD8E7, 0xD8E7,
    0xD8E7, 0xD8E7, 0xD8E7, 0xD8E7, 0xD8E7, 0xD8E7, 0xD8E7, 0xD8E7, 0xD8E7, 0xD8E7, 0xD8E7, 0xD8E7,
    0xD8E7, 0xD8E7, 0xD8E7, 0xD8E7, 0xD8E7, 0xD8E7, 0xE108, 0x8884, 0x0000, 0x0000, 0x0000, 0x0000,
    0x0000, 0x0000, 0x0000, 0x1000, 0xA087, 0xB0A7, 0xA8A7, 0xA8A7, 0xA8A7, 0xA8A7, 0xA8A7, 0xA8A7,
    0xA8A7, 0xA8A7, 0xA8A7, 0xA8A7, 0xA8A7, 0xA8A7, 0xA8A7, 0xA8A7, 0xA8A7, 0xA8A7, 0xA8A7, 0xA8A7,
    0xA8A7, 0xA8A7, 0xA8A7, 0xA8A7, 0xA8A7, 0xA8A7, 0xA8A7, 0xA8A7, 0xA8A7, 0xA8A7, 0xA8A7, 0xA8A7,
    0xA8A7, 0xA8A7, 0xA8A7, 0xA8A7, 0xA8A7, 0xA8A7, 0xA8A7, 0xA8A7, 0xA8A7, 0xA8A7, 0xA8A7, 0xA8A7,
    0xA8A7, 0xA8A7, 0xA8A7, 0xA8A7, 0xA8A7, 0xA8A7, 0xA8A7, 0xA8A7, 0xA8A7, 0xA8A7, 0xA8A7, 0xA8A7,
    0xA8A7, 0xA8A7, 0xA8A7, 0xA8A7, 0xA8A7, 0xA8A7, 0xA087, 0x2821, 0x0000, 0x0000, 0x0000, 0x0000,
    0x0000, 0x0000, 0x0000, 0x0000, 0x0000, 0x0000, 0x0000, 0x0000, 0x0000, 0x0000, 0x0000, 0x0000,
    0x0000, 0x0000, 0x0000, 0x0000, 0x0000, 0x0000, 0x0000, 0x0000, 0x0000, 0x0000, 0x0000, 0x0000,
    0x0000, 0x0000, 0x0000, 0x0000, 0x0000, 0x0000, 0x0000, 0x0000, 0x0000, 0x0000, 0x0000, 0x0000,
    0x0000, 0x0000, 0x0000, 0x0000, 0x0000, 0x0000, 0x0000, 0x0000, 0x0000, 0x0000, 0x0000, 0x0000,
    0x0000, 0x0000, 0x0000, 0x0000, 0x3021, 0xD0E7, 0xD8E7, 0xD8E7, 0xD8E7, 0xD8E7, 0xD8E7, 0xD8E7,
    0xD8E7, 0xD8E7, 0xD8E7, 0xD8E7, 0xD8E7, 0xD8E7, 0xD8E7, 0xD8E7, 0xD8E7, 0xD8E7, 0xD8E7, 0xD8E7,
    0xD8E7, 0xD8E7, 0xD8E7, 0xD8E7, 0xD8E7, 0xD8E7, 0xD8E7, 0xD8E7, 0xD8E7, 0xD8E7, 0xD8E7, 0xD8E7,
    0xD8E7, 0xD8E7, 0xD8E7, 0xD8E7, 0xD8E7, 0xD928, 0xD845, 0xEC33, 0xFFFF, 0xFFDF, 0xFFFF, 0xFFFF,
    0xFFFF, 0xFFFF, 0xFFFF, 0xFFFF, 0xFFFF, 0xFFFF, 0xFFFF, 0xFF9E, 0xE350, 0xD886, 0xD908, 0xD8E7,
    0xD8E7, 0xD8E7, 0xD8E7, 0xD8E7, 0xD8E7, 0xD8E7, 0xD8E7, 0xD8E7, 0xD8E7, 0xD8E7, 0xD8E7, 0xD8E7,
    0xD8E7, 0xD8E7, 0xD8E7, 0xD8E7, 0xD8E7, 0xD8E7, 0xD8E7, 0xD8E7, 0xD8E7, 0xD8E7, 0xD8E7, 0xD8E7,
    0xD8E7, 0xD8E7, 0xD8E7, 0xD8E7, 0xD8E7, 0xD8E7, 0xD8E7, 0xD8E7, 0xD8E7, 0xD8E7, 0xD8E7, 0xD8E7,
    0xD8E7, 0xD8E7, 0xD8E7, 0xD8E7, 0xD8E7, 0xD8E7, 0xD8E7, 0xD8E7, 0xD8E7, 0xD8E7, 0xD8E7, 0xD8E7,
    0xD8E7, 0xD8E7, 0xD8E7, 0xD8E7, 0xD8E7, 0xD8E7, 0xE108, 0x88A4, 0x0000, 0x0000, 0x0000, 0x0000,
    0x0000, 0x0000, 0x0000, 0x1801, 0xA0A7, 0xB0A7, 0xA8A7, 0xA8A7, 0xA8A7, 0xA8A7, 0xA8A7, 0xA8A7,
    0xA8A7, 0xA8A7, 0xA8A7, 0xA8A7, 0xA8A7, 0xA8A7, 0xA8A7, 0xA8A7, 0xA8A7, 0xA8A7, 0xA8A7, 0xA8A7,
    0xA8A7, 0xA8A7, 0xA8A7, 0xA8A7, 0xA8A7, 0xA8A7, 0xA8A7, 0xA8A7, 0xA8A7, 0xA8A7, 0xA8A7, 0xA8A7,
    0xA8A7, 0xA8A7, 0xA8A7, 0xA8A7, 0xA8A7, 0xA8A7, 0xA8A7, 0xA8A7, 0xA8A7, 0xA8A7, 0xA8A7, 0xA8A7,
    0xA8A7, 0xA8A7, 0xA8A7, 0xA8A7, 0xA8A7, 0xA8A7, 0xA8A7, 0xA8A7, 0xA8A7, 0xA8A7, 0xA8A7, 0xA8A7,
    0xA8A7, 0xA8A7, 0xA8A7, 0xA8A7, 0xA8A7, 0xA8A7, 0xA087, 0x2821, 0x0000, 0x0000, 0x0000, 0x0000,
    0x0000, 0x0000, 0x0000, 0x0000, 0x0000, 0x0000, 0x0000, 0x0000, 0x0000, 0x0000, 0x0000, 0x0000,
    0x0000, 0x0000, 0x0000, 0x0000, 0x0000, 0x0000, 0x0000, 0x0000, 0x0000, 0x0000, 0x0000, 0x0000,
    0x0000, 0x0000, 0x0000, 0x0000, 0x0000, 0x0000, 0x0000, 0x0000, 0x0000, 0x0000, 0x0000, 0x0000,
    0x0000, 0x0000, 0x0000, 0x0000, 0x0000, 0x0000, 0x0000, 0x0000, 0x0000, 0x0000, 0x0000, 0x0000,
    0x0000, 0x0000, 0x0000, 0x0000, 0x3021, 0xD0E7, 0xD8E7, 0xD8E7, 0xD8E7, 0xD8E7, 0xD8E7, 0xD8E7,
    0xD8E7, 0xD8E7, 0xD8E7, 0xD8E7, 0xD8E7, 0xD8E7, 0xD8E7, 0xD8E7, 0xD8E7, 0xD8E7, 0xD8E7, 0xD8E7,
    0xD8E7, 0xD8E7, 0xD8E7, 0xD8E7, 0xD8E7, 0xD8E7, 0xD8E7, 0xD8E7, 0xD8E7, 0xD8E7, 0xD8E7, 0xD8E7,
    0xD8E7, 0xD8E7, 0xD8E7, 0xD8E7, 0xD8E7, 0xD928, 0xD845, 0xEC33, 0xFFFF, 0xFFDF, 0xFFFF, 0xFFFF,
    0xFFFF, 0xFFFF, 0xFFFF, 0xFFFF, 0xFFFF, 0xFFFF, 0xFFFF, 0xFF9E, 0xE350, 0xD886, 0xD908, 0xD8E7,
    0xD8E7, 0xD8E7, 0xD8E7, 0xD8E7, 0xD8E7, 0xD8E7, 0xD8E7, 0xD8E7, 0xD8E7, 0xD8E7, 0xD8E7, 0xD8E7,
    0xD8E7, 0xD8E7, 0xD8E7, 0xD8E7, 0xD8E7, 0xD8E7, 0xD8E7, 0xD8E7, 0xD8E7, 0xD8E7, 0xD8E7, 0xD8E7,
    0xD8E7, 0xD8E7, 0xD8E7, 0xD8E7, 0xD8E7, 0xD8E7, 0xD8E7, 0xD8E7, 0xD8E7, 0xD8E7, 0xD8E7, 0xD8E7,
    0xD8E7, 0xD8E7, 0xD8E7, 0xD8E7, 0xD8E7, 0xD8E7, 0xD8E7, 0xD8E7, 0xD8E7, 0xD8E7, 0xD8E7, 0xD8E7,
    0xD8E7, 0xD8E7, 0xD8E7, 0xD8E7, 0xD8E7, 0xD8E7, 0xE108, 0x88A5, 0x0000, 0x0000, 0x0000, 0x0000,
    0x0000, 0x0000, 0x0000, 0x1801, 0xA0A7, 0xB0A7, 0xA8A7, 0xA8A7, 0xA8A7, 0xA8A7, 0xA8A7, 0xA8A7,
    0xA8A7, 0xA8A7, 0xA8A7, 0xA8A7, 0xA8A7, 0xA8A7, 0xA8A7, 0xA8A7, 0xA8A7, 0xA8A7, 0xA8A7, 0xA8A7,
    0xA8A7, 0xA8A7, 0xA8A7, 0xA8A7, 0xA8A7, 0xA8A7, 0xA8A7, 0xA8A7, 0xA8A7, 0xA8A7, 0xA8A7, 0xA8A7,
    0xA8A7, 0xA8A7, 0xA8A7, 0xA8A7, 0xA8A7, 0xA8A7, 0xA8A7, 0xA8A7, 0xA8A7, 0xA8A7, 0xA8A7, 0xA8A7,
    0xA8A7, 0xA8A7, 0xA8A7, 0xA8A7, 0xA8A7, 0xA8A7, 0xA8A7, 0xA8A7, 0xA8A7, 0xA8A7, 0xA8A7, 0xA8A7,
    0xA8A7, 0xA8A7, 0xA8A7, 0xA8A7, 0xA8A7, 0xA8A7, 0xA087, 0x2821, 0x0000, 0x0000, 0x0000, 0x0000,
    0x0000, 0x0000, 0x0000, 0x0000, 0x0000, 0x0000, 0x0000, 0x0000, 0x0000, 0x0000, 0x0000, 0x0000,
    0x0000, 0x0000, 0x0000, 0x0000, 0x0000, 0x0000, 0x0000, 0x0000, 0x0000, 0x0000, 0x0000, 0x0000,
    0x0000, 0x0000, 0x0000, 0x0000, 0x0000, 0x0000, 0x0000, 0x0000, 0x0000, 0x0000, 0x0000, 0x0000,
    0x0000, 0x0000, 0x0000, 0x0000, 0x0000, 0x0000, 0x0000, 0x0000, 0x0000, 0x0000, 0x0000, 0x0000,
    0x0000, 0x0000, 0x0000, 0x0000, 0x3021, 0xD0E7, 0xD8E7, 0xD8E7, 0xD8E7, 0xD8E7, 0xD8E7, 0xD8E7,
    0xD8E7, 0xD8E7, 0xD8E7, 0xD8E7, 0xD8E7, 0xD8E7, 0xD8E7, 0xD8E7, 0xD8E7, 0xD8E7, 0xD8E7, 0xD8E7,
    0xD8E7, 0xD8E7, 0xD8E7, 0xD8E7, 0xD8E7, 0xD8E7, 0xD8E7, 0xD8E7, 0xD8E7, 0xD8E7, 0xD8E7, 0xD8E7,
    0xD8E7, 0xD8E7, 0xD8E7, 0xD8E7, 0xD8E7, 0xD928, 0xD845, 0xEC33, 0xFFFF, 0xFFDF, 0xFFFF, 0xFFFF,
    0xFFFF, 0xFFFF, 0xFFFF, 0xFFFF, 0xFFFF, 0xFFFF, 0xFFFF, 0xFF9E, 0xE350, 0xD886, 0xD908, 0xD8E7,
    0xD8E7, 0xD8E7, 0xD8E7, 0xD8E7, 0xD8E7, 0xD8E7, 0xD8E7, 0xD8E7, 0xD8E7, 0xD8E7, 0xD8E7, 0xD8E7,
    0xD8E7, 0xD8E7, 0xD8E7, 0xD8E7, 0xD8E7, 0xD8E7, 0xD8E7, 0xD8E7, 0xD8E7, 0xD8E7, 0xD8E7, 0xD8E7,
    0xD8E7, 0xD8E7, 0xD8E7, 0xD8E7, 0xD8E7, 0xD8E7, 0xD8E7, 0xD8E7, 0xD8E7, 0xD8E7, 0xD8E7, 0xD8E7,
    0xD8E7, 0xD8E7, 0xD8E7, 0xD8E7, 0xD8E7, 0xD8E7, 0xD8E7, 0xD8E7, 0xD8E7, 0xD8E7, 0xD8E7, 0xD8E7,
    0xD8E7, 0xD8E7, 0xD8E7, 0xD8E7, 0xD8E7, 0xD8E7, 0xE108, 0x90A5, 0x0000, 0x0000, 0x0000, 0x0000,
    0x0000, 0x0000, 0x0000, 0x2021, 0xA0A7, 0xB0A7, 0xA8A7, 0xA8A7, 0xA8A7, 0xA8A7, 0xA8A7, 0xA8A7,
    0xA8A7, 0xA8A7, 0xA8A7, 0xA8A7, 0xA8A7, 0xA8A7, 0xA8A7, 0xA8A7, 0xA8A7, 0xA8A7, 0xA8A7, 0xA8A7,
    0xA8A7, 0xA8A7, 0xA8A7, 0xA8A7, 0xA8A7, 0xA8A7, 0xA8A7, 0xA8A7, 0xA8A7, 0xA8A7, 0xA8A7, 0xA8A7,
    0xA8A7, 0xA8A7, 0xA8A7, 0xA8A7, 0xA8A7, 0xA8A7, 0xA8A7, 0xA8A7, 0xA8A7, 0xA8A7, 0xA8A7, 0xA8A7,
    0xA8A7, 0xA8A7, 0xA8A7, 0xA8A7, 0xA8A7, 0xA8A7, 0xA8A7, 0xA8A7, 0xA8A7, 0xA8A7, 0xA8A7, 0xA8A7,
    0xA8A7, 0xA8A7, 0xA8A7, 0xA8A7, 0xA8A7, 0xA8A7, 0xA087, 0x2821, 0x0000, 0x0000, 0x0000, 0x0000,
    0x0000, 0x0000, 0x0000, 0x0000, 0x0000, 0x0000, 0x0000, 0x0000, 0x0000, 0x0000, 0x0000, 0x0000,
    0x0000, 0x0000, 0x0000, 0x0000, 0x0000, 0x0000, 0x0000, 0x0000, 0x0000, 0x0000, 0x0000, 0x0000,
    0x0000, 0x0000, 0x0000, 0x0000, 0x0000, 0x0000, 0x0000, 0x0000, 0x0000, 0x0000, 0x0000, 0x0000,
    0x0000, 0x0000, 0x0000, 0x0000, 0x0000, 0x0000, 0x0000, 0x0000, 0x0000, 0x0000, 0x0000, 0x0000,
    0x0000, 0x0000, 0x0000, 0x0000, 0x3021, 0xD0E7, 0xD8E7, 0xD8E7, 0xD8E7, 0xD8E7, 0xD8E7, 0xD8E7,
    0xD8E7, 0xD8E7, 0xD8E7, 0xD8E7, 0xD8E7, 0xD8E7, 0xD8E7, 0xD8E7, 0xD8E7, 0xD8E7, 0xD8E7, 0xD8E7,
    0xD8E7, 0xD8E7, 0xD8E7, 0xD8E7, 0xD8E7, 0xD8E7, 0xD8E7, 0xD8E7, 0xD8E7, 0xD8E7, 0xD8E7, 0xD8E7,
    0xD8E7, 0xD8E7, 0xD8E7, 0xD8E7, 0xD8E7, 0xD928, 0xD845, 0xEC33, 0xFFFF, 0xFFDF, 0xFFFF, 0xFFFF,
    0xFFFF, 0xFFFF, 0xFFFF, 0xFFFF, 0xFFFF, 0xFFFF, 0xFFFF, 0xFF9E, 0xE350, 0xD886, 0xD908, 0xD8E7,
    0xD8E7, 0xD8E7, 0xD8E7, 0xD8E7, 0xD8E7, 0xD8E7, 0xD8E7, 0xD8E7, 0xD8E7, 0xD8E7, 0xD8E7, 0xD8E7,
    0xD8E7, 0xD8E7, 0xD8E7, 0xD8E7, 0xD8E7, 0xD8E7, 0xD8E7, 0xD8E7, 0xD8E7, 0xD8E7, 0xD8E7, 0xD8E7,
    0xD8E7, 0xD8E7, 0xD8E7, 0xD8E7, 0xD8E7, 0xD8E7, 0xD8E7, 0xD8E7, 0xD8E7, 0xD8E7, 0xD8E7, 0xD8E7,
    0xD8E7, 0xD8E7, 0xD8E7, 0xD8E7, 0xD8E7, 0xD8E7, 0xD8E7, 0xD8E7, 0xD8E7, 0xD8E7, 0xD8E7, 0xD8E7,
    0xD8E7, 0xD8E7, 0xD8E7, 0xD8E7, 0xD8E7, 0xD8E7, 0xE908, 0x90A5, 0x0000, 0x0000, 0x0000, 0x0000,
    0x0000, 0x0000, 0x0000, 0x2021, 0xA0A7, 0xB0A7, 0xA8A7, 0xA8A7, 0xA8A7, 0xA8A7, 0xA8A7, 0xA8A7,
    0xA8A7, 0xA8A7, 0xA8A7, 0xA8A7, 0xA8A7, 0xA8A7, 0xA8A7, 0xA8A7, 0xA8A7, 0xA8A7, 0xA8A7, 0xA8A7,
    0xA8A7, 0xA8A7, 0xA8A7, 0xA8A7, 0xA8A7, 0xA8A7, 0xA8A7, 0xA8A7, 0xA8A7, 0xA8A7, 0xA8A7, 0xA8A7,
    0xA8A7, 0xA8A7, 0xA8A7, 0xA8A7, 0xA8A7, 0xA8A7, 0xA8A7, 0xA8A7, 0xA8A7, 0xA8A7, 0xA8A7, 0xA8A7,
    0xA8A7, 0xA8A7, 0xA8A7, 0xA8A7, 0xA8A7, 0xA8A7, 0xA8A7, 0xA8A7, 0xA8A7, 0xA8A7, 0xA8A7, 0xA8A7,
    0xA8A7, 0xA8A7, 0xA8A7, 0xA8A7, 0xA8A7, 0xA8A7, 0xA087, 0x2021, 0x0000, 0x0000, 0x0000, 0x0000,
    0x0000, 0x0000, 0x0000, 0x0000, 0x0000, 0x0000, 0x0000, 0x0000, 0x0000, 0x0000, 0x0000, 0x0000,
    0x0000, 0x0000, 0x0000, 0x0000, 0x0000, 0x0000, 0x0000, 0x0000, 0x0000, 0x0000, 0x0000, 0x0000,
    0x0000, 0x0000, 0x0000, 0x0000, 0x0000, 0x0000, 0x0000, 0x0000, 0x0000, 0x0000, 0x0000, 0x0000,
    0x0000, 0x0000, 0x0000, 0x0000, 0x0000, 0x0000, 0x0000, 0x0000, 0x0000, 0x0000, 0x0000, 0x0000,
    0x0000, 0x0000, 0x0000, 0x0000, 0x3021, 0xD0E7, 0xD8E7, 0xD8E7, 0xD8E7, 0xD8E7, 0xD8E7, 0xD8E7,
    0xD8E7, 0xD8E7, 0xD8E7, 0xD8E7, 0xD8E7, 0xD8E7, 0xD8E7, 0xD8E7, 0xD8E7, 0xD8E7, 0xD8E7, 0xD8E7,
    0xD8E7, 0xD8E7, 0xD8E7, 0xD8E7, 0xD8E7, 0xD8E7, 0xD8E7, 0xD8E7, 0xD8E7, 0xD8E7, 0xD8E7, 0xD8E7,
    0xD8E7, 0xD8E7, 0xD8E7, 0xD8E7, 0xD8E7, 0xD928, 0xD845, 0xEC33, 0xFFFF, 0xFFDF, 0xFFFF, 0xFFFF,
    0xFFFF, 0xFFFF, 0xFFFF, 0xFFFF, 0xFFFF, 0xFFFF, 0xFFFF, 0xFF9E, 0xE350, 0xD886, 0xD908, 0xD8E7,
    0xD8E7, 0xD8E7, 0xD8E7, 0xD8E7, 0xD8E7, 0xD8E7, 0xD8E7, 0xD8E7, 0xD8E7, 0xD8E7, 0xD8E7, 0xD8E7,
    0xD8E7, 0xD8E7, 0xD8E7, 0xD8E7, 0xD8E7, 0xD8E7, 0xD8E7, 0xD8E7, 0xD8E7, 0xD8E7, 0xD8E7, 0xD8E7,
    0xD8E7, 0xD8E7, 0xD8E7, 0xD8E7, 0xD8E7, 0xD8E7, 0xD8E7, 0xD8E7, 0xD8E7, 0xD8E7, 0xD8E7, 0xD8E7,
    0xD8E7, 0xD8E7, 0xD8E7, 0xD8E7, 0xD8E7, 0xD8E7, 0xD8E7, 0xD8E7, 0xD8E7, 0xD8E7, 0xD8E7, 0xD8E7,
    0xD8E7, 0xD8E7, 0xD8E7, 0xD8E7, 0xD8E7, 0xD8E7, 0xE908, 0x90A5, 0x0000, 0x0000, 0x0000, 0x0000,
    0x0000, 0x0000, 0x0000, 0x2821, 0xA0A7, 0xB0A7, 0xA8A7, 0xA8A7, 0xA8A7, 0xA8A7, 0xA8A7, 0xA8A7,
    0xA8A7, 0xA8A7, 0xA8A7, 0xA8A7, 0xA8A7, 0xA8A7, 0xA8A7, 0xA8A7, 0xA8A7, 0xA8A7, 0xA8A7, 0xA8A7,
    0xA8A7, 0xA8A7, 0xA8A7, 0xA8A7, 0xA8A7, 0xA8A7, 0xA8A7, 0xA8A7, 0xA8A7, 0xA8A7, 0xA8A7, 0xA8A7,
    0xA8A7, 0xA8A7, 0xA8A7, 0xA8A7, 0xA8A7, 0xA8A7, 0xA8A7, 0xA8A7, 0xA8A7, 0xA8A7, 0xA8A7, 0xA8A7,
    0xA8A7, 0xA8A7, 0xA8A7, 0xA8A7, 0xA8A7, 0xA8A7, 0xA8A7, 0xA8A7, 0xA8A7, 0xA8A7, 0xA8A7, 0xA8A7,
    0xA8A7, 0xA8A7, 0xA8A7, 0xA8A7, 0xA8A7, 0xA8A7, 0xA087, 0x2821, 0x0000, 0x0000, 0x0000, 0x0000,
    0x0000, 0x0000, 0x0000, 0x0000, 0x0000, 0x0000, 0x0000, 0x0000, 0x0000, 0x0000, 0x0000, 0x0000,
    0x0000, 0x0000, 0x0000, 0x0000, 0x0000, 0x0000, 0x0000, 0x0000, 0x0000, 0x0000, 0x0000, 0x0000,
    0x0000, 0x0000, 0x0000, 0x0000, 0x0000, 0x0000, 0x0000, 0x0000, 0x0000, 0x0000, 0x0000, 0x0000,
    0x0000, 0x0000, 0x0000, 0x0000, 0x0000, 0x0000, 0x0000, 0x0000, 0x0000, 0x0000, 0x0000, 0x0000,
    0x0000, 0x0000, 0x0000, 0x0000, 0x3021, 0xD0E7, 0xD8E7, 0xD8E7, 0xD8E7, 0xD8E7, 0xD8E7, 0xD8E7,
    0xD8E7, 0xD8E7, 0xD8E7, 0xD8E7, 0xD8E7, 0xD8E7, 0xD8E7, 0xD8E7, 0xD8E7, 0xD8E7, 0xD8E7, 0xD8E7,
    0xD8E7, 0xD8E7, 0xD8E7, 0xD8E7, 0xD8E7, 0xD8E7, 0xD8E7, 0xD8E7, 0xD8E7, 0xD8E7, 0xD8E7, 0xD8E7,
    0xD8E7, 0xD8E7, 0xD8E7, 0xD8E7, 0xD8E7, 0xD928, 0xD845, 0xEC33, 0xFFFF, 0xFFDF, 0xFFFF, 0xFFFF,
    0xFFFF, 0xFFFF, 0xFFFF, 0xFFFF, 0xFFFF, 0xFFFF, 0xFFFF, 0xFF9E, 0xE350, 0xD886, 0xD908, 0xD8E7,
    0xD8E7, 0xD8E7, 0xD8E7, 0xD8E7, 0xD8E7, 0xD8E7, 0xD8E7, 0xD8E7, 0xD8E7, 0xD8E7, 0xD8E7, 0xD8E7,
    0xD8E7, 0xD8E7, 0xD8E7, 0xD8E7, 0xD8E7, 0xD8E7, 0xD8E7, 0xD8E7, 0xD8E7, 0xD8E7, 0xD8E7, 0xD8E7,
    0xD8E7, 0xD8E7, 0xD8E7, 0xD8E7, 0xD8E7, 0xD8E7, 0xD8E7, 0xD8E7, 0xD8E7, 0xD8E7, 0xD8E7, 0xD8E7,
    0xD8E7, 0xD8E7, 0xD8E7, 0xD8E7, 0xD8E7, 0xD8E7, 0xD8E7, 0xD8E7, 0xD8E7, 0xD8E7, 0xD8E7, 0xD8E7,
    0xD8E7, 0xD8E7, 0xD8E7, 0xD8E7, 0xD8E7, 0xD8E7, 0xE908, 0x98A5, 0x0000, 0x0000, 0x0000, 0x0000,
    0x0000, 0x0000, 0x0000, 0x3022, 0xA087, 0xB0A7, 0xA8A7, 0xA8A7, 0xA8A7, 0xA8A7, 0xA8A7, 0xA8A7,
    0xA8A7, 0xA8A7, 0xA8A7, 0xA8A7, 0xA8A7, 0xA8A7, 0xA8A7, 0xA8A7, 0xA8A7, 0xA8A7, 0xA8A7, 0xA8A7,
    0xA8A7, 0xA8A7, 0xA8A7, 0xA8A7, 0xA8A7, 0xA8A7, 0xA8A7, 0xA8A7, 0xA8A7, 0xA8A7, 0xA8A7, 0xA8A7,
    0xA8A7, 0xA8A7, 0xA8A7, 0xA8A7, 0xA8A7, 0xA8A7, 0xA8A7, 0xA8A7, 0xA8A7, 0xA8A7, 0xA8A7, 0xA8A7,
    0xA8A7, 0xA8A7, 0xA8A7, 0xA8A7, 0xA8A7, 0xA8A7, 0xA8A7, 0xA8A7, 0xA8A7, 0xA8A7, 0xA8A7, 0xA8A7,
    0xA8A7, 0xA8A7, 0xA8A7, 0xA8A7, 0xA8A7, 0xA8A7, 0xA087, 0x2821, 0x0000, 0x0000, 0x0000, 0x0000,
    0x0000, 0x0000, 0x0000, 0x0000, 0x0000, 0x0000, 0x0000, 0x0000, 0x0000, 0x0000, 0x0000, 0x0000,
    0x0000, 0x0000, 0x0000, 0x0000, 0x0000, 0x0000, 0x0000, 0x0000, 0x0000, 0x0000, 0x0000, 0x0000,
    0x0000, 0x0000, 0x0000, 0x0000, 0x0000, 0x0000, 0x0000, 0x0000, 0x0000, 0x0000, 0x0000, 0x0000,
    0x0000, 0x0000, 0x0000, 0x0000, 0x0000, 0x0000, 0x0000, 0x0000, 0x0000, 0x0000, 0x0000, 0x0000,
    0x0000, 0x0000, 0x0000, 0x0000, 0x3021, 0xD0E7, 0xD8E7, 0xD8E7, 0xD8E7, 0xD8E7, 0xD8E7, 0xD8E7,
    0xD8E7, 0xD8E7, 0xD8E7, 0xD8E7, 0xD8E7, 0xD8E7, 0xD8E7, 0xD8E7, 0xD8E7, 0xD8E7, 0xD8E7, 0xD8E7,
    0xD8E7, 0xD8E7, 0xD8E7, 0xD8E7, 0xD8E7, 0xD8E7, 0xD8E7, 0xD8E7, 0xD8E7, 0xD8E7, 0xD8E7, 0xD8E7,
    0xD8E7, 0xD8E7, 0xD8E7, 0xD8E7, 0xD8E7, 0xD928, 0xD845, 0xEC33, 0xFFFF, 0xFFDF, 0xFFFF, 0xFFFF,
    0xFFFF, 0xFFFF, 0xFFFF, 0xFFFF, 0xFFFF, 0xFFFF, 0xFFFF, 0xFF9E, 0xE350, 0xD886, 0xD908, 0xD8E7,
    0xD8E7, 0xD8E7, 0xD8E7, 0xD8E7, 0xD8E7, 0xD8E7, 0xD8E7, 0xD8E7, 0xD8E7, 0xD8E7, 0xD907, 0xD8E7,
    0xD8E7, 0xD8E7, 0xD8E7, 0xD8E7, 0xD8E7, 0xD8E7, 0xD8E7, 0xD8E7, 0xD8E7, 0xD8E7, 0xD8E7, 0xD8E7,
    0xD8E7, 0xD8E7, 0xD8E7, 0xD8E7, 0xD8E7, 0xD8E7, 0xD8E7, 0xD8E7, 0xD8E7, 0xD8E7, 0xD8E7, 0xD8E7,
    0xD8E7, 0xD8E7, 0xD8E7, 0xD8E7, 0xD8E7, 0xD8E7, 0xD8E7, 0xD8E7, 0xD8E7, 0xD8E7, 0xD8E7, 0xD8E7,
    0xD8E7, 0xD8E7, 0xD8E7, 0xD8E7, 0xD8E7, 0xD0E7, 0xE908, 0x98A5, 0x0000, 0x0000, 0x0000, 0x0000,
    0x0000, 0x0000, 0x0000, 0x3022, 0xA087, 0xB0A7, 0xA8A7, 0xA8A7, 0xA8A7, 0xA8A7, 0xA8A7, 0xA8A7,
    0xA8A7, 0xA8A7, 0xA8A7, 0xA8A7, 0xA8A7, 0xA8A7, 0xA8A7, 0xA8A7, 0xA8A7, 0xA8A7, 0xA8A7, 0xA8A7,
    0xA8A7, 0xA8A7, 0xA8A7, 0xA8A7, 0xA8A7, 0xA8A7, 0xA8A7, 0xA8A7, 0xA8A7, 0xA8A7, 0xA8A7, 0xA8A7,
    0xA8A7, 0xA8A7, 0xA8A7, 0xA8A7, 0xA8A7, 0xA8A7, 0xA8A7, 0xA8A7, 0xA8A7, 0xA8A7, 0xA8A7, 0xA8A7,
    0xA8A7, 0xA8A7, 0xA8A7, 0xA8A7, 0xA8A7, 0xA8A7, 0xA8A7, 0xA8A7, 0xA8A7, 0xA8A7, 0xA8A7, 0xA8A7,
    0xA8A7, 0xA8A7, 0xA8A7, 0xA8A7, 0xA8A7, 0xA8A7, 0xA087, 0x2821, 0x0000, 0x0000, 0x0000, 0x0000,
    0x0000, 0x0000, 0x0000, 0x0000, 0x0000, 0x0000, 0x0000, 0x0000, 0x0000, 0x0000, 0x0000, 0x0000,
    0x0000, 0x0000, 0x0000, 0x0000, 0x0000, 0x0000, 0x0000, 0x0000, 0x0000, 0x0000, 0x0000, 0x0000,
    0x0000, 0x0000, 0x0000, 0x0000, 0x0000, 0x0000, 0x0000, 0x0000, 0x0000, 0x0000, 0x0000, 0x0000,
    0x0000, 0x0000, 0x0000, 0x0000, 0x0000, 0x0000, 0x0000, 0x0000, 0x0000, 0x0000, 0x0000, 0x0000,
    0x0000, 0x0000, 0x0000, 0x0000, 0x3021, 0xD0E7, 0xD8E7, 0xD8E7, 0xD8E7, 0xD8E7, 0xD8E7, 0xD8E7,
    0xD8E7, 0xD8E7, 0xD8E7, 0xD8E7, 0xD8E7, 0xD8E7, 0xD8E7, 0xD8E7, 0xD8E7, 0xD8E7, 0xD8E7, 0xD8E7,
    0xD8E7, 0xD8E7, 0xD8E7, 0xD8E7, 0xD8E7, 0xD8E7, 0xD8E7, 0xD8E7, 0xD8E7, 0xD8E7, 0xD8E7, 0xD8E7,
    0xD8E7, 0xD8E7, 0xD8E7, 0xD8E7, 0xD8E7, 0xD928, 0xD845, 0xEC33, 0xFFFF, 0xFFDF, 0xFFFF, 0xFFFF,
    0xFFFF, 0xFFFF, 0xFFFF, 0xFFFF, 0xFFFF, 0xFFFF, 0xFFFF, 0xFF9E, 0xE370, 0xD886, 0xD908, 0xD907,
    0xD907, 0xD907, 0xD908, 0xD908, 0xD908, 0xD908, 0xD908, 0xD908, 0xD908, 0xD908, 0xD907, 0xD907,
    0xD8E7, 0xD8E7, 0xD8E7, 0xD8E7, 0xD8E7, 0xD8E7, 0xD8E7, 0xD8E7, 0xD8E7, 0xD8E7, 0xD8E7, 0xD8E7,
    0xD8E7, 0xD8E7, 0xD8E7, 0xD8E7, 0xD8E7, 0xD8E7, 0xD8E7, 0xD8E7, 0xD8E7, 0xD8E7, 0xD8E7, 0xD8E7,
    0xD8E7, 0xD8E7, 0xD8E7, 0xD8E7, 0xD8E7, 0xD8E7, 0xD8E7, 0xD8E7, 0xD8E7, 0xD8E7, 0xD8E7, 0xD8E7,
    0xD8E7, 0xD8E7, 0xD8E7, 0xD8E7, 0xD8E7, 0xD0E7, 0xE908, 0x98A5, 0x0000, 0x0000, 0x0000, 0x0000,
    0x0000, 0x0000, 0x0000, 0x3822, 0xA087, 0xB0A7, 0xA8A7, 0xA8A7, 0xA8A7, 0xA8A7, 0xA8A7, 0xA8A7,
    0xA8A7, 0xA8A7, 0xA8A7, 0xA8A7, 0xA8A7, 0xA8A7, 0xA8A7, 0xA8A7, 0xA8A7, 0xA8A7, 0xA8A7, 0xA8A7,
    0xA8A7, 0xA8A7, 0xA8A7, 0xA8A7, 0xA8A7, 0xA8A7, 0xA8A7, 0xA8A7, 0xA8A7, 0xA8A7, 0xA8A7, 0xA8A7,
    0xA8A7, 0xA8A7, 0xA8A7, 0xA8A7, 0xA8A7, 0xA8A7, 0xA8A7, 0xA8A7, 0xA8A7, 0xA8A7, 0xA8A7, 0xA8A7,
    0xA8A7, 0xA8A7, 0xA8A7, 0xA8A7, 0xA8A7, 0xA8A7, 0xA8A7, 0xA8A7, 0xA8A7, 0xA8A7, 0xA8A7, 0xA8A7,
    0xA8A7, 0xA8A7, 0xA8A7, 0xA8A7, 0xA8A7, 0xA8A7, 0xA087, 0x2821, 0x0000, 0x0000, 0x0000, 0x0000,
    0x0000, 0x0000, 0x0000, 0x0000, 0x0000, 0x0000, 0x0000, 0x0000, 0x0000, 0x0000, 0x0000, 0x0000,
    0x0000, 0x0000, 0x0000, 0x0000, 0x0000, 0x0000, 0x0000, 0x0000, 0x0000, 0x0000, 0x0000, 0x0000,
    0x0000, 0x0000, 0x0000, 0x0000, 0x0000, 0x0000, 0x0000, 0x0000, 0x0000, 0x0000, 0x0000, 0x0000,
    0x0000, 0x0000, 0x0000, 0x0000, 0x0000, 0x0000, 0x0000, 0x0000, 0x0000, 0x0000, 0x0000, 0x0000,
    0x0000, 0x0000, 0x0000, 0x0000, 0x3021, 0xD0E7, 0xD8E7, 0xD8E7, 0xD8E7, 0xD8E7, 0xD8E7, 0xD8E7,
    0xD8E7, 0xD8E7, 0xD8E7, 0xD8E7, 0xD8E7, 0xD8E7, 0xD8E7, 0xD8E7, 0xD8E7, 0xD8E7, 0xD8E7, 0xD8E7,
    0xD8E7, 0xD8E7, 0xD8E7, 0xD8E7, 0xD8E7, 0xD8E7, 0xD8E7, 0xD8E7, 0xD8E7, 0xD8E7, 0xD8E7, 0xD8E7,
    0xD8E7, 0xD8E7, 0xD8E7, 0xD8E7, 0xD8E7, 0xD928, 0xD845, 0xEC53, 0xFFFF, 0xFFDF, 0xFFFF, 0xFFFF,
    0xFFFF, 0xFFFF, 0xFFFF, 0xFFFF, 0xFFFF, 0xFFFF, 0xFFFF, 0xFF9E, 0xE350, 0xD8C7, 0xD928, 0xD907,
    0xD8E7, 0xD8E7, 0xD8C7, 0xD8A6, 0xD8A6, 0xD886, 0xD886, 0xD866, 0xD845, 0xD866, 0xD8C7, 0xD8C7,
    0xD907, 0xD8E7, 0xD8E7, 0xD8E7, 0xD8E7, 0xD8E7, 0xD8E7, 0xD8E7, 0xD8E7, 0xD8E7, 0xD8E7, 0xD8E7,
    0xD8E7, 0xD8E7, 0xD8E7, 0xD8E7, 0xD8E7, 0xD8E7, 0xD8E7, 0xD8E7, 0xD8E7, 0xD8E7, 0xD8E7, 0xD8E7,
    0xD8E7, 0xD8E7, 0xD8E7, 0xD8E7, 0xD8E7, 0xD8E7, 0xD8E7, 0xD8E7, 0xD8E7, 0xD8E7, 0xD8E7, 0xD8E7,
    0xD8E7, 0xD8E7, 0xD8E7, 0xD8E7, 0xD8E7, 0xD0E7, 0xE908, 0x98A5, 0x0000, 0x0000, 0x0000, 0x0000,
    0x0000, 0x0000, 0x0000, 0x3822, 0xA087, 0xB0A7, 0xA8A7, 0xA8A7, 0xA8A7, 0xA8A7, 0xA8A7, 0xA8A7,
    0xA8A7, 0xA8A7, 0xA8A7, 0xA8A7, 0xA8A7, 0xA8A7, 0xA8A7, 0xA8A7, 0xA8A7, 0xA8A7, 0xA8A7, 0xA8A7,
    0xA8A7, 0xA8A7, 0xA8A7, 0xA8A7, 0xA8A7, 0xA8A7, 0xA8A7, 0xA8A7, 0xA8A7, 0xA8A7, 0xA8A7, 0xA8A7,
    0xA8A7, 0xA8A7, 0xA8A7, 0xA8A7, 0xA8A7, 0xA8A7, 0xA8A7, 0xA8A7, 0xA8A7, 0xA8A7, 0xA8A7, 0xA8A7,
    0xA8A7, 0xA8A7, 0xA8A7, 0xA8A7, 0xA8A7, 0xA8A7, 0xA8A7, 0xA8A7, 0xA8A7, 0xA8A7, 0xA8A7, 0xA8A7,
    0xA8A7, 0xA8A7, 0xA8A7, 0xA8A7, 0xA8A7, 0xA8A7, 0xA087, 0x2821, 0x0000, 0x0000, 0x0000, 0x0000,
    0x0000, 0x0000, 0x0000, 0x0000, 0x0000, 0x0000, 0x0000, 0x0000, 0x0000, 0x0000, 0x0000, 0x0000,
    0x0000, 0x0000, 0x0000, 0x0000, 0x0000, 0x0000, 0x0000, 0x0000, 0x0000, 0x0000, 0x0000, 0x0000,
    0x0000, 0x0000, 0x0000, 0x0000, 0x0000, 0x0000, 0x0000, 0x0000, 0x0000, 0x0000, 0x0000, 0x0000,
    0x0000, 0x0000, 0x0000, 0x0000, 0x0000, 0x0000, 0x0000, 0x0000, 0x0000, 0x0000, 0x0000, 0x0000,
    0x0000, 0x0000, 0x0000, 0x0000, 0x3021, 0xD0E7, 0xD8E7, 0xD8E7, 0xD8E7, 0xD8E7, 0xD8E7, 0xD8E7,
    0xD8E7, 0xD8E7, 0xD8E7, 0xD8E7, 0xD8E7, 0xD8E7, 0xD8E7, 0xD8E7, 0xD8E7, 0xD8E7, 0xD8E7, 0xD8E7,
    0xD8E7, 0xD8E7, 0xD8E7, 0xD8E7, 0xD8E7, 0xD8E7, 0xD8E7, 0xD8E7, 0xD8E7, 0xD8E7, 0xD8E7, 0xD8E7,
    0xD907, 0xD908, 0xD908, 0xD908, 0xD908, 0xD948, 0xD865, 0xEC33, 0xFFFF, 0xFFDF, 0xFFFF, 0xFFFF,
    0xFFFF, 0xFFFF, 0xFFFF, 0xFFFF, 0xFFFF, 0xFFFF, 0xFFFF, 0xFFBF, 0xE370, 0xD003, 0xD8C7, 0xD8E7,
    0xD928, 0xD969, 0xD9CA, 0xE20B, 0xE24C, 0xE2AD, 0xE2EE, 0xE34F, 0xEB70, 0xEC32, 0xEC32, 0xD969,
    0xD8E7, 0xD907, 0xD8E7, 0xD8E7, 0xD8E7, 0xD8E7, 0xD8E7, 0xD8E7, 0xD8E7, 0xD8E7, 0xD8E7, 0xD8E7,
    0xD8E7, 0xD8E7, 0xD8E7, 0xD8E7, 0xD8E7, 0xD8E7, 0xD8E7, 0xD8E7, 0xD8E7, 0xD8E7, 0xD8E7, 0xD8E7,
    0xD8E7, 0xD8E7, 0xD8E7, 0xD8E7, 0xD8E7, 0xD8E7, 0xD8E7, 0xD8E7, 0xD8E7, 0xD8E7, 0xD8E7, 0xD8E7,
    0xD8E7, 0xD8E7, 0xD8E7, 0xD8E7, 0xD8E7, 0xD0E7, 0xE908, 0x98A5, 0x0000, 0x0000, 0x0000, 0x0000,
    0x0000, 0x0000, 0x0000, 0x4022, 0xA087, 0xB0A7, 0xA8A7, 0xA8A7, 0xA8A7, 0xA8A7, 0xA8A7, 0xA8A7,
    0xA8A7, 0xA8A7, 0xA8A7, 0xA8A7, 0xA8A7, 0xA8A7, 0xA8A7, 0xA8A7, 0xA8A7, 0xA8A7, 0xA8A7, 0xA8A7,
    0xA8A7, 0xA8A7, 0xA8A7, 0xA8A7, 0xA8A7, 0xA8A7, 0xA8A7, 0xA8A7, 0xA8A7, 0xA8A7, 0xA8A7, 0xA8A7,
    0xA8A7, 0xA8A7, 0xA8A7, 0xA8A7, 0xA8A7, 0xA8A7, 0xA8A7, 0xA8A7, 0xA8A7, 0xA8A7, 0xA8A7, 0xA8A7,
    0xA8A7, 0xA8A7, 0xA8A7, 0xA8A7, 0xA8A7, 0xA8A7, 0xA8A7, 0xA8A7, 0xA8A7, 0xA8A7, 0xA8A7, 0xA8A7,
    0xA8A7, 0xA8A7, 0xA8A7, 0xA8A7, 0xA8A7, 0xA8A7, 0xA087, 0x2821, 0x0000, 0x0000, 0x0000, 0x0000,
    0x0000, 0x0000, 0x0000, 0x0000, 0x0000, 0x0000, 0x0000, 0x0000, 0x0000, 0x0000, 0x0000, 0x0000,
    0x0000, 0x0000, 0x0000, 0x0000, 0x0000, 0x0000, 0x0000, 0x0000, 0x0000, 0x0000, 0x0000, 0x0000,
    0x0000, 0x0000, 0x0000, 0x0000, 0x0000, 0x0000, 0x0000, 0x0000, 0x0000, 0x0000, 0x0000, 0x0000,
    0x0000, 0x0000, 0x0000, 0x0000, 0x0000, 0x0000, 0x0000, 0x0000, 0x0000, 0x0000, 0x0000, 0x0000,
    0x0000, 0x0000, 0x0000, 0x0000, 0x3021, 0xD0E7, 0xD8E7, 0xD8E7, 0xD8E7, 0xD8E7, 0xD8E7, 0xD8E7,
    0xD8E7, 0xD8E7, 0xD8E7, 0xD8E7, 0xD8E7, 0xD8E7, 0xD8E7, 0xD8E7, 0xD8E7, 0xD8E7, 0xD8E7, 0xD8E7,
    0xD8E7, 0xD8E7, 0xD8E7, 0xD8E7, 0xD8E7, 0xD8E7, 0xD8E7, 0xD8E7, 0xD8E7, 0xD8E7, 0xD8E7, 0xD907,
    0xD8E7, 0xD8C7, 0xD8C7, 0xD8A6, 0xD8A6, 0xD8A6, 0xD004, 0xEC73, 0xFFFF, 0xFFDF, 0xFFFF, 0xFFFF,
    0xFFFF, 0xFFFF, 0xFFFF, 0xFFFF, 0xFFFF, 0xFFFF, 0xFFFF, 0xFFFF, 0xF659, 0xEC53, 0xECF5, 0xF536,
    0xF597, 0xF5D8, 0xF639, 0xFE9B, 0xFEFC, 0xFF3D, 0xFF9E, 0xFFFF, 0xFFFF, 0xFFFF, 0xFFDF, 0xE2EE,
    0xD8A6, 0xD908, 0xD8E7, 0xD8E7, 0xD8E7, 0xD8E7, 0xD8E7, 0xD8E7, 0xD8E7, 0xD8E7, 0xD8E7, 0xD8E7,
    0xD8E7, 0xD8E7, 0xD8E7, 0xD8E7, 0xD8E7, 0xD8E7, 0xD8E7, 0xD8E7, 0xD8E7, 0xD8E7, 0xD8E7, 0xD8E7,
    0xD8E7, 0xD8E7, 0xD8E7, 0xD8E7, 0xD8E7, 0xD8E7, 0xD8E7, 0xD8E7, 0xD8E7, 0xD8E7, 0xD8E7, 0xD8E7,
    0xD8E7, 0xD8E7, 0xD8E7, 0xD8E7, 0xD8E7, 0xD0E7, 0xE908, 0xA0A5, 0x0000, 0x0000, 0x0000, 0x0000,
    0x0000, 0x0000, 0x0000, 0x4043, 0xA887, 0xA8A7, 0xA8A7, 0xA8A7, 0xA8A7, 0xA8A7, 0xA8A7, 0xA8A7,
    0xA8A7, 0xA8A7, 0xA8A7, 0xA8A7, 0xA8A7, 0xA8A7, 0xA8A7, 0xA8A7, 0xA8A7, 0xA8A7, 0xA8A7, 0xA8A7,
    0xA8A7, 0xA8A7, 0xA8A7, 0xA8A7, 0xA8A7, 0xA8A7, 0xA8A7, 0xA8A7, 0xA8A7, 0xA8A7, 0xA8A7, 0xA8A7,
    0xA8A7, 0xA8A7, 0xA8A7, 0xA8A7, 0xA8A7, 0xA8A7, 0xA8A7, 0xA8A7, 0xA8A7, 0xA8A7, 0xA8A7, 0xA8A7,
    0xA8A7, 0xA8A7, 0xA8A7, 0xA8A7, 0xA8A7, 0xA8A7, 0xA8A7, 0xA8A7, 0xA8A7, 0xA8A7, 0xA8A7, 0xA8A7,
    0xA8A7, 0xA8A7, 0xA8A7, 0xA8A7, 0xA8A7, 0xA8A7, 0xA087, 0x2821, 0x0000, 0x0000, 0x0000, 0x0000,
    0x0000, 0x0000, 0x0000, 0x0000, 0x0000, 0x0000, 0x0000, 0x0000, 0x0000, 0x0000, 0x0000, 0x0000,
    0x0000, 0x0000, 0x0000, 0x0000, 0x0000, 0x0000, 0x0000, 0x0000, 0x0000, 0x0000, 0x0000, 0x0000,
    0x0000, 0x0000, 0x0000, 0x0000, 0x0000, 0x0000, 0x0000, 0x0000, 0x0000, 0x0000, 0x0000, 0x0000,
    0x0000, 0x0000, 0x0000, 0x0000, 0x0000, 0x0000, 0x0000, 0x0000, 0x0000, 0x0000, 0x0000, 0x0000,
    0x0000, 0x0000, 0x0000, 0x0000, 0x3021, 0xD0E7, 0xD8E7, 0xD8E7, 0xD8E7, 0xD8E7, 0xD8E7, 0xD8E7,
    0xD8E7, 0xD8E7, 0xD8E7, 0xD8E7, 0xD8E7, 0xD8E7, 0xD8E7, 0xD8E7, 0xD8E7, 0xD8E7, 0xD8E7, 0xD8E7,
    0xD8E7, 0xD8E7, 0xD8E7, 0xD8E7, 0xD8E7, 0xD8E7, 0xD8E7, 0xD8E7, 0xD8E7, 0xD8E7, 0xD8E7, 0xD8C7,
    0xD949, 0xD9CA, 0xE22C, 0xE28D, 0xE30E, 0xE34F, 0xEC12, 0xFEDC, 0xFFFF, 0xFFFF, 0xFFFF, 0xFFFF,
    0xFFFF, 0xFFFF, 0xFFFF, 0xFFFF, 0xFFFF, 0xFFFF, 0xFFFF, 0xFFFF, 0xFFFF, 0xFFFF, 0xFFFF, 0xFFFF,
    0xFFFF, 0xFFFF, 0xFFFF, 0xFFFF, 0xFFFF, 0xFFFF, 0xFFFF, 0xFFFF, 0xFFDF, 0xFFDF, 0xFF5D, 0xE32F,
    0xD8A6, 0xD908, 0xD8E7, 0xD8E7, 0xD8E7, 0xD8E7, 0xD8E7, 0xD8E7, 0xD8E7, 0xD8E7, 0xD8E7, 0xD8E7,
    0xD8E7, 0xD8E7, 0xD8E7, 0xD8E7, 0xD8E7, 0xD8E7, 0xD8E7, 0xD8E7, 0xD8E7, 0xD8E7, 0xD8E7, 0xD8E7,
    0xD8E7, 0xD8E7, 0xD8E7, 0xD8E7, 0xD8E7, 0xD8E7, 0xD8E7, 0xD8E7, 0xD8E7, 0xD8E7, 0xD8E7, 0xD8E7,
    0xD8E7, 0xD8E7, 0xD8E7, 0xD8E7, 0xD8E7, 0xD0E7, 0xE908, 0xA0A5, 0x0000, 0x0000, 0x0000, 0x0000,
    0x0000, 0x0000, 0x0000, 0x4843, 0xA8A7, 0xA8A7, 0xA8A7, 0xA8A7, 0xA8A7, 0xA8A7, 0xA8A7, 0xA8A7,
    0xA8A7, 0xA8A7, 0xA8A7, 0xA8A7, 0xA8A7, 0xA8A7, 0xA8A7, 0xA8A7, 0xA8A7, 0xA8A7, 0xA8A7, 0xA8A7,
    0xA8A7, 0xA8A7, 0xA8A7, 0xA8A7, 0xA8A7, 0xA8A7, 0xA8A7, 0xA8A7, 0xA8A7, 0xA8A7, 0xA8A7, 0xA8A7,
    0xA8A7, 0xA8A7, 0xA8A7, 0xA8A7, 0xA8A7, 0xA8A7, 0xA8A7, 0xA8A7, 0xA8A7, 0xA8A7, 0xA8A7, 0xA8A7,
    0xA8A7, 0xA8A7, 0xA8A7, 0xA8A7, 0xA8A7, 0xA8A7, 0xA8A7, 0xA8A7, 0xA8A7, 0xA8A7, 0xA8A7, 0xA8A7,
    0xA8A7, 0xA8A7, 0xA8A7, 0xA8A7, 0xA8A7, 0xA8A7, 0xA087, 0x2021, 0x0000, 0x0000, 0x0000, 0x0000,
    0x0000, 0x0000, 0x0000, 0x0000, 0x0000, 0x0000, 0x0000, 0x0000, 0x0000, 0x0000, 0x0000, 0x0000,
    0x0000, 0x0000, 0x0000, 0x0000, 0x0000, 0x0000, 0x0000, 0x0000, 0x0000, 0x0000, 0x0000, 0x0000,
    0x0000, 0x0000, 0x0000, 0x0000, 0x0000, 0x0000, 0x0000, 0x0000, 0x0000, 0x0000, 0x0000, 0x0000,
    0x0000, 0x0000, 0x0000, 0x0000, 0x0000, 0x0000, 0x0000, 0x0000, 0x0000, 0x0000, 0x0000, 0x0000,
    0x0000, 0x0000, 0x0000, 0x0000, 0x3021, 0xD0E7, 0xD8E7, 0xD8E7, 0xD8E7, 0xD8E7, 0xD8E7, 0xD8E7,
    0xD8E7, 0xD8E7, 0xD8E7, 0xD8E7, 0xD8E7, 0xD8E7, 0xD8E7, 0xD8E7, 0xD8E7, 0xD8E7, 0xD8E7, 0xD8E7,
    0xD8E7, 0xD8E7, 0xD8E7, 0xD8E7, 0xD8E7, 0xD8E7, 0xD8E7, 0xD8E7, 0xD8E7, 0xD8E7, 0xD8E7, 0xE20B,
    0xF639, 0xFE9B, 0xFEDB, 0xFF1C, 0xFF5D, 0xFF9E, 0xFFFF, 0xFFFF, 0xFFFF, 0xFFFF, 0xFFFF, 0xFFFF,
    0xFFFF, 0xFFFF, 0xFFFF, 0xFFFF, 0xFFFF, 0xFFFF, 0xFFFF, 0xFFFF, 0xFFFF, 0xFFDF, 0xFFDF, 0xFFDF,
    0xFFDF, 0xFFDF, 0xFFFF, 0xFFFF, 0xFFFF, 0xFFFF, 0xFFFF, 0xFFFF, 0xFFFF, 0xFFFF, 0xFF7D, 0xE32F,
    0xD8A6, 0xD908, 0xD8E7, 0xD8E7, 0xD8E7, 0xD8E7, 0xD8E7, 0xD8E7, 0xD8E7, 0xD8E7, 0xD8E7, 0xD8E7,
    0xD8E7, 0xD8E7, 0xD8E7, 0xD8E7, 0xD8E7, 0xD8E7, 0xD8E7, 0xD8E7, 0xD8E7, 0xD8E7, 0xD8E7, 0xD8E7,
    0xD8E7, 0xD8E7, 0xD8E7, 0xD8E7, 0xD8E7, 0xD8E7, 0xD8E7, 0xD8E7, 0xD8E7, 0xD8E7, 0xD8E7, 0xD8E7,
    0xD8E7, 0xD8E7, 0xD8E7, 0xD8E7, 0xD8E7, 0xD0E7, 0xE908, 0xA0A5, 0x0000, 0x0000, 0x0000, 0x0000,
    0x0000, 0x0000, 0x0000, 0x4843, 0xA8A7, 0xA8A7, 0xA8A7, 0xA8A7, 0xA8A7, 0xA8A7, 0xA8A7, 0xA8A7,
    0xA8A7, 0xA8A7, 0xA8A7, 0xA8A7, 0xA8A7, 0xA8A7, 0xA8A7, 0xA8A7, 0xA8A7, 0xA8A7, 0xA8A7, 0xA8A7,
    0xA8A7, 0xA8A7, 0xA8A7, 0xA8A7, 0xA8A7, 0xA8A7, 0xA8A7, 0xA8A7, 0xA8A7, 0xA8A7, 0xA8A7, 0xA8A7,
    0xA8A7, 0xA8A7, 0xA8A7, 0xA8A7, 0xA8A7, 0xA8A7, 0xA8A7, 0xA8A7, 0xA8A7, 0xA8A7, 0xA8A7, 0xA8A7,
    0xA8A7, 0xA8A7, 0xA8A7, 0xA8A7, 0xA8A7, 0xA8A7, 0xA8A7, 0xA8A7, 0xA8A7, 0xA8A7, 0xA8A7, 0xA8A7,
    0xA8A7, 0xA8A7, 0xA8A7, 0xA8A7, 0xA8A7, 0xA8A7, 0xA087, 0x2821, 0x0000, 0x0000, 0x0000, 0x0000,
    0x0000, 0x0000, 0x0000, 0x0000, 0x0000, 0x0000, 0x0000, 0x0000, 0x0000, 0x0000, 0x0000, 0x0000,
    0x0000, 0x0000, 0x0000, 0x0000, 0x0000, 0x0000, 0x0000, 0x0000, 0x0000, 0x0000, 0x0000, 0x0000,
    0x0000, 0x0000, 0x0000, 0x0000, 0x0000, 0x0000, 0x0000, 0x0000, 0x0000, 0x0000, 0x0000, 0x0000,
    0x0000, 0x0000, 0x0000, 0x0000, 0x0000, 0x0000, 0x0000, 0x0000, 0x0000, 0x0000, 0x0000, 0x0000,
    0x0000, 0x0000, 0x0000, 0x0000, 0x3021, 0xD0E7, 0xD8E7, 0xD8E7, 0xD8E7, 0xD8E7, 0xD8E7, 0xD8E7,
    0xD8E7, 0xD8E7, 0xD8E7, 0xD8E7, 0xD8E7, 0xD8E7, 0xD8E7, 0xD8E7, 0xD8E7, 0xD8E7, 0xD8E7, 0xD8E7,
    0xD8E7, 0xD8E7, 0xD8E7, 0xD8E7, 0xD8E7, 0xD8E7, 0xD8E7, 0xD8E7, 0xD8E7, 0xD907, 0xD8E7, 0xEB90,
    0xFFFF, 0xFFFF, 0xFFFF, 0xFFFF, 0xFFFF, 0xFFFF, 0xFFFF, 0xFFFF, 0xFFFF, 0xFFFF, 0xFFFF, 0xFFFF,
    0xFFFF, 0xFFFF, 0xFFFF, 0xFFFF, 0xFFFF, 0xFFFF, 0xFFFF, 0xFFFF, 0xFFFF, 0xFFFF, 0xFFFF, 0xFFFF,
    0xFFFF, 0xFFFF, 0xFFFF, 0xFFFF, 0xFFFF, 0xFFFF, 0xFFFF, 0xFFFF, 0xFFFF, 0xFFFF, 0xFF7D, 0xE32F,
    0xD8A6, 0xD908, 0xD8E7, 0xD8E7, 0xD8E7, 0xD8E7, 0xD8E7, 0xD8E7, 0xD8E7, 0xD8E7, 0xD8E7, 0xD8E7,
    0xD8E7, 0xD8E7, 0xD8E7, 0xD8E7, 0xD8E7, 0xD8E7, 0xD8E7, 0xD8E7, 0xD8E7, 0xD8E7, 0xD8E7, 0xD8E7,
    0xD8E7, 0xD8E7, 0xD8E7, 0xD8E7, 0xD8E7, 0xD8E7, 0xD8E7, 0xD8E7, 0xD8E7, 0xD8E7, 0xD8E7, 0xD8E7,
    0xD8E7, 0xD8E7, 0xD8E7, 0xD8E7, 0xD8E7, 0xD8E7, 0xE908, 0xA0A5, 0x0000, 0x0000, 0x0000, 0x0000,
    0x0000, 0x0000, 0x0000, 0x5043, 0xA8A7, 0xA8A7, 0xA8A7, 0xA8A7, 0xA8A7, 0xA8A7, 0xA8A7, 0xA8A7,
    0xA8A7, 0xA8A7, 0xA8A7, 0xA8A7, 0xA8A7, 0xA8A7, 0xA8A7, 0xA8A7, 0xA8A7, 0xA8A7, 0xA8A7, 0xA8A7,
    0xA8A7, 0xA8A7, 0xA8A7, 0xA8A7, 0xA8A7, 0xA8A7, 0xA8A7, 0xA8A7, 0xA8A7, 0xA8A7, 0xA8A7, 0xA8A7,
    0xA8A7, 0xA8A7, 0xA8A7, 0xA8A7, 0xA8A7, 0xA8A7, 0xA8A7, 0xA8A7, 0xA8A7, 0xA8A7, 0xA8A7, 0xA8A7,
    0xA8A7, 0xA8A7, 0xA8A7, 0xA8A7, 0xA8A7, 0xA8A7, 0xA8A7, 0xA8A7, 0xA8A7, 0xA8A7, 0xA8A7, 0xA8A7,
    0xA8A7, 0xA8A7, 0xA8A7, 0xA8A7, 0xA8A7, 0xA8A7, 0xA087, 0x2821, 0x0000, 0x0000, 0x0000, 0x0000,
    0x0000, 0x0000, 0x0000, 0x0000, 0x0000, 0x0000, 0x0000, 0x0000, 0x0000, 0x0000, 0x0000, 0x0000,
    0x0000, 0x0000, 0x0000, 0x0000, 0x0000, 0x0000, 0x0000, 0x0000, 0x0000, 0x0000, 0x0000, 0x0000,
    0x0000, 0x0000, 0x0000, 0x0000, 0x0000, 0x0000, 0x0000, 0x0000, 0x0000, 0x0000, 0x0000, 0x0000,
    0x0000, 0x0000, 0x0000, 0x0000, 0x0000, 0x0000, 0x0000, 0x0000, 0x0000, 0x0000, 0x0000, 0x0000,
    0x0000, 0x0000, 0x0000, 0x0000, 0x3021, 0xD0E7, 0xD8E7, 0xD8E7, 0xD8E7, 0xD8E7, 0xD8E7, 0xD8E7,
    0xD8E7, 0xD8E7, 0xD8E7, 0xD8E7, 0xD8E7, 0xD8E7, 0xD8E7, 0xD8E7, 0xD8E7, 0xD8E7, 0xD8E7, 0xD8E7,
    0xD8E7, 0xD8E7, 0xD8E7, 0xD8E7, 0xD8E7, 0xD8E7, 0xD8E7, 0xD8E7, 0xD8E7, 0xD907, 0xD8E7, 0xEBD1,
    0xFFFF, 0xFFFF, 0xFFFF, 0xFFFF, 0xFFFF, 0xFFFF, 0xFFFF, 0xFFFF, 0xFFFF, 0xFFFF, 0xFFFF, 0xFFFF,
    0xFFFF, 0xFFFF, 0xFFFF, 0xFFFF, 0xFFFF, 0xFFFF, 0xFFFF, 0xFFFF, 0xFFFF, 0xFFFF, 0xFFFF, 0xFFFF,
    0xFFFF, 0xFFFF, 0xFFFF, 0xFFFF, 0xFFFF, 0xFFFF, 0xFFFF, 0xFFFF, 0xFFFF, 0xFFFF, 0xFF7D, 0xE32F,
    0xD8A6, 0xD908, 0xD8E7, 0xD8E7, 0xD8E7, 0xD8E7, 0xD8E7, 0xD8E7, 0xD8E7, 0xD8E7, 0xD8E7, 0xD8E7,
    0xD8E7, 0xD8E7, 0xD8E7, 0xD8E7, 0xD8E7, 0xD8E7, 0xD8E7, 0xD8E7, 0xD8E7, 0xD8E7, 0xD8E7, 0xD8E7,
    0xD8E7, 0xD8E7, 0xD8E7, 0xD8E7, 0xD8E7, 0xD8E7, 0xD8E7, 0xD8E7, 0xD8E7, 0xD8E7, 0xD8E7, 0xD8E7,
    0xD8E7, 0xD8E7, 0xD8E7, 0xD8E7, 0xD8E7, 0xD8E7, 0xE908, 0xA0A5, 0x0000, 0x0000, 0x0000, 0x0000,
    0x0000, 0x0000, 0x0000, 0x5043, 0xA8A7, 0xA8A7, 0xA8A7, 0xA8A7, 0xA8A7, 0xA8A7, 0xA8A7, 0xA8A7,
    0xA8A7, 0xA8A7, 0xA8A7, 0xA8A7, 0xA8A7, 0xA8A7, 0xA8A7, 0xA8A7, 0xA8A7, 0xA8A7, 0xA8A7, 0xA8A7,
    0xA8A7, 0xA8A7, 0xA8A7, 0xA8A7, 0xA8A7, 0xA8A7, 0xA8A7, 0xA8A7, 0xA8A7, 0xA8A7, 0xA8A7, 0xA8A7,
    0xA8A7, 0xA8A7, 0xA8A7, 0xA8A7, 0xA8A7, 0xA8A7, 0xA8A7, 0xA8A7, 0xA8A7, 0xA8A7, 0xA8A7, 0xA8A7,
    0xA8A7, 0xA8A7, 0xA8A7, 0xA8A7, 0xA8A7, 0xA8A7, 0xA8A7, 0xA8A7, 0xA8A7, 0xA8A7, 0xA8A7, 0xA8A7,
    0xA8A7, 0xA8A7, 0xA8A7, 0xA8A7, 0xA8A7, 0xA8A7, 0xA087, 0x2821, 0x0000, 0x0000, 0x0000, 0x0000,
    0x0000, 0x0000, 0x0000, 0x0000, 0x0000, 0x0000, 0x0000, 0x0000, 0x0000, 0x0000, 0x0000, 0x0000,
    0x0000, 0x0000, 0x0000, 0x0000, 0x0000, 0x0000, 0x0000, 0x0000, 0x0000, 0x0000, 0x0000, 0x0000,
    0x0000, 0x0000, 0x0000, 0x0000, 0x0000, 0x0000, 0x0000, 0x0000, 0x0000, 0x0000, 0x0000, 0x0000,
    0x0000, 0x0000, 0x0000, 0x0000, 0x0000, 0x0000, 0x0000, 0x0000, 0x0000, 0x0000, 0x0000, 0x0000,
    0x0000, 0x0000, 0x0000, 0x0000, 0x3021, 0xD0E7, 0xD8E7, 0xD8E7, 0xD8E7, 0xD8E7, 0xD8E7, 0xD8E7,
    0xD8E7, 0xD8E7, 0xD8E7, 0xD8E7, 0xD8E7, 0xD8E7, 0xD8E7, 0xD8E7, 0xD8E7, 0xD8E7, 0xD8E7, 0xD8E7,
    0xD8E7, 0xD8E7, 0xD8E7, 0xD8E7, 0xD8E7, 0xD8E7, 0xD8E7, 0xD8E7, 0xD8E7, 0xD907, 0xD8E7, 0xEBD1,
    0xFFFF, 0xFFFF, 0xFFFF, 0xFFFF, 0xFFFF, 0xFFFF, 0xFFFF, 0xFFFF, 0xFFFF, 0xFFFF, 0xFFFF, 0xFFFF,
    0xFFFF, 0xFFFF, 0xFFFF, 0xFFFF, 0xFFFF, 0xFFFF, 0xFFFF, 0xFFFF, 0xFFFF, 0xFFFF, 0xFFFF, 0xFFFF,
    0xFFFF, 0xFFFF, 0xFFFF, 0xFFFF, 0xFFFF, 0xFFFF, 0xFFFF, 0xFFFF, 0xFFFF, 0xFFFF, 0xFF7D, 0xE32F,
    0xD8A6, 0xD908, 0xD8E7, 0xD8E7, 0xD8E7, 0xD8E7, 0xD8E7, 0xD8E7, 0xD8E7, 0xD8E7, 0xD8E7, 0xD8E7,
    0xD8E7, 0xD8E7, 0xD8E7, 0xD8E7, 0xD8E7, 0xD8E7, 0xD8E7, 0xD8E7, 0xD8E7, 0xD8E7, 0xD8E7, 0xD8E7,
    0xD8E7, 0xD8E7, 0xD8E7, 0xD8E7, 0xD8E7, 0xD8E7, 0xD8E7, 0xD8E7, 0xD8E7, 0xD8E7, 0xD8E7, 0xD8E7,
    0xD8E7, 0xD8E7, 0xD8E7, 0xD8E7, 0xD8E7, 0xD8E7, 0xE908, 0xA0A5, 0x0000, 0x0000, 0x0000, 0x0000,
    0x0000, 0x0000, 0x0000, 0x5843, 0xA8A7, 0xA8A7, 0xA8A7, 0xA8A7, 0xA8A7, 0xA8A7, 0xA8A7, 0xA8A7,
    0xA8A7, 0xA8A7, 0xA8A7, 0xA8A7, 0xA8A7, 0xA8A7, 0xA8A7, 0xA8A7, 0xA8A7, 0xA8A7, 0xA8A7, 0xA8A7,
    0xA8A7, 0xA8A7, 0xA8A7, 0xA8A7, 0xA8A7, 0xA8A7, 0xA8A7, 0xA8A7, 0xA8A7, 0xA8A7, 0xA8A7, 0xA8A7,
    0xA8A7, 0xA8A7, 0xA8A7, 0xA8A7, 0xA8A7, 0xA8A7, 0xA8A7, 0xA8A7, 0xA8A7, 0xA8A7, 0xA8A7, 0xA8A7,
    0xA8A7, 0xA8A7, 0xA8A7, 0xA8A7, 0xA8A7, 0xA8A7, 0xA8A7, 0xA8A7, 0xA8A7, 0xA8A7, 0xA8A7, 0xA8A7,
    0xA8A7, 0xA8A7, 0xA8A7, 0xA8A7, 0xA8A7, 0xA8A7, 0xA087, 0x2821, 0x0000, 0x0000, 0x0000, 0x0000,
    0x0000, 0x0000, 0x0000, 0x0000, 0x0000, 0x0000, 0x0000, 0x0000, 0x0000, 0x0000, 0x0000, 0x0000,
    0x0000, 0x0000, 0x0000, 0x0000, 0x0000, 0x0000, 0x0000, 0x0000, 0x0000, 0x0000, 0x0000, 0x0000,
    0x0000, 0x0000, 0x0000, 0x0000, 0x0000, 0x0000, 0x0000, 0x0000, 0x0000, 0x0000, 0x0000, 0x0000,
    0x0000, 0x0000, 0x0000, 0x0000, 0x0000, 0x0000, 0x0000, 0x0000, 0x0000, 0x0000, 0x0000, 0x0000,
    0x0000, 0x0000, 0x0000, 0x0000, 0x3021, 0xD0E7, 0xD8E7, 0xD8E7, 0xD8E7, 0xD8E7, 0xD8E7, 0xD8E7,
    0xD8E7, 0xD8E7, 0xD8E7, 0xD8E7, 0xD8E7, 0xD8E7, 0xD8E7, 0xD8E7, 0xD8E7, 0xD8E7, 0xD8E7, 0xD8E7,
    0xD8E7, 0xD8E7, 0xD8E7, 0xD8E7, 0xD8E7, 0xD8E7, 0xD8E7, 0xD8E7, 0xD8E7, 0xD907, 0xD8E7, 0xEBD1,
    0xFFFF, 0xFFFF, 0xFFFF, 0xFFFF, 0xFFFF, 0xFFFF, 0xFFFF, 0xFFFF, 0xFFFF, 0xFFFF, 0xFFFF, 0xFFFF,
    0xFFFF, 0xFFFF, 0xFFFF, 0xFFFF, 0xFFFF, 0xFFFF, 0xFFFF, 0xFFFF, 0xFFFF, 0xFFFF, 0xFFFF, 0xFFFF,
    0xFFFF, 0xFFFF, 0xFFFF, 0xFFFF, 0xFFFF, 0xFFFF, 0xFFFF, 0xFFFF, 0xFFFF, 0xFFFF, 0xFF7D, 0xE32F,
    0xD8A6, 0xD908, 0xD8E7, 0xD8E7, 0xD8E7, 0xD8E7, 0xD8E7, 0xD8E7, 0xD8E7, 0xD8E7, 0xD8E7, 0xD8E7,
    0xD8E7, 0xD8E7, 0xD8E7, 0xD8E7, 0xD8E7, 0xD8E7, 0xD8E7, 0xD8E7, 0xD8E7, 0xD8E7, 0xD8E7, 0xD8E7,
    0xD8E7, 0xD8E7, 0xD8E7, 0xD8E7, 0xD8E7, 0xD8E7, 0xD8E7, 0xD8E7, 0xD8E7, 0xD8E7, 0xD8E7, 0xD8E7,
    0xD8E7, 0xD8E7, 0xD8E7, 0xD8E7, 0xD8E7, 0xD8E7, 0xE908, 0xA0C5, 0x0000, 0x0000, 0x0000, 0x0000,
    0x0000, 0x0000, 0x0000, 0x5844, 0xA8A7, 0xA8A7, 0xA8A7, 0xA8A7, 0xA8A7, 0xA8A7, 0xA8A7, 0xA8A7,
    0xA8A7, 0xA8A7, 0xA8A7, 0xA8A7, 0xA8A7, 0xA8A7, 0xA8A7, 0xA8A7, 0xA8A7, 0xA8A7, 0xA8A7, 0xA8A7,
    0xA8A7, 0xA8A7, 0xA8A7, 0xA8A7, 0xA8A7, 0xA8A7, 0xA8A7, 0xA8A7, 0xA8A7, 0xA8A7, 0xA8A7, 0xA8A7,
    0xA8A7, 0xA8A7, 0xA8A7, 0xA8A7, 0xA8A7, 0xA8A7, 0xA8A7, 0xA8A7, 0xA8A7, 0xA8A7, 0xA8A7, 0xA8A7,
    0xA8A7, 0xA8A7, 0xA8A7, 0xA8A7, 0xA8A7, 0xA8A7, 0xA8A7, 0xA8A7, 0xA8A7, 0xA8A7, 0xA8A7, 0xA8A7,
    0xA8A7, 0xA8A7, 0xA8A7, 0xA8A7, 0xA8A7, 0xA8A7, 0xA087, 0x2021, 0x0000, 0x0000, 0x0000, 0x0000,
    0x0000, 0x0000, 0x0000, 0x0000, 0x0000, 0x0000, 0x0000, 0x0000, 0x0000, 0x0000, 0x0000, 0x0000,
    0x0000, 0x0000, 0x0000, 0x0000, 0x0000, 0x0000, 0x0000, 0x0000, 0x0000, 0x0000, 0x0000, 0x0000,
    0x0000, 0x0000, 0x0000, 0x0000, 0x0000, 0x0000, 0x0000, 0x0000, 0x0000, 0x0000, 0x0000, 0x0000,
    0x0000, 0x0000, 0x0000, 0x0000, 0x0000, 0x0000, 0x0000, 0x0000, 0x0000, 0x0000, 0x0000, 0x0000,
    0x0000, 0x0000, 0x0000, 0x0000, 0x3021, 0xD0E7, 0xD8E7, 0xD8E7, 0xD8E7, 0xD8E7, 0xD8E7, 0xD8E7,
    0xD8E7, 0xD8E7, 0xD8E7, 0xD8E7, 0xD8E7, 0xD8E7, 0xD8E7, 0xD8E7, 0xD8E7, 0xD8E7, 0xD8E7, 0xD8E7,
    0xD8E7, 0xD8E7, 0xD8E7, 0xD8E7, 0xD8E7, 0xD8E7, 0xD8E7, 0xD8E7, 0xD8E7, 0xD907, 0xD8E7, 0xEBD1,
    0xFFFF, 0xFFFF, 0xFFFF, 0xFFFF, 0xFFFF, 0xFFFF, 0xFFFF, 0xFFFF, 0xFFFF, 0xFFFF, 0xFFFF, 0xFFFF,
    0xFFFF, 0xFFFF, 0xFFFF, 0xFFFF, 0xFFFF, 0xFFFF, 0xFFFF, 0xFFFF, 0xFFFF, 0xFFFF, 0xFFFF, 0xFFFF,
    0xFFFF, 0xFFFF, 0xFFFF, 0xFFFF, 0xFFFF, 0xFFFF, 0xFFFF, 0xFFFF, 0xFFFF, 0xFFFF, 0xFF7D, 0xE32F,
    0xD8A6, 0xD908, 0xD8E7, 0xD8E7, 0xD8E7, 0xD8E7, 0xD8E7, 0xD8E7, 0xD8E7, 0xD8E7, 0xD8E7, 0xD8E7,
    0xD8E7, 0xD8E7, 0xD8E7, 0xD8E7, 0xD8E7, 0xD8E7, 0xD8E7, 0xD8E7, 0xD8E7, 0xD8E7, 0xD8E7, 0xD8E7,
    0xD8E7, 0xD8E7, 0xD8E7, 0xD8E7, 0xD8E7, 0xD8E7, 0xD8E7, 0xD8E7, 0xD8E7, 0xD8E7, 0xD8E7, 0xD8E7,
    0xD8E7, 0xD8E7, 0xD8E7, 0xD8E7, 0xD8E7, 0xD8E7, 0xE908, 0xA8C6, 0x0000, 0x0000, 0x0000, 0x0000,
    0x0000, 0x0000, 0x0000, 0x5844, 0xA8A7, 0xA8A7, 0xA8A7, 0xA8A7, 0xA8A7, 0xA8A7, 0xA8A7, 0xA8A7,
    0xA8A7, 0xA8A7, 0xA8A7, 0xA8A7, 0xA8A7, 0xA8A7, 0xA8A7, 0xA8A7, 0xA8A7, 0xA8A7, 0xA8A7, 0xA8A7,
    0xA8A7, 0xA8A7, 0xA8A7, 0xA8A7, 0xA8A7, 0xA8A7, 0xA8A7, 0xA8A7, 0xA8A7, 0xA8A7, 0xA8A7, 0xA8A7,
    0xA8A7, 0xA8A7, 0xA8A7, 0xA8A7, 0xA8A7, 0xA8A7, 0xA8A7, 0xA8A7, 0xA8A7, 0xA8A7, 0xA8A7, 0xA8A7,
    0xA8A7, 0xA8A7, 0xA8A7, 0xA8A7, 0xA8A7, 0xA8A7, 0xA8A7, 0xA8A7, 0xA8A7, 0xA8A7, 0xA8A7, 0xA8A7,
    0xA8A7, 0xA8A7, 0xA8A7, 0xA8A7, 0xA8A7, 0xA8A7, 0xA087, 0x2821, 0x0000, 0x0000, 0x0000, 0x0000,
    0x0000, 0x0000, 0x0000, 0x0000, 0x0000, 0x0000, 0x0000, 0x0000, 0x0000, 0x0000, 0x0000, 0x0000,
    0x0000, 0x0000, 0x0000, 0x0000, 0x0000, 0x0000, 0x0000, 0x0000, 0x0000, 0x0000, 0x0000, 0x0000,
    0x0000, 0x0000, 0x0000, 0x0000, 0x0000, 0x0000, 0x0000, 0x0000, 0x0000, 0x0000, 0x0000, 0x0000,
    0x0000, 0x0000, 0x0000, 0x0000, 0x0000, 0x0000, 0x0000, 0x0000, 0x0000, 0x0000, 0x0000, 0x0000,
    0x0000, 0x0000, 0x0000, 0x0000, 0x3021, 0xD0E7, 0xD8E7, 0xD8E7, 0xD8E7, 0xD8E7, 0xD8E7, 0xD8E7,
    0xD8E7, 0xD8E7, 0xD8E7, 0xD8E7, 0xD8E7, 0xD8E7, 0xD8E7, 0xD8E7, 0xD8E7, 0xD8E7, 0xD8E7, 0xD8E7,
    0xD8E7, 0xD8E7, 0xD8E7, 0xD8E7, 0xD8E7, 0xD8E7, 0xD8E7, 0xD8E7, 0xD8E7, 0xD907, 0xD8E7, 0xEBD1,
    0xFFFF, 0xFFFF, 0xFFFF, 0xFFFF, 0xFFFF, 0xFFFF, 0xFFFF, 0xFFFF, 0xFFFF, 0xFFFF, 0xFFFF, 0xFFFF,
    0xFFFF, 0xFFFF, 0xFFFF, 0xFFFF, 0xFFFF, 0xFFFF, 0xFFFF, 0xFFFF, 0xFFFF, 0xFFFF, 0xFFFF, 0xFFFF,
    0xFFFF, 0xFFFF, 0xFFFF, 0xFFFF, 0xFFFF, 0xFFFF, 0xFFFF, 0xFFFF, 0xFFFF, 0xFFFF, 0xFF7D, 0xE32F,
    0xD8A6, 0xD908, 0xD8E7, 0xD8E7, 0xD8E7, 0xD8E7, 0xD8E7, 0xD8E7, 0xD8E7, 0xD8E7, 0xD8E7, 0xD8E7,
    0xD8E7, 0xD8E7, 0xD8E7, 0xD8E7, 0xD8E7, 0xD8E7, 0xD8E7, 0xD8E7, 0xD8E7, 0xD8E7, 0xD8E7, 0xD8E7,
    0xD8E7, 0xD8E7, 0xD8E7, 0xD8E7, 0xD8E7, 0xD8E7, 0xD8E7, 0xD8E7, 0xD8E7, 0xD8E7, 0xD8E7, 0xD8E7,
    0xD8E7, 0xD8E7, 0xD8E7, 0xD8E7, 0xD8E7, 0xD8E7, 0xE908, 0xA8A5, 0x0000, 0x0000, 0x0000, 0x0000,
    0x0000, 0x0000, 0x0000, 0x6044, 0xA8A7, 0xA8A7, 0xA8A7, 0xA8A7, 0xA8A7, 0xA8A7, 0xA8A7, 0xA8A7,
    0xA8A7, 0xA8A7, 0xA8A7, 0xA8A7, 0xA8A7, 0xA8A7, 0xA8A7, 0xA8A7, 0xA8A7, 0xA8A7, 0xA8A7, 0xA8A7,
    0xA8A7, 0xA8A7, 0xA8A7, 0xA8A7, 0xA8A7, 0xA8A7, 0xA8A7, 0xA8A7, 0xA8A7, 0xA8A7, 0xA8A7, 0xA8A7,
    0xA8A7, 0xA8A7, 0xA8A7, 0xA8A7, 0xA8A7, 0xA8A7, 0xA8A7, 0xA8A7, 0xA8A7, 0xA8A7, 0xA8A7, 0xA8A7,
    0xA8A7, 0xA8A7, 0xA8A7, 0xA8A7, 0xA8A7, 0xA8A7, 0xA8A7, 0xA8A7, 0xA8A7, 0xA8A7, 0xA8A7, 0xA8A7,
    0xA8A7, 0xA8A7, 0xA8A7, 0xA8A7, 0xA8A7, 0xA8A7, 0xA087, 0x2821, 0x0000, 0x0000, 0x0000, 0x0000,
    0x0000, 0x0000, 0x0000, 0x0000, 0x0000, 0x0000, 0x0000, 0x0000, 0x0000, 0x0000, 0x0000, 0x0000,
    0x0000, 0x0000, 0x0000, 0x0000, 0x0000, 0x0000, 0x0000, 0x0000, 0x0000, 0x0000, 0x0000, 0x0000,
    0x0000, 0x0000, 0x0000, 0x0000, 0x0000, 0x0000, 0x0000, 0x0000, 0x0000, 0x0000, 0x0000, 0x0000,
    0x0000, 0x0000, 0x0000, 0x0000, 0x0000, 0x0000, 0x0000, 0x0000, 0x0000, 0x0000, 0x0000, 0x0000,
    0x0000, 0x0000, 0x0000, 0x0000, 0x3021, 0xD0E7, 0xD8E7, 0xD8E7, 0xD8E7, 0xD8E7, 0xD8E7, 0xD8E7,
    0xD8E7, 0xD8E7, 0xD8E7, 0xD8E7, 0xD8E7, 0xD8E7, 0xD8E7, 0xD8E7, 0xD8E7, 0xD8E7, 0xD8E7, 0xD8E7,
    0xD8E7, 0xD8E7, 0xD8E7, 0xD8E7, 0xD8E7, 0xD8E7, 0xD8E7, 0xD8E7, 0xD8E7, 0xD907, 0xD8E7, 0xEBD1,
    0xFFFF, 0xFFFF, 0xFFFF, 0xFFFF, 0xFFFF, 0xFFFF, 0xFFFF, 0xFFFF, 0xFFFF, 0xFFFF, 0xFFFF, 0xFFFF,
    0xFFFF, 0xFFFF, 0xFFFF, 0xFFFF, 0xFFFF, 0xFFFF, 0xFFFF, 0xFFFF, 0xFFFF, 0xFFFF, 0xFFFF, 0xFFFF,
    0xFFFF, 0xFFFF, 0xFFFF, 0xFFFF, 0xFFFF, 0xFFFF, 0xFFFF, 0xFFFF, 0xFFFF, 0xFFFF, 0xFF7D, 0xE32F,
    0xD8A6, 0xD908, 0xD8E7, 0xD8E7, 0xD8E7, 0xD8E7, 0xD8E7, 0xD8E7, 0xD8E7, 0xD8E7, 0xD8E7, 0xD8E7,
    0xD8E7, 0xD8E7, 0xD8E7, 0xD8E7, 0xD8E7, 0xD8E7, 0xD8E7, 0xD8E7, 0xD8E7, 0xD8E7, 0xD8E7, 0xD8E7,
    0xD8E7, 0xD8E7, 0xD8E7, 0xD8E7, 0xD8E7, 0xD8E7, 0xD8E7, 0xD8E7, 0xD8E7, 0xD8E7, 0xD8E7, 0xD8E7,
    0xD8E7, 0xD8E7, 0xD8E7, 0xD8E7, 0xD8E7, 0xD8E7, 0xE908, 0xA8A6, 0x0000, 0x0000, 0x0000, 0x0000,
    0x0000, 0x0000, 0x0000, 0x6064, 0xA8A7, 0xA8A7, 0xA8A7, 0xA8A7, 0xA8A7, 0xA8A7, 0xA8A7, 0xA8A7,
    0xA8A7, 0xA8A7, 0xA8A7, 0xA8A7, 0xA8A7, 0xA8A7, 0xA8A7, 0xA8A7, 0xA8A7, 0xA8A7, 0xA8A7, 0xA8A7,
    0xA8A7, 0xA8A7, 0xA8A7, 0xA8A7, 0xA8A7, 0xA8A7, 0xA8A7, 0xA8A7, 0xA8A7, 0xA8A7, 0xA8A7, 0xA8A7,
    0xA8A7, 0xA8A7, 0xA8A7, 0xA8A7, 0xA8A7, 0xA8A7, 0xA8A7, 0xA8A7, 0xA8A7, 0xA8A7, 0xA8A7, 0xA8A7,
    0xA8A7, 0xA8A7, 0xA8A7, 0xA8A7, 0xA8A7, 0xA8A7, 0xA8A7, 0xA8A7, 0xA8A7, 0xA8A7, 0xA8A7, 0xA8A7,
    0xA8A7, 0xA8A7, 0xA8A7, 0xA8A7, 0xA8A7, 0xA8A7, 0xA087, 0x2821, 0x0000, 0x0000, 0x0000, 0x0000,
    0x0000, 0x0000, 0x0000, 0x0000, 0x0000, 0x0000, 0x0000, 0x0000, 0x0000, 0x0000, 0x0000, 0x0000,
    0x0000, 0x0000, 0x0000, 0x0000, 0x0000, 0x0000, 0x0000, 0x0000, 0x0000, 0x0000, 0x0000, 0x0000,
    0x0000, 0x0000, 0x0000, 0x0000, 0x0000, 0x0000, 0x0000, 0x0000, 0x0000, 0x0000, 0x0000, 0x0000,
    0x0000, 0x0000, 0x0000, 0x0000, 0x0000, 0x0000, 0x0000, 0x0000, 0x0000, 0x0000, 0x0000, 0x0000,
    0x0000, 0x0000, 0x0000, 0x0000, 0x3021, 0xD0E7, 0xD8E7, 0xD8E7, 0xD8E7, 0xD8E7, 0xD8E7, 0xD8E7,
    0xD8E7, 0xD8E7, 0xD8E7, 0xD8E7, 0xD8E7, 0xD8E7, 0xD8E7, 0xD8E7, 0xD8E7, 0xD8E7, 0xD8E7, 0xD8E7,
    0xD8E7, 0xD8E7, 0xD8E7, 0xD8E7, 0xD8E7, 0xD8E7, 0xD8E7, 0xD8E7, 0xD8E7, 0xD907, 0xD8E7, 0xEBD1,
    0xFFFF, 0xFFFF, 0xFFFF, 0xFFFF, 0xFFFF, 0xFFFF, 0xFFFF, 0xFFFF, 0xFFFF, 0xFFFF, 0xFFFF, 0xFFFF,
    0xFFFF, 0xFFFF, 0xFFFF, 0xFFFF, 0xFFFF, 0xFFFF, 0xFFFF, 0xFFFF, 0xFFFF, 0xFFFF, 0xFFFF, 0xFFFF,
    0xFFFF, 0xFFFF, 0xFFFF, 0xFFFF, 0xFFFF, 0xFFFF, 0xFFFF, 0xFFFF, 0xFFFF, 0xFFFF, 0xFF7D, 0xE32F,
    0xD8A6, 0xD908, 0xD8E7, 0xD8E7, 0xD8E7, 0xD8E7, 0xD8E7, 0xD8E7, 0xD8E7, 0xD8E7, 0xD8E7, 0xD8E7,
    0xD8E7, 0xD8E7, 0xD8E7, 0xD8E7, 0xD8E7, 0xD8E7, 0xD8E7, 0xD8E7, 0xD8E7, 0xD8E7, 0xD8E7, 0xD8E7,
    0xD8E7, 0xD8E7, 0xD8E7, 0xD8E7, 0xD8E7, 0xD8E7, 0xD8E7, 0xD8E7, 0xD8E7, 0xD8E7, 0xD8E7, 0xD8E7,
    0xD8E7, 0xD8E7, 0xD8E7, 0xD8E7, 0xD8E7, 0xD8E7, 0xE108, 0xA8C6, 0x0800, 0x0000, 0x0000, 0x0000,
    0x0000, 0x0000, 0x0000, 0x6864, 0xA8A7, 0xA8A7, 0xA8A7, 0xA8A7, 0xA8A7, 0xA8A7, 0xA8A7, 0xA8A7,
    0xA8A7, 0xA8A7, 0xA8A7, 0xA8A7, 0xA8A7, 0xA8A7, 0xA8A7, 0xA8A7, 0xA8A7, 0xA8A7, 0xA8A7, 0xA8A7,
    0xA8A7, 0xA8A7, 0xA8A7, 0xA8A7, 0xA8A7, 0xA8A7, 0xA8A7, 0xA8A7, 0xA8A7, 0xA8A7, 0xA8A7, 0xA8A7,
    0xA8A7, 0xA8A7, 0xA8A7, 0xA8A7, 0xA8A7, 0xA8A7, 0xA8A7, 0xA8A7, 0xA8A7, 0xA8A7, 0xA8A7, 0xA8A7,
    0xA8A7, 0xA8A7, 0xA8A7, 0xA8A7, 0xA8A7, 0xA8A7, 0xA8A7, 0xA8A7, 0xA8A7, 0xA8A7, 0xA8A7, 0xA8A7,
    0xA8A7, 0xA8A7, 0xA8A7, 0xA8A7, 0xA8A7, 0xA8A7, 0xA087, 0x2821, 0x0000, 0x0000, 0x0000, 0x0000,
    0x0000, 0x0000, 0x0000, 0x0000, 0x0000, 0x0000, 0x0000, 0x0000, 0x0000, 0x0000, 0x0000, 0x0000,
    0x0000, 0x0000, 0x0000, 0x0000, 0x0000, 0x0000, 0x0000, 0x0000, 0x0000, 0x0000, 0x0000, 0x0000,
    0x0000, 0x0000, 0x0000, 0x0000, 0x0000, 0x0000, 0x0000, 0x0000, 0x0000, 0x0000, 0x0000, 0x0000,
    0x0000, 0x0000, 0x0000, 0x0000, 0x0000, 0x0000, 0x0000, 0x0000, 0x0000, 0x0000, 0x0000, 0x0000,
    0x0000, 0x0000, 0x0000, 0x0000, 0x3021, 0xD0E7, 0xD8E7, 0xD8E7, 0xD8E7, 0xD8E7, 0xD8E7, 0xD8E7,
    0xD8E7, 0xD8E7, 0xD8E7, 0xD8E7, 0xD8E7, 0xD8E7, 0xD8E7, 0xD8E7, 0xD8E7, 0xD8E7, 0xD8E7, 0xD8E7,
    0xD8E7, 0xD8E7, 0xD8E7, 0xD8E7, 0xD8E7, 0xD8E7, 0xD8E7, 0xD8E7, 0xD8E7, 0xD907, 0xD8E7, 0xEBD1,
    0xFFFF, 0xFFFF, 0xFFFF, 0xFFFF, 0xFFFF, 0xFFFF, 0xFFFF, 0xFFFF, 0xFFFF, 0xFFFF, 0xFFFF, 0xFFFF,
    0xFFFF, 0xFFFF, 0xFFFF, 0xFFFF, 0xFFFF, 0xFFFF, 0xFFFF, 0xFFFF, 0xFFFF, 0xFFFF, 0xFFFF, 0xFFFF,
    0xFFFF, 0xFFFF, 0xFFDF, 0xFFDF, 0xFFFF, 0xFFFF, 0xFFFF, 0xFFFF, 0xFFFF, 0xFFFF, 0xFF7E, 0xE32F,
    0xD8A6, 0xD908, 0xD8E7, 0xD8E7, 0xD8E7, 0xD8E7, 0xD8E7, 0xD8E7, 0xD8E7, 0xD8E7, 0xD8E7, 0xD8E7,
    0xD8E7, 0xD8E7, 0xD8E7, 0xD8E7, 0xD8E7, 0xD8E7, 0xD8E7, 0xD8E7, 0xD8E7, 0xD8E7, 0xD8E7, 0xD8E7,
    0xD8E7, 0xD8E7, 0xD8E7, 0xD8E7, 0xD8E7, 0xD8E7, 0xD8E7, 0xD8E7, 0xD8E7, 0xD8E7, 0xD8E7, 0xD8E7,
    0xD8E7, 0xD8E7, 0xD8E7, 0xD8E7, 0xD8E7, 0xD8E7, 0xE108, 0xA8C6, 0x0800, 0x0000, 0x0000, 0x0000,
    0x0000, 0x0000, 0x0000, 0x6864, 0xA8A7, 0xA8A7, 0xA8A7, 0xA8A7, 0xA8A7, 0xA8A7, 0xA8A7, 0xA8A7,
    0xA8A7, 0xA8A7, 0xA8A7, 0xA8A7, 0xA8A7, 0xA8A7, 0xA8A7, 0xA8A7, 0xA8A7, 0xA8A7, 0xA8A7, 0xA8A7,
    0xA8A7, 0xA8A7, 0xA8A7, 0xA8A7, 0xA8A7, 0xA8A7, 0xA8A7, 0xA8A7, 0xA8A7, 0xA8A7, 0xA8A7, 0xA8A7,
    0xA8A7, 0xA8A7, 0xA8A7, 0xA8A7, 0xA8A7, 0xA8A7, 0xA8A7, 0xA8A7, 0xA8A7, 0xA8A7, 0xA8A7, 0xA8A7,
    0xA8A7, 0xA8A7, 0xA8A7, 0xA8A7, 0xA8A7, 0xA8A7, 0xA8A7, 0xA8A7, 0xA8A7, 0xA8A7, 0xA8A7, 0xA8A7,
    0xA8A7, 0xA8A7, 0xA8A7, 0xA8A7, 0xA8A7, 0xA8A7, 0xA087, 0x2021, 0x0000, 0x0000, 0x0000, 0x0000,
    0x0000, 0x0000, 0x0000, 0x0000, 0x0000, 0x0000, 0x0000, 0x0000, 0x0000, 0x0000, 0x0000, 0x0000,
    0x0000, 0x0000, 0x0000, 0x0000, 0x0000, 0x0000, 0x0000, 0x0000, 0x0000, 0x0000, 0x0000, 0x0000,
    0x0000, 0x0000, 0x0000, 0x0000, 0x0000, 0x0000, 0x0000, 0x0000, 0x0000, 0x0000, 0x0000, 0x0000,
    0x0000, 0x0000, 0x0000, 0x0000, 0x0000, 0x0000, 0x0000, 0x0000, 0x0000, 0x0000, 0x0000, 0x0000,
    0x0000, 0x0000, 0x0000, 0x0000, 0x3021, 0xD0E7, 0xD8E7, 0xD8E7, 0xD8E7, 0xD8E7, 0xD8E7, 0xD8E7,
    0xD8E7, 0xD8E7, 0xD8E7, 0xD8E7, 0xD8E7, 0xD8E7, 0xD8E7, 0xD8E7, 0xD8E7, 0xD8E7, 0xD8E7, 0xD8E7,
    0xD8E7, 0xD8E7, 0xD8E7, 0xD8E7, 0xD8E7, 0xD8E7, 0xD8E7, 0xD8E7, 0xD8E7, 0xD907, 0xD8E7, 0xEBD1,
    0xFFDF, 0xFFDF, 0xFFFF, 0xFFFF, 0xFFFF, 0xFFFF, 0xFFFF, 0xFFFF, 0xFFFF, 0xFFFF, 0xFFFF, 0xFFFF,
    0xFFFF, 0xFFFF, 0xFFFF, 0xFFFF, 0xFFFF, 0xFFFF, 0xFFFF, 0xFFFF, 0xFFFF, 0xFFFF, 0xFFFF, 0xFFFF,
    0xFFFF, 0xFFFF, 0xFFFF, 0xFFFF, 0xFFFF, 0xFFFF, 0xFFFF, 0xFFFF, 0xFFFF, 0xFFFF, 0xFEDC, 0xE22C,
    0xD8C7, 0xD908, 0xD8E7, 0xD8E7, 0xD8E7, 0xD8E7, 0xD8E7, 0xD8E7, 0xD8E7, 0xD8E7, 0xD8E7, 0xD8E7,
    0xD8E7, 0xD8E7, 0xD8E7, 0xD8E7, 0xD8E7, 0xD8E7, 0xD8E7, 0xD8E7, 0xD8E7, 0xD8E7, 0xD8E7, 0xD8E7,
    0xD8E7, 0xD8E7, 0xD8E7, 0xD8E7, 0xD8E7, 0xD8E7, 0xD8E7, 0xD8E7, 0xD8E7, 0xD8E7, 0xD8E7, 0xD8E7,
    0xD8E7, 0xD8E7, 0xD8E7, 0xD8E7, 0xD8E7, 0xD8E7, 0xE108, 0xA8C6, 0x0800, 0x0000, 0x0000, 0x0000,
    0x0000, 0x0000, 0x0000, 0x7065, 0xB0A7, 0xA8A7, 0xA8A7, 0xA8A7, 0xA8A7, 0xA8A7, 0xA8A7, 0xA8A7,
    0xA8A7, 0xA8A7, 0xA8A7, 0xA8A7, 0xA8A7, 0xA8A7, 0xA8A7, 0xA8A7, 0xA8A7, 0xA8A7, 0xA8A7, 0xA8A7,
    0xA8A7, 0xA8A7, 0xA8A7, 0xA8A7, 0xA8A7, 0xA8A7, 0xA8A7, 0xA8A7, 0xA8A7, 0xA8A7, 0xA8A7, 0xA8A7,
    0xA8A7, 0xA8A7, 0xA8A7, 0xA8A7, 0xA8A7, 0xA8A7, 0xA8A7, 0xA8A7, 0xA8A7, 0xA8A7, 0xA8A7, 0xA8A7,
    0xA8A7, 0xA8A7, 0xA8A7, 0xA8A7, 0xA8A7, 0xA8A7, 0xA8A7, 0xA8A7, 0xA8A7, 0xA8A7, 0xA8A7, 0xA8A7,
    0xA8A7, 0xA8A7, 0xA8A7, 0xA8A7, 0xA8A7, 0xA8A7, 0xA087, 0x2821, 0x0000, 0x0000, 0x0000, 0x0000,
    0x0000, 0x0000, 0x0000, 0x0000, 0x0000, 0x0000, 0x0000, 0x0000, 0x0000, 0x0000, 0x0000, 0x0000,
    0x0000, 0x0000, 0x0000, 0x0000, 0x0000, 0x0000, 0x0000, 0x0000, 0x0000, 0x0000, 0x0000, 0x0000,
    0x0000, 0x0000, 0x0000, 0x0000, 0x0000, 0x0000, 0x0000, 0x0000, 0x0000, 0x0000, 0x0000, 0x0000,
    0x0000, 0x0000, 0x0000, 0x0000, 0x0000, 0x0000, 0x0000, 0x0000, 0x0000, 0x0000, 0x0000, 0x0000,
    0x0000, 0x0000, 0x0000, 0x0000, 0x3021, 0xD0E7, 0xD8E7, 0xD8E7, 0xD8E7, 0xD8E7, 0xD8E7, 0xD8E7,
    0xD8E7, 0xD8E7, 0xD8E7, 0xD8E7, 0xD8E7, 0xD8E7, 0xD8E7, 0xD8E7, 0xD8E7, 0xD8E7, 0xD8E7, 0xD8E7,
    0xD8E7, 0xD8E7, 0xD8E7, 0xD8E7, 0xD8E7, 0xD8E7, 0xD8E7, 0xD8E7, 0xD8E7, 0xD907, 0xD8E7, 0xEB70,
    0xFFFF, 0xFFFF, 0xFFFF, 0xFFFF, 0xFFFF, 0xFFFF, 0xFFFF, 0xFFFF, 0xFFFF, 0xFFFF, 0xFFFF, 0xFFFF,
    0xFFFF, 0xFFFF, 0xFFFF, 0xFFFF, 0xFFFF, 0xFFFF, 0xFFFF, 0xFFFF, 0xFF9E, 0xF639, 0xF639, 0xF619,
    0xF5F8, 0xF5D8, 0xF5B7, 0xF597, 0xF556, 0xF536, 0xECF5, 0xECB4, 0xEC73, 0xEC94, 0xE32F, 0xD8A7,
    0xD908, 0xD8E7, 0xD8E7, 0xD8E7, 0xD8E7, 0xD8E7, 0xD8E7, 0xD8E7, 0xD8E7, 0xD8E7, 0xD8E7, 0xD8E7,
    0xD8E7, 0xD8E7, 0xD8E7, 0xD8E7, 0xD8E7, 0xD8E7, 0xD8E7, 0xD8E7, 0xD8E7, 0xD8E7, 0xD8E7, 0xD8E7,
    0xD8E7, 0xD8E7, 0xD8E7, 0xD8E7, 0xD8E7, 0xD8E7, 0xD8E7, 0xD8E7, 0xD8E7, 0xD8E7, 0xD8E7, 0xD8E7,
    0xD8E7, 0xD8E7, 0xD8E7, 0xD8E7, 0xD8E7, 0xD8E7, 0xE108, 0xB0C6, 0x1000, 0x0000, 0x0000, 0x0000,
    0x0000, 0x0000, 0x0000, 0x7065, 0xB0A7, 0xA8A7, 0xA8A7, 0xA8A7, 0xA8A7, 0xA8A7, 0xA8A7, 0xA8A7,
    0xA8A7, 0xA8A7, 0xA8A7, 0xA8A7, 0xA8A7, 0xA8A7, 0xA8A7, 0xA8A7, 0xA8A7, 0xA8A7, 0xA8A7, 0xA8A7,
    0xA8A7, 0xA8A7, 0xA8A7, 0xA8A7, 0xA8A7, 0xA8A7, 0xA8A7, 0xA8A7, 0xA8A7, 0xA8A7, 0xA8A7, 0xA8A7,
    0xA8A7, 0xA8A7, 0xA8A7, 0xA8A7, 0xA8A7, 0xA8A7, 0xA8A7, 0xA8A7, 0xA8A7, 0xA8A7, 0xA8A7, 0xA8A7,
    0xA8A7, 0xA8A7, 0xA8A7, 0xA8A7, 0xA8A7, 0xA8A7, 0xA8A7, 0xA8A7, 0xA8A7, 0xA8A7, 0xA8A7, 0xA8A7,
    0xA8A7, 0xA8A7, 0xA8A7, 0xA8A7, 0xA8A7, 0xA8A7, 0xA087, 0x2821, 0x0000, 0x0000, 0x0000, 0x0000,
    0x0000, 0x0000, 0x0000, 0x0000, 0x0000, 0x0000, 0x0000, 0x0000, 0x0000, 0x0000, 0x0000, 0x0000,
    0x0000, 0x0000, 0x0000, 0x0000, 0x0000, 0x0000, 0x0000, 0x0000, 0x0000, 0x0000, 0x0000, 0x0000,
    0x0000, 0x0000, 0x0000, 0x0000, 0x0000, 0x0000, 0x0000, 0x0000, 0x0000, 0x0000, 0x0000, 0x0000,
    0x0000, 0x0000, 0x0000, 0x0000, 0x0000, 0x0000, 0x0000, 0x0000, 0x0000, 0x0000, 0x0000, 0x0000,
    0x0000, 0x0000, 0x0000, 0x0000, 0x3021, 0xD0E7, 0xD8E7, 0xD8E7, 0xD8E7, 0xD8E7, 0xD8E7, 0xD8E7,
    0xD8E7, 0xD8E7, 0xD8E7, 0xD8E7, 0xD8E7, 0xD8E7, 0xD8E7, 0xD8E7, 0xD8E7, 0xD8E7, 0xD8E7, 0xD8E7,
    0xD8E7, 0xD8E7, 0xD8E7, 0xD8E7, 0xD8E7, 0xD8E7, 0xD8E7, 0xD8E7, 0xD8E7, 0xD8E7, 0xD8E7, 0xD9CA,
    0xF4F5, 0xECD5, 0xEC94, 0xEC73, 0xEC53, 0xEC12, 0xEBD1, 0xF65A, 0xFFFF, 0xFFFF, 0xFFFF, 0xFFFF,
    0xFFFF, 0xFFFF, 0xFFFF, 0xFFFF, 0xFFFF, 0xFFFF, 0xFFFF, 0xFFDF, 0xECB4, 0xD907, 0xD948, 0xD907,
    0xD8C7, 0xD8A6, 0xD866, 0xD025, 0xD045, 0xD045, 0xD845, 0xD845, 0xD865, 0xD865, 0xD8A6, 0xD908,
    0xD8E7, 0xD8E7, 0xD8E7, 0xD8E7, 0xD8E7, 0xD8E7, 0xD8E7, 0xD8E7, 0xD8E7, 0xD8E7, 0xD8E7, 0xD8E7,
    0xD8E7, 0xD8E7, 0xD8E7, 0xD8E7, 0xD8E7, 0xD8E7, 0xD8E7, 0xD8E7, 0xD8E7, 0xD8E7, 0xD8E7, 0xD8E7,
    0xD8E7, 0xD8E7, 0xD8E7, 0xD8E7, 0xD8E7, 0xD8E7, 0xD8E7, 0xD8E7, 0xD8E7, 0xD8E7, 0xD8E7, 0xD8E7,
    0xD8E7, 0xD8E7, 0xD8E7, 0xD8E7, 0xD8E7, 0xD8E7, 0xE108, 0xB0C6, 0x1000, 0x0000, 0x0000, 0x0000,
    0x0000, 0x0000, 0x0000, 0x7865, 0xB0A7, 0xA8A7, 0xA8A7, 0xA8A7, 0xA8A7, 0xA8A7, 0xA8A7, 0xA8A7,
    0xA8A7, 0xA8A7, 0xA8A7, 0xA8A7, 0xA8A7, 0xA8A7, 0xA8A7, 0xA8A7, 0xA8A7, 0xA8A7, 0xA8A7, 0xA8A7,
    0xA8A7, 0xA8A7, 0xA8A7, 0xA8A7, 0xA8A7, 0xA8A7, 0xA8A7, 0xA8A7, 0xA8A7, 0xA8A7, 0xA8A7, 0xA8A7,
    0xA8A7, 0xA8A7, 0xA8A7, 0xA8A7, 0xA8A7, 0xA8A7, 0xA8A7, 0xA8A7, 0xA8A7, 0xA8A7, 0xA8A7, 0xA8A7,
    0xA8A7, 0xA8A7, 0xA8A7, 0xA8A7, 0xA8A7, 0xA8A7, 0xA8A7, 0xA8A7, 0xA8A7, 0xA8A7, 0xA8A7, 0xA8A7,
    0xA8A7, 0xA8A7, 0xA8A7, 0xA8A7, 0xA8A7, 0xA8A7, 0xA087, 0x2821, 0x0000, 0x0000, 0x0000, 0x0000,
    0x0000, 0x0000, 0x0000, 0x0000, 0x0000, 0x0000, 0x0000, 0x0000, 0x0000, 0x0000, 0x0000, 0x0000,
    0x0000, 0x0000, 0x0000, 0x0000, 0x0000, 0x0000, 0x0000, 0x0000, 0x0000, 0x0000, 0x0000, 0x0000,
    0x0000, 0x0000, 0x0000, 0x0000, 0x0000, 0x0000, 0x0000, 0x0000, 0x0000, 0x0000, 0x0000, 0x0000,
    0x0000, 0x0000, 0x0000, 0x0000, 0x0000, 0x0000, 0x0000, 0x0000, 0x0000, 0x0000, 0x0000, 0x0000,
    0x0000, 0x0000, 0x0000, 0x0000, 0x3021, 0xD0E7, 0xD8E7, 0xD8E7, 0xD8E7, 0xD8E7, 0xD8E7, 0xD8E7,
    0xD8E7, 0xD8E7, 0xD8E7, 0xD8E7, 0xD8E7, 0xD8E7, 0xD8E7, 0xD8E7, 0xD8E7, 0xD8E7, 0xD8E7, 0xD8E7,
    0xD8E7, 0xD8E7, 0xD8E7, 0xD8E7, 0xD8E7, 0xD8E7, 0xD8E7, 0xD8E7, 0xD8E7, 0xD8E7, 0xD8E7, 0xD8C7,
    0xD025, 0xD045, 0xD845, 0xD845, 0xD865, 0xD886, 0xD003, 0xEC32, 0xFFFF, 0xFFDF, 0xFFFF, 0xFFFF,
    0xFFFF, 0xFFFF, 0xFFFF, 0xFFFF, 0xFFFF, 0xFFFF, 0xFFFF, 0xFF9E, 0xE32F, 0xD886, 0xD908, 0xD907,
    0xD908, 0xD908, 0xD928, 0xD928, 0xD928, 0xD928, 0xD928, 0xD928, 0xD928, 0xD928, 0xD908, 0xD8E7,
    0xD8E7, 0xD8E7, 0xD8E7, 0xD8E7, 0xD8E7, 0xD8E7, 0xD8E7, 0xD8E7, 0xD8E7, 0xD8E7, 0xD8E7, 0xD8E7,
    0xD8E7, 0xD8E7, 0xD8E7, 0xD8E7, 0xD8E7, 0xD8E7, 0xD8E7, 0xD8E7, 0xD8E7, 0xD8E7, 0xD8E7, 0xD8E7,
    0xD8E7, 0xD8E7, 0xD8E7, 0xD8E7, 0xD8E7, 0xD8E7, 0xD8E7, 0xD8E7, 0xD8E7, 0xD8E7, 0xD8E7, 0xD8E7,
    0xD8E7, 0xD8E7, 0xD8E7, 0xD8E7, 0xD8E7, 0xD8E7, 0xE108, 0xB0C6, 0x1000, 0x0000, 0x0000, 0x0000,
    0x0000, 0x0000, 0x0000, 0x7865, 0xB0A7, 0xA8A7, 0xA8A7, 0xA8A7, 0xA8A7, 0xA8A7, 0xA8A7, 0xA8A7,
    0xA8A7, 0xA8A7, 0xA8A7, 0xA8A7, 0xA8A7, 0xA8A7, 0xA8A7, 0xA8A7, 0xA8A7, 0xA8A7, 0xA8A7, 0xA8A7,
    0xA8A7, 0xA8A7, 0xA8A7, 0xA8A7, 0xA8A7, 0xA8A7, 0xA8A7, 0xA8A7, 0xA8A7, 0xA8A7, 0xA8A7, 0xA8A7,
    0xA8A7, 0xA8A7, 0xA8A7, 0xA8A7, 0xA8A7, 0xA8A7, 0xA8A7, 0xA8A7, 0xA8A7, 0xA8A7, 0xA8A7, 0xA8A7,
    0xA8A7, 0xA8A7, 0xA8A7, 0xA8A7, 0xA8A7, 0xA8A7, 0xA8A7, 0xA8A7, 0xA8A7, 0xA8A7, 0xA8A7, 0xA8A7,
    0xA8A7, 0xA8A7, 0xA8A7, 0xA8A7, 0xA8A7, 0xA8A7, 0xA087, 0x2021, 0x0000, 0x0000, 0x0000, 0x0000,
    0x0000, 0x0000, 0x0000, 0x0000, 0x0000, 0x0000, 0x0000, 0x0000, 0x0000, 0x0000, 0x0000, 0x0000,
    0x0000, 0x0000, 0x0000, 0x0000, 0x0000, 0x0000, 0x0000, 0x0000, 0x0000, 0x0000, 0x0000, 0x0000,
    0x0000, 0x0000, 0x0000, 0x0000, 0x0000, 0x0000, 0x0000, 0x0000, 0x0000, 0x0000, 0x0000, 0x0000,
    0x0000, 0x0000, 0x0000, 0x0000, 0x0000, 0x0000, 0x0000, 0x0000, 0x0000, 0x0000, 0x0000, 0x0000,
    0x0000, 0x0000, 0x0000, 0x0000, 0x3021, 0xD0E7, 0xD8E7, 0xD8E7, 0xD8E7, 0xD8E7, 0xD8E7, 0xD8E7,
    0xD8E7, 0xD8E7, 0xD8E7, 0xD8E7, 0xD8E7, 0xD8E7, 0xD8E7, 0xD8E7, 0xD8E7, 0xD8E7, 0xD8E7, 0xD8E7,
    0xD8E7, 0xD8E7, 0xD8E7, 0xD8E7, 0xD8E7, 0xD8E7, 0xD8E7, 0xD8E7, 0xD8E7, 0xD8E7, 0xD8E7, 0xD907,
    0xD928, 0xD928, 0xD928, 0xD928, 0xD928, 0xD948, 0xD865, 0xEC53, 0xFFFF, 0xFFDF, 0xFFFF, 0xFFFF,
    0xFFFF, 0xFFFF, 0xFFFF, 0xFFFF, 0xFFFF, 0xFFFF, 0xFFFF, 0xFF9E, 0xE370, 0xD8A6, 0xD928, 0xD907,
    0xD907, 0xD907, 0xD8E7, 0xD8E7, 0xD8E7, 0xD8E7, 0xD8E7, 0xD8E7, 0xD8E7, 0xD8E7, 0xD8E7, 0xD8E7,
    0xD8E7, 0xD8E7, 0xD8E7, 0xD8E7, 0xD8E7, 0xD8E7, 0xD8E7, 0xD8E7, 0xD8E7, 0xD8E7, 0xD8E7, 0xD8E7,
    0xD8E7, 0xD8E7, 0xD8E7, 0xD8E7, 0xD8E7, 0xD8E7, 0xD8E7, 0xD8E7, 0xD8E7, 0xD8E7, 0xD8E7, 0xD8E7,
    0xD8E7, 0xD8E7, 0xD8E7, 0xD8E7, 0xD8E7, 0xD8E7, 0xD8E7, 0xD8E7, 0xD8E7, 0xD8E7, 0xD8E7, 0xD8E7,
    0xD8E7, 0xD8E7, 0xD8E7, 0xD8E7, 0xD8E7, 0xD8E7, 0xE108, 0xB0C6, 0x1000, 0x0000, 0x0000, 0x0000,
    0x0000, 0x0000, 0x0000, 0x8065, 0xB0A7, 0xA8A7, 0xA8A7, 0xA8A7, 0xA8A7, 0xA8A7, 0xA8A7, 0xA8A7,
    0xA8A7, 0xA8A7, 0xA8A7, 0xA8A7, 0xA8A7, 0xA8A7, 0xA8A7, 0xA8A7, 0xA8A7, 0xA8A7, 0xA8A7, 0xA8A7,
    0xA8A7, 0xA8A7, 0xA8A7, 0xA8A7, 0xA8A7, 0xA8A7, 0xA8A7, 0xA8A7, 0xA8A7, 0xA8A7, 0xA8A7, 0xA8A7,
    0xA8A7, 0xA8A7, 0xA8A7, 0xA8A7, 0xA8A7, 0xA8A7, 0xA8A7, 0xA8A7, 0xA8A7, 0xA8A7, 0xA8A7, 0xA8A7,
    0xA8A7, 0xA8A7, 0xA8A7, 0xA8A7, 0xA8A7, 0xA8A7, 0xA8A7, 0xA8A7, 0xA8A7, 0xA8A7, 0xA8A7, 0xA8A7,
    0xA8A7, 0xA8A7, 0xA8A7, 0xA8A7, 0xA8A7, 0xA8A7, 0xA087, 0x2021, 0x0000, 0x0000, 0x0000, 0x0000,
    0x0000, 0x0000, 0x0000, 0x0000, 0x0000, 0x0000, 0x0000, 0x0000, 0x0000, 0x0000, 0x0000, 0x0000,
    0x0000, 0x0000, 0x0000, 0x0000, 0x0000, 0x0000, 0x0000, 0x0000, 0x0000, 0x0000, 0x0000, 0x0000,
    0x0000, 0x0000, 0x0000, 0x0000, 0x0000, 0x0000, 0x0000, 0x0000, 0x0000, 0x0000, 0x0000, 0x0000,
    0x0000, 0x0000, 0x0000, 0x0000, 0x0000, 0x0000, 0x0000, 0x0000, 0x0000, 0x0000, 0x0000, 0x0000,
    0x0000, 0x0000, 0x0000, 0x0000, 0x3021, 0xD0E7, 0xD8E7, 0xD8E7, 0xD8E7, 0xD8E7, 0xD8E7, 0xD8E7,
    0xD8E7, 0xD8E7, 0xD8E7, 0xD8E7, 0xD8E7, 0xD8E7, 0xD8E7, 0xD8E7, 0xD8E7, 0xD8E7, 0xD8E7, 0xD8E7,
    0xD8E7, 0xD8E7, 0xD8E7, 0xD8E7, 0xD8E7, 0xD8E7, 0xD8E7, 0xD8E7, 0xD8E7, 0xD8E7, 0xD8E7, 0xD8E7,
    0xD8E7, 0xD8E7, 0xD8E7, 0xD8E7, 0xD8E7, 0xD928, 0xD845, 0xEC33, 0xFFFF, 0xFFDF, 0xFFFF, 0xFFFF,
    0xFFFF, 0xFFFF, 0xFFFF, 0xFFFF, 0xFFFF, 0xFFFF, 0xFFFF, 0xFF9E, 0xE350, 0xD886, 0xD908, 0xD8E7,
    0xD8E7, 0xD8E7, 0xD8E7, 0xD8E7, 0xD8E7, 0xD8E7, 0xD8E7, 0xD8E7, 0xD8E7, 0xD8E7, 0xD8E7, 0xD8E7,
    0xD8E7, 0xD8E7, 0xD8E7, 0xD8E7, 0xD8E7, 0xD8E7, 0xD8E7, 0xD8E7, 0xD8E7, 0xD8E7, 0xD8E7, 0xD8E7,
    0xD8E7, 0xD8E7, 0xD8E7, 0xD8E7, 0xD8E7, 0xD8E7, 0xD8E7, 0xD8E7, 0xD8E7, 0xD8E7, 0xD8E7, 0xD8E7,
    0xD8E7, 0xD8E7, 0xD8E7, 0xD8E7, 0xD8E7, 0xD8E7, 0xD8E7, 0xD8E7, 0xD8E7, 0xD8E7, 0xD8E7, 0xD8E7,
    0xD8E7, 0xD8E7, 0xD8E7, 0xD8E7, 0xD8E7, 0xD8E7, 0xE108, 0xB0C6, 0x1820, 0x0000, 0x0000, 0x0000,
    0x0000, 0x0000, 0x0000, 0x8065, 0xB0A7, 0xA8A7, 0xA8A7, 0xA8A7, 0xA8A7, 0xA8A7, 0xA8A7, 0xA8A7,
    0xA8A7, 0xA8A7, 0xA8A7, 0xA8A7, 0xA8A7, 0xA8A7, 0xA8A7, 0xA8A7, 0xA8A7, 0xA8A7, 0xA8A7, 0xA8A7,
    0xA8A7, 0xA8A7, 0xA8A7, 0xA8A7, 0xA8A7, 0xA8A7, 0xA8A7, 0xA8A7, 0xA8A7, 0xA8A7, 0xA8A7, 0xA8A7,
    0xA8A7, 0xA8A7, 0xA8A7, 0xA8A7, 0xA8A7, 0xA8A7, 0xA8A7, 0xA8A7, 0xA8A7, 0xA8A7, 0xA8A7, 0xA8A7,
    0xA8A7, 0xA8A7, 0xA8A7, 0xA8A7, 0xA8A7, 0xA8A7, 0xA8A7, 0xA8A7, 0xA8A7, 0xA8A7, 0xA8A7, 0xA8A7,
    0xA8A7, 0xA8A7, 0xA8A7, 0xA8A7, 0xA8A7, 0xA8A7, 0xA087, 0x2821, 0x0000, 0x0000, 0x0000, 0x0000,
    0x0000, 0x0000, 0x0000, 0x0000, 0x0000, 0x0000, 0x0000, 0x0000, 0x0000, 0x0000, 0x0000, 0x0000,
    0x0000, 0x0000, 0x0000, 0x0000, 0x0000, 0x0000, 0x0000, 0x0000, 0x0000, 0x0000, 0x0000, 0x0000,
    0x0000, 0x0000, 0x0000, 0x0000, 0x0000, 0x0000, 0x0000, 0x0000, 0x0000, 0x0000, 0x0000, 0x0000,
    0x0000, 0x0000, 0x0000, 0x0000, 0x0000, 0x0000, 0x0000, 0x0000, 0x0000, 0x0000, 0x0000, 0x0000,
    0x0000, 0x0000, 0x0000, 0x0000, 0x3021, 0xD0E7, 0xD8E7, 0xD8E7, 0xD8E7, 0xD8E7, 0xD8E7, 0xD8E7,
    0xD8E7, 0xD8E7, 0xD8E7, 0xD8E7, 0xD8E7, 0xD8E7, 0xD8E7, 0xD8E7, 0xD8E7, 0xD8E7, 0xD8E7, 0xD8E7,
    0xD8E7, 0xD8E7, 0xD8E7, 0xD8E7, 0xD8E7, 0xD8E7, 0xD8E7, 0xD8E7, 0xD8E7, 0xD8E7, 0xD8E7, 0xD8E7,
    0xD8E7, 0xD8E7, 0xD8E7, 0xD8E7, 0xD8E7, 0xD928, 0xD845, 0xEC33, 0xFFFF, 0xFFDF, 0xFFFF, 0xFFFF,
    0xFFFF, 0xFFFF, 0xFFFF, 0xFFFF, 0xFFFF, 0xFFFF, 0xFFFF, 0xFF9E, 0xE350, 0xD886, 0xD908, 0xD8E7,
    0xD8E7, 0xD8E7, 0xD8E7, 0xD8E7, 0xD8E7, 0xD8E7, 0xD8E7, 0xD8E7, 0xD8E7, 0xD8E7, 0xD8E7, 0xD8E7,
    0xD8E7, 0xD8E7, 0xD8E7, 0xD8E7, 0xD8E7, 0xD8E7, 0xD8E7, 0xD8E7, 0xD8E7, 0xD8E7, 0xD8E7, 0xD8E7,
    0xD8E7, 0xD8E7, 0xD8E7, 0xD8E7, 0xD8E7, 0xD8E7, 0xD8E7, 0xD8E7, 0xD8E7, 0xD8E7, 0xD8E7, 0xD8E7,
    0xD8E7, 0xD8E7, 0xD8E7, 0xD8E7, 0xD8E7, 0xD8E7, 0xD8E7, 0xD8E7, 0xD8E7, 0xD8E7, 0xD8E7, 0xD8E7,
    0xD8E7, 0xD8E7, 0xD8E7, 0xD8E7, 0xD8E7, 0xD8E7, 0xE108, 0xB0C6, 0x1821, 0x0000, 0x0000, 0x0000,
    0x0000, 0x0000, 0x0000, 0x8085, 0xB0A7, 0xA8A7, 0xA8A7, 0xA8A7, 0xA8A7, 0xA8A7, 0xA8A7, 0xA8A7,
    0xA8A7, 0xA8A7, 0xA8A7, 0xA8A7, 0xA8A7, 0xA8A7, 0xA8A7, 0xA8A7, 0xA8A7, 0xA8A7, 0xA8A7, 0xA8A7,
    0xA8A7, 0xA8A7, 0xA8A7, 0xA8A7, 0xA8A7, 0xA8A7, 0xA8A7, 0xA8A7, 0xA8A7, 0xA8A7, 0xA8A7, 0xA8A7,
    0xA8A7, 0xA8A7, 0xA8A7, 0xA8A7, 0xA8A7, 0xA8A7, 0xA8A7, 0xA8A7, 0xA8A7, 0xA8A7, 0xA8A7, 0xA8A7,
    0xA8A7, 0xA8A7, 0xA8A7, 0xA8A7, 0xA8A7, 0xA8A7, 0xA8A7, 0xA8A7, 0xA8A7, 0xA8A7, 0xA8A7, 0xA8A7,
    0xA8A7, 0xA8A7, 0xA8A7, 0xA8A7, 0xA8A7, 0xA8A7, 0xA087, 0x2821, 0x0000, 0x0000, 0x0000, 0x0000,
    0x0000, 0x0000, 0x0000, 0x0000, 0x0000, 0x0000, 0x0000, 0x0000, 0x0000, 0x0000, 0x0000, 0x0000,
    0x0000, 0x0000, 0x0000, 0x0000, 0x0000, 0x0000, 0x0000, 0x0000, 0x0000, 0x0000, 0x0000, 0x0000,
    0x0000, 0x0000, 0x0000, 0x0000, 0x0000, 0x0000, 0x0000, 0x0000, 0x0000, 0x0000, 0x0000, 0x0000,
    0x0000, 0x0000, 0x0000, 0x0000, 0x0000, 0x0000, 0x0000, 0x0000, 0x0000, 0x0000, 0x0000, 0x0000,
    0x0000, 0x0000, 0x0000, 0x0000, 0x3021, 0xD0E7, 0xD8E7, 0xD8E7, 0xD8E7, 0xD8E7, 0xD8E7, 0xD8E7,
    0xD8E7, 0xD8E7, 0xD8E7, 0xD8E7, 0xD8E7, 0xD8E7, 0xD8E7, 0xD8E7, 0xD8E7, 0xD8E7, 0xD8E7, 0xD8E7,
    0xD8E7, 0xD8E7, 0xD8E7, 0xD8E7, 0xD8E7, 0xD8E7, 0xD8E7, 0xD8E7, 0xD8E7, 0xD8E7, 0xD8E7, 0xD8E7,
    0xD8E7, 0xD8E7, 0xD8E7, 0xD8E7, 0xD8E7, 0xD928, 0xD845, 0xEC33, 0xFFFF, 0xFFDF, 0xFFFF, 0xFFFF,
    0xFFFF, 0xFFFF, 0xFFFF, 0xFFFF, 0xFFFF, 0xFFFF, 0xFFFF, 0xFF9E, 0xE350, 0xD886, 0xD908, 0xD8E7,
    0xD8E7, 0xD8E7, 0xD8E7, 0xD8E7, 0xD8E7, 0xD8E7, 0xD8E7, 0xD8E7, 0xD8E7, 0xD8E7, 0xD8E7, 0xD8E7,
    0xD8E7, 0xD8E7, 0xD8E7, 0xD8E7, 0xD8E7, 0xD8E7, 0xD8E7, 0xD8E7, 0xD8E7, 0xD8E7, 0xD8E7, 0xD8E7,
    0xD8E7, 0xD8E7, 0xD8E7, 0xD8E7, 0xD8E7, 0xD8E7, 0xD8E7, 0xD8E7, 0xD8E7, 0xD8E7, 0xD8E7, 0xD8E7,
    0xD8E7, 0xD8E7, 0xD8E7, 0xD8E7, 0xD8E7, 0xD8E7, 0xD8E7, 0xD8E7, 0xD8E7, 0xD8E7, 0xD8E7, 0xD8E7,
    0xD8E7, 0xD8E7, 0xD8E7, 0xD8E7, 0xD8E7, 0xD8E7, 0xE108, 0xB0C6, 0x1821, 0x0000, 0x0000, 0x0000,
    0x0000, 0x0000, 0x0000, 0x8886, 0xB0A7, 0xA8A7, 0xA8A7, 0xA8A7, 0xA8A7, 0xA8A7, 0xA8A7, 0xA8A7,
    0xA8A7, 0xA8A7, 0xA8A7, 0xA8A7, 0xA8A7, 0xA8A7, 0xA8A7, 0xA8A7, 0xA8A7, 0xA8A7, 0xA8A7, 0xA8A7,
    0xA8A7, 0xA8A7, 0xA8A7, 0xA8A7, 0xA8A7, 0xA8A7, 0xA8A7, 0xA8A7, 0xA8A7, 0xA8A7, 0xA8A7, 0xA8A7,
    0xA8A7, 0xA8A7, 0xA8A7, 0xA8A7, 0xA8A7, 0xA8A7, 0xA8A7, 0xA8A7, 0xA8A7, 0xA8A7, 0xA8A7, 0xA8A7,
    0xA8A7, 0xA8A7, 0xA8A7, 0xA8A7, 0xA8A7, 0xA8A7, 0xA8A7, 0xA8A7, 0xA8A7, 0xA8A7, 0xA8A7, 0xA8A7,
    0xA8A7, 0xA8A7, 0xA8A7, 0xA8A7, 0xA8A7, 0xA8A7, 0xA087, 0x2821, 0x0000, 0x0000, 0x0000, 0x0000,
    0x0000, 0x0000, 0x0000, 0x0000, 0x0000, 0x0000, 0x0000, 0x0000, 0x0000, 0x0000, 0x0000, 0x0000,
    0x0000, 0x0000, 0x0000, 0x0000, 0x0000, 0x0000, 0x0000, 0x0000, 0x0000, 0x0000, 0x0000, 0x0000,
    0x0000, 0x0000, 0x0000, 0x0000, 0x0000, 0x0000, 0x0000, 0x0000, 0x0000, 0x0000, 0x0000, 0x0000,
    0x0000, 0x0000, 0x0000, 0x0000, 0x0000, 0x0000, 0x0000, 0x0000, 0x0000, 0x0000, 0x0000, 0x0000,
    0x0000, 0x0000, 0x0000, 0x0000, 0x3021, 0xD0E7, 0xD8E7, 0xD8E7, 0xD8E7, 0xD8E7, 0xD8E7, 0xD8E7,
    0xD8E7, 0xD8E7, 0xD8E7, 0xD8E7, 0xD8E7, 0xD8E7, 0xD8E7, 0xD8E7, 0xD8E7, 0xD8E7, 0xD8E7, 0xD8E7,
    0xD8E7, 0xD8E7, 0xD8E7, 0xD8E7, 0xD8E7, 0xD8E7, 0xD8E7, 0xD8E7, 0xD8E7, 0xD8E7, 0xD8E7, 0xD8E7,
    0xD8E7, 0xD8E7, 0xD8E7, 0xD8E7, 0xD8E7, 0xD928, 0xD845, 0xEC33, 0xFFFF, 0xFFDF, 0xFFFF, 0xFFFF,
    0xFFFF, 0xFFFF, 0xFFFF, 0xFFFF, 0xFFFF, 0xFFFF, 0xFFFF, 0xFF9E, 0xE350, 0xD886, 0xD908, 0xD8E7,
    0xD8E7, 0xD8E7, 0xD8E7, 0xD8E7, 0xD8E7, 0xD8E7, 0xD8E7, 0xD8E7, 0xD8E7, 0xD8E7, 0xD8E7, 0xD8E7,
    0xD8E7, 0xD8E7, 0xD8E7, 0xD8E7, 0xD8E7, 0xD8E7, 0xD8E7, 0xD8E7, 0xD8E7, 0xD8E7, 0xD8E7, 0xD8E7,
    0xD8E7, 0xD8E7, 0xD8E7, 0xD8E7, 0xD8E7, 0xD8E7, 0xD8E7, 0xD8E7, 0xD8E7, 0xD8E7, 0xD8E7, 0xD8E7,
    0xD8E7, 0xD8E7, 0xD8E7, 0xD8E7, 0xD8E7, 0xD8E7, 0xD8E7, 0xD8E7, 0xD8E7, 0xD8E7, 0xD8E7, 0xD8E7,
    0xD8E7, 0xD8E7, 0xD8E7, 0xD8E7, 0xD8E7, 0xD8E7, 0xE108, 0xB8C6, 0x2021, 0x0000, 0x0000, 0x0000,
    0x0000, 0x0000, 0x0000, 0x9086, 0xB0A8, 0xA8A7, 0xA8A7, 0xA8A7, 0xA8A7, 0xA8A7, 0xA8A7, 0xA8A7,
    0xA8A7, 0xA8A7, 0xA8A7, 0xA8A7, 0xA8A7, 0xA8A7, 0xA8A7, 0xA8A7, 0xA8A7, 0xA8A7, 0xA8A7, 0xA8A7,
    0xA8A7, 0xA8A7, 0xA8A7, 0xA8A7, 0xA8A7, 0xA8A7, 0xA8A7, 0xA8A7, 0xA8A7, 0xA8A7, 0xA8A7, 0xA8A7,
    0xA8A7, 0xA8A7, 0xA8A7, 0xA8A7, 0xA8A7, 0xA8A7, 0xA8A7, 0xA8A7, 0xA8A7, 0xA8A7, 0xA8A7, 0xA8A7,
    0xA8A7, 0xA8A7, 0xA8A7, 0xA8A7, 0xA8A7, 0xA8A7, 0xA8A7, 0xA8A7, 0xA8A7, 0xA8A7, 0xA8A7, 0xA8A7,
    0xA8A7, 0xA8A7, 0xA8A7, 0xA8A7, 0xA8A7, 0xA8A7, 0xA087, 0x2021, 0x0000, 0x0000, 0x0000, 0x0000,
    0x0000, 0x0000, 0x0000, 0x0000, 0x0000, 0x0000, 0x0000, 0x0000, 0x0000, 0x0000, 0x0000, 0x0000,
    0x0000, 0x0000, 0x0000, 0x0000, 0x0000, 0x0000, 0x0000, 0x0000, 0x0000, 0x0000, 0x0000, 0x0000,
    0x0000, 0x0000, 0x0000, 0x0000, 0x0000, 0x0000, 0x0000, 0x0000, 0x0000, 0x0000, 0x0000, 0x0000,
    0x0000, 0x0000, 0x0000, 0x0000, 0x0000, 0x0000, 0x0000, 0x0000, 0x0000, 0x0000, 0x0000, 0x0000,
    0x0000, 0x0000, 0x0000, 0x0000, 0x3021, 0xD0E7, 0xD8E7, 0xD8E7, 0xD8E7, 0xD8E7, 0xD8E7, 0xD8E7,
    0xD8E7, 0xD8E7, 0xD8E7, 0xD8E7, 0xD8E7, 0xD8E7, 0xD8E7, 0xD8E7, 0xD8E7, 0xD8E7, 0xD8E7, 0xD8E7,
    0xD8E7, 0xD8E7, 0xD8E7, 0xD8E7, 0xD8E7, 0xD8E7, 0xD8E7, 0xD8E7, 0xD8E7, 0xD8E7, 0xD8E7, 0xD8E7,
    0xD8E7, 0xD8E7, 0xD8E7, 0xD8E7, 0xD8E7, 0xD928, 0xD845, 0xEC33, 0xFFFF, 0xFFDF, 0xFFFF, 0xFFFF,
    0xFFFF, 0xFFFF, 0xFFFF, 0xFFFF, 0xFFFF, 0xFFFF, 0xFFFF, 0xFF9E, 0xE350, 0xD886, 0xD908, 0xD8E7,
    0xD8E7, 0xD8E7, 0xD8E7, 0xD8E7, 0xD8E7, 0xD8E7, 0xD8E7, 0xD8E7, 0xD8E7, 0xD8E7, 0xD8E7, 0xD8E7,
    0xD8E7, 0xD8E7, 0xD8E7, 0xD8E7, 0xD8E7, 0xD8E7, 0xD8E7, 0xD8E7, 0xD8E7, 0xD8E7, 0xD8E7, 0xD8E7,
    0xD8E7, 0xD8E7, 0xD8E7, 0xD8E7, 0xD8E7, 0xD8E7, 0xD8E7, 0xD8E7, 0xD8E7, 0xD8E7, 0xD8E7, 0xD8E7,
    0xD8E7, 0xD8E7, 0xD8E7, 0xD8E7, 0xD8E7, 0xD8E7, 0xD8E7, 0xD8E7, 0xD8E7, 0xD8E7, 0xD8E7, 0xD8E7,
    0xD8E7, 0xD8E7, 0xD8E7, 0xD8E7, 0xD8E7, 0xD8E7, 0xE108, 0xB8C6, 0x2021, 0x0000, 0x0000, 0x0000,
    0x0000, 0x0000, 0x0000, 0x9086, 0xB0A8, 0xA8A7, 0xA8A7, 0xA8A7, 0xA8A7, 0xA8A7, 0xA8A7, 0xA8A7,
    0xA8A7, 0xA8A7, 0xA8A7, 0xA8A7, 0xA8A7, 0xA8A7, 0xA8A7, 0xA8A7, 0xA8A7, 0xA8A7, 0xA8A7, 0xA8A7,
    0xA8A7, 0xA8A7, 0xA8A7, 0xA8A7, 0xA8A7, 0xA8A7, 0xA8A7, 0xA8A7, 0xA8A7, 0xA8A7, 0xA8A7, 0xA8A7,
    0xA8A7, 0xA8A7, 0xA8A7, 0xA8A7, 0xA8A7, 0xA8A7, 0xA8A7, 0xA8A7, 0xA8A7, 0xA8A7, 0xA8A7, 0xA8A7,
    0xA8A7, 0xA8A7, 0xA8A7, 0xA8A7, 0xA8A7, 0xA8A7, 0xA8A7, 0xA8A7, 0xA8A7, 0xA8A7, 0xA8A7, 0xA8A7,
    0xA8A7, 0xA8A7, 0xA8A7, 0xA8A7, 0xA8A7, 0xA8A7, 0xA087, 0x2821, 0x0000, 0x0000, 0x0000, 0x0000,
    0x0000, 0x0000, 0x0000, 0x0000, 0x0000, 0x0000, 0x0000, 0x0000, 0x0000, 0x0000, 0x0000, 0x0000,
    0x0000, 0x0000, 0x0000, 0x0000, 0x0000, 0x0000, 0x0000, 0x0000, 0x0000, 0x0000, 0x0000, 0x0000,
    0x0000, 0x0000, 0x0000, 0x0000, 0x0000, 0x0000, 0x0000, 0x0000, 0x0000, 0x0000, 0x0000, 0x0000,
    0x0000, 0x0000, 0x0000, 0x0000, 0x0000, 0x0000, 0x0000, 0x0000, 0x0000, 0x0000, 0x0000, 0x0000,
    0x0000, 0x0000, 0x0000, 0x0000, 0x3021, 0xD0E7, 0xD8E7, 0xD8E7, 0xD8E7, 0xD8E7, 0xD8E7, 0xD8E7,
    0xD8E7, 0xD8E7, 0xD8E7, 0xD8E7, 0xD8E7, 0xD8E7, 0xD8E7, 0xD8E7, 0xD8E7, 0xD8E7, 0xD8E7, 0xD8E7,
    0xD8E7, 0xD8E7, 0xD8E7, 0xD8E7, 0xD8E7, 0xD8E7, 0xD8E7, 0xD8E7, 0xD8E7, 0xD8E7, 0xD8E7, 0xD8E7,
    0xD8E7, 0xD8E7, 0xD8E7, 0xD8E7, 0xD8E7, 0xD928, 0xD845, 0xEC33, 0xFFFF, 0xFFDF, 0xFFFF, 0xFFFF,
    0xFFFF, 0xFFFF, 0xFFFF, 0xFFFF, 0xFFFF, 0xFFFF, 0xFFFF, 0xFF9E, 0xE350, 0xD886, 0xD908, 0xD8E7,
    0xD8E7, 0xD8E7, 0xD8E7, 0xD8E7, 0xD8E7, 0xD8E7, 0xD8E7, 0xD8E7, 0xD8E7, 0xD8E7, 0xD8E7, 0xD8E7,
    0xD8E7, 0xD8E7, 0xD8E7, 0xD8E7, 0xD8E7, 0xD8E7, 0xD8E7, 0xD8E7, 0xD8E7, 0xD8E7, 0xD8E7, 0xD8E7,
    0xD8E7, 0xD8E7, 0xD8E7, 0xD8E7, 0xD8E7, 0xD8E7, 0xD8E7, 0xD8E7, 0xD8E7, 0xD8E7, 0xD8E7, 0xD8E7,
    0xD8E7, 0xD8E7, 0xD8E7, 0xD8E7, 0xD8E7, 0xD8E7, 0xD8E7, 0xD8E7, 0xD8E7, 0xD8E7, 0xD8E7, 0xD8E7,
    0xD8E7, 0xD8E7, 0xD8E7, 0xD8E7, 0xD8E7, 0xD8E7, 0xE108, 0xB8C6, 0x2021, 0x0000, 0x0000, 0x0000,
    0x0000, 0x0000, 0x0000, 0x9086, 0xB0A8, 0xA8A7, 0xA8A7, 0xA8A7, 0xA8A7, 0xA8A7, 0xA8A7, 0xA8A7,
    0xA8A7, 0xA8A7, 0xA8A7, 0xA8A7, 0xA8A7, 0xA8A7, 0xA8A7, 0xA8A7, 0xA8A7, 0xA8A7, 0xA8A7, 0xA8A7,
    0xA8A7, 0xA8A7, 0xA8A7, 0xA8A7, 0xA8A7, 0xA8A7, 0xA8A7, 0xA8A7, 0xA8A7, 0xA8A7, 0xA8A7, 0xA8A7,
    0xA8A7, 0xA8A7, 0xA8A7, 0xA8A7, 0xA8A7, 0xA8A7, 0xA8A7, 0xA8A7, 0xA8A7, 0xA8A7, 0xA8A7, 0xA8A7,
    0xA8A7, 0xA8A7, 0xA8A7, 0xA8A7, 0xA8A7, 0xA8A7, 0xA8A7, 0xA8A7, 0xA8A7, 0xA8A7, 0xA8A7, 0xA8A7,
    0xA8A7, 0xA8A7, 0xA8A7, 0xA8A7, 0xA8A7, 0xA8A7, 0xA087, 0x2821, 0x0000, 0x0000, 0x0000, 0x0000,
    0x0000, 0x0000, 0x0000, 0x0000, 0x0000, 0x0000, 0x0000, 0x0000, 0x0000, 0x0000, 0x0000, 0x0000,
    0x0000, 0x0000, 0x0000, 0x0000, 0x0000, 0x0000, 0x0000, 0x0000, 0x0000, 0x0000, 0x0000, 0x0000,
    0x0000, 0x0000, 0x0000, 0x0000, 0x0000, 0x0000, 0x0000, 0x0000, 0x0000, 0x0000, 0x0000, 0x0000,
    0x0000, 0x0000, 0x0000, 0x0000, 0x0000, 0x0000, 0x0000, 0x0000, 0x0000, 0x0000, 0x0000, 0x0000,
    0x0000, 0x0000, 0x0000, 0x0000, 0x3021, 0xD0E7, 0xD8E7, 0xD8E7, 0xD8E7, 0xD8E7, 0xD8E7, 0xD8E7,
    0xD8E7, 0xD8E7, 0xD8E7, 0xD8E7, 0xD8E7, 0xD8E7, 0xD8E7, 0xD8E7, 0xD8E7, 0xD8E7, 0xD8E7, 0xD8E7,
    0xD8E7, 0xD8E7, 0xD8E7, 0xD8E7, 0xD8E7, 0xD8E7, 0xD8E7, 0xD8E7, 0xD8E7, 0xD8E7, 0xD8E7, 0xD8E7,
    0xD8E7, 0xD8E7, 0xD8E7, 0xD8E7, 0xD8E7, 0xD928, 0xD845, 0xEC33, 0xFFFF, 0xFFDF, 0xFFFF, 0xFFFF,
    0xFFFF, 0xFFFF, 0xFFFF, 0xFFFF, 0xFFFF, 0xFFFF, 0xFFFF, 0xFF9E, 0xE350, 0xD886, 0xD908, 0xD8E7,
    0xD8E7, 0xD8E7, 0xD8E7, 0xD8E7, 0xD8E7, 0xD8E7, 0xD8E7, 0xD8E7, 0xD8E7, 0xD8E7, 0xD8E7, 0xD8E7,
    0xD8E7, 0xD8E7, 0xD8E7, 0xD8E7, 0xD8E7, 0xD8E7, 0xD8E7, 0xD8E7, 0xD8E7, 0xD8E7, 0xD8E7, 0xD8E7,
    0xD8E7, 0xD8E7, 0xD8E7, 0xD8E7, 0xD8E7, 0xD8E7, 0xD8E7, 0xD8E7, 0xD8E7, 0xD8E7, 0xD8E7, 0xD8E7,
    0xD8E7, 0xD8E7, 0xD8E7, 0xD8E7, 0xD8E7, 0xD8E7, 0xD8E7, 0xD8E7, 0xD8E7, 0xD8E7, 0xD8E7, 0xD8E7,
    0xD8E7, 0xD8E7, 0xD8E7, 0xD8E7, 0xD8E7, 0xD8E7, 0xE108, 0xB8C6, 0x2021, 0x0000, 0x0000, 0x0000,
    0x0000, 0x0000, 0x0000, 0x9086, 0xB0A8, 0xA8A7, 0xA8A7, 0xA8A7, 0xA8A7, 0xA8A7, 0xA8A7, 0xA8A7,
    0xA8A7, 0xA8A7, 0xA8A7, 0xA8A7, 0xA8A7, 0xA8A7, 0xA8A7, 0xA8A7, 0xA8A7, 0xA8A7, 0xA8A7, 0xA8A7,
    0xA8A7, 0xA8A7, 0xA8A7, 0xA8A7, 0xA8A7, 0xA8A7, 0xA8A7, 0xA8A7, 0xA8A7, 0xA8A7, 0xA8A7, 0xA8A7,
    0xA8A7, 0xA8A7, 0xA8A7, 0xA8A7, 0xA8A7, 0xA8A7, 0xA8A7, 0xA8A7, 0xA8A7, 0xA8A7, 0xA8A7, 0xA8A7,
    0xA8A7, 0xA8A7, 0xA8A7, 0xA8A7, 0xA8A7, 0xA8A7, 0xA8A7, 0xA8A7, 0xA8A7, 0xA8A7, 0xA8A7, 0xA8A7,
    0xA8A7, 0xA8A7, 0xA8A7, 0xA8A7, 0xA8A7, 0xA8A7, 0xA087, 0x2821, 0x0000, 0x0000, 0x0000, 0x0000,
    0x0000, 0x0000, 0x0000, 0x0000, 0x0000, 0x0000, 0x0000, 0x0000, 0x0000, 0x0000, 0x0000, 0x0000,
    0x0000, 0x0000, 0x0000, 0x0000, 0x0000, 0x0000, 0x0000, 0x0000, 0x0000, 0x0000, 0x0000, 0x0000,
    0x0000, 0x0000, 0x0000, 0x0000, 0x0000, 0x0000, 0x0000, 0x0000, 0x0000, 0x0000, 0x0000, 0x0000,
    0x0000, 0x0000, 0x0000, 0x0000, 0x0000, 0x0000, 0x0000, 0x0000, 0x0000, 0x0000, 0x0000, 0x0000,
    0x0000, 0x0000, 0x0000, 0x0000, 0x3021, 0xD0E7, 0xD8E7, 0xD8E7, 0xD8E7, 0xD8E7, 0xD8E7, 0xD8E7,
    0xD8E7, 0xD8E7, 0xD8E7, 0xD8E7, 0xD8E7, 0xD8E7, 0xD8E7, 0xD8E7, 0xD8E7, 0xD8E7, 0xD8E7, 0xD8E7,
    0xD8E7, 0xD8E7, 0xD8E7, 0xD8E7, 0xD8E7, 0xD8E7, 0xD8E7, 0xD8E7, 0xD8E7, 0xD8E7, 0xD8E7, 0xD8E7,
    0xD8E7, 0xD8E7, 0xD8E7, 0xD8E7, 0xD8E7, 0xD928, 0xD845, 0xEC33, 0xFFFF, 0xFFDF, 0xFFFF, 0xFFFF,
    0xFFFF, 0xFFFF, 0xFFFF, 0xFFFF, 0xFFFF, 0xFFFF, 0xFFFF, 0xFF9E, 0xE350, 0xD886, 0xD908, 0xD8E7,
    0xD8E7, 0xD8E7, 0xD8E7, 0xD8E7, 0xD8E7, 0xD8E7, 0xD8E7, 0xD8E7, 0xD8E7, 0xD8E7, 0xD8E7, 0xD8E7,
    0xD8E7, 0xD8E7, 0xD8E7, 0xD8E7, 0xD8E7, 0xD8E7, 0xD8E7, 0xD8E7, 0xD8E7, 0xD8E7, 0xD8E7, 0xD8E7,
    0xD8E7, 0xD8E7, 0xD8E7, 0xD8E7, 0xD8E7, 0xD8E7, 0xD8E7, 0xD8E7, 0xD8E7, 0xD8E7, 0xD8E7, 0xD8E7,
    0xD8E7, 0xD8E7, 0xD8E7, 0xD8E7, 0xD8E7, 0xD8E7, 0xD8E7, 0xD8E7, 0xD8E7, 0xD8E7, 0xD8E7, 0xD8E7,
    0xD8E7, 0xD8E7, 0xD8E7, 0xD8E7, 0xD8E7, 0xD8E7, 0xE108, 0xB8C6, 0x2821, 0x0000, 0x0000, 0x0000,
    0x0000, 0x0000, 0x0000, 0x9086, 0xB0A8, 0xA8A7, 0xA8A7, 0xA8A7, 0xA8A7, 0xA8A7, 0xA8A7, 0xA8A7,
    0xA8A7, 0xA8A7, 0xA8A7, 0xA8A7, 0xA8A7, 0xA8A7, 0xA8A7, 0xA8A7, 0xA8A7, 0xA8A7, 0xA8A7, 0xA8A7,
    0xA8A7, 0xA8A7, 0xA8A7, 0xA8A7, 0xA8A7, 0xA8A7, 0xA8A7, 0xA8A7, 0xA8A7, 0xA8A7, 0xA8A7, 0xA8A7,
    0xA8A7, 0xA8A7, 0xA8A7, 0xA8A7, 0xA8A7, 0xA8A7, 0xA8A7, 0xA8A7, 0xA8A7, 0xA8A7, 0xA8A7, 0xA8A7,
    0xA8A7, 0xA8A7, 0xA8A7, 0xA8A7, 0xA8A7, 0xA8A7, 0xA8A7, 0xA8A7, 0xA8A7, 0xA8A7, 0xA8A7, 0xA8A7,
    0xA8A7, 0xA8A7, 0xA8A7, 0xA8A7, 0xA8A7, 0xA8A7, 0xA087, 0x2821, 0x0000, 0x0000, 0x0000, 0x0000,
    0x0000, 0x0000, 0x0000, 0x0000, 0x0000, 0x0000, 0x0000, 0x0000, 0x0000, 0x0000, 0x0000, 0x0000,
    0x0000, 0x0000, 0x0000, 0x0000, 0x0000, 0x0000, 0x0000, 0x0000, 0x0000, 0x0000, 0x0000, 0x0000,
    0x0000, 0x0000, 0x0000, 0x0000, 0x0000, 0x0000, 0x0000, 0x0000, 0x0000, 0x0000, 0x0000, 0x0000,
    0x0000, 0x0000, 0x0000, 0x0000, 0x0000, 0x0000, 0x0000, 0x0000, 0x0000, 0x0000, 0x0000, 0x0000,
    0x0000, 0x0000, 0x0000, 0x0000, 0x3021, 0xD0E7, 0xD8E7, 0xD8E7, 0xD8E7, 0xD8E7, 0xD8E7, 0xD8E7,
    0xD8E7, 0xD8E7, 0xD8E7, 0xD8E7, 0xD8E7, 0xD8E7, 0xD8E7, 0xD8E7, 0xD8E7, 0xD8E7, 0xD8E7, 0xD8E7,
    0xD8E7, 0xD8E7, 0xD8E7, 0xD8E7, 0xD8E7, 0xD8E7, 0xD8E7, 0xD8E7, 0xD8E7, 0xD8E7, 0xD8E7, 0xD8E7,
    0xD8E7, 0xD8E7, 0xD8E7, 0xD8E7, 0xD8E7, 0xD928, 0xD845, 0xEC33, 0xFFFF, 0xFFDF, 0xFFFF, 0xFFFF,
    0xFFFF, 0xFFFF, 0xFFFF, 0xFFFF, 0xFFFF, 0xFFFF, 0xFFFF, 0xFF9E, 0xE350, 0xD886, 0xD908, 0xD8E7,
    0xD8E7, 0xD8E7, 0xD8E7, 0xD8E7, 0xD8E7, 0xD8E7, 0xD8E7, 0xD8E7, 0xD8E7, 0xD8E7, 0xD8E7, 0xD8E7,
    0xD8E7, 0xD8E7, 0xD8E7, 0xD8E7, 0xD8E7, 0xD8E7, 0xD8E7, 0xD8E7, 0xD8E7, 0xD8E7, 0xD8E7, 0xD8E7,
    0xD8E7, 0xD8E7, 0xD8E7, 0xD8E7, 0xD8E7, 0xD8E7, 0xD8E7, 0xD8E7, 0xD8E7, 0xD8E7, 0xD8E7, 0xD8E7,
    0xD8E7, 0xD8E7, 0xD8E7, 0xD8E7, 0xD8E7, 0xD8E7, 0xD8E7, 0xD8E7, 0xD8E7, 0xD8E7, 0xD8E7, 0xD8E7,
    0xD8E7, 0xD8E7, 0xD8E7, 0xD8E7, 0xD8E7, 0xD8E7, 0xE108, 0xB8C6, 0x2821, 0x0000, 0x0000, 0x0000,
    0x0000, 0x0000, 0x0000, 0x9086, 0xB0A8, 0xA8A7, 0xA8A7, 0xA8A7, 0xA8A7, 0xA8A7, 0xA8A7, 0xA8A7,
    0xA8A7, 0xA8A7, 0xA8A7, 0xA8A7, 0xA8A7, 0xA8A7, 0xA8A7, 0xA8A7, 0xA8A7, 0xA8A7, 0xA8A7, 0xA8A7,
    0xA8A7, 0xA8A7, 0xA8A7, 0xA8A7, 0xA8A7, 0xA8A7, 0xA8A7, 0xA8A7, 0xA8A7, 0xA8A7, 0xA8A7, 0xA8A7,
    0xA8A7, 0xA8A7, 0xA8A7, 0xA8A7, 0xA8A7, 0xA8A7, 0xA8A7, 0xA8A7, 0xA8A7, 0xA8A7, 0xA8A7, 0xA8A7,
    0xA8A7, 0xA8A7, 0xA8A7, 0xA8A7, 0xA8A7, 0xA8A7, 0xA8A7, 0xA8A7, 0xA8A7, 0xA8A7, 0xA8A7, 0xA8A7,
    0xA8A7, 0xA8A7, 0xA8A7, 0xA8A7, 0xA8A7, 0xA8A7, 0xA087, 0x2821, 0x0000, 0x0000, 0x0000, 0x0000,
    0x0000, 0x0000, 0x0000, 0x0000, 0x0000, 0x0000, 0x0000, 0x0000, 0x0000, 0x0000, 0x0000, 0x0000,
    0x0000, 0x0000, 0x0000, 0x0000, 0x0000, 0x0000, 0x0000, 0x0000, 0x0000, 0x0000, 0x0000, 0x0000,
    0x0000, 0x0000, 0x0000, 0x0000, 0x0000, 0x0000, 0x0000, 0x0000, 0x0000, 0x0000, 0x0000, 0x0000,
    0x0000, 0x0000, 0x0000, 0x0000, 0x0000, 0x0000, 0x0000, 0x0000, 0x0000, 0x0000, 0x0000, 0x0000,
    0x0000, 0x0000, 0x0000, 0x0000, 0x3021, 0xD0E7, 0xD8E7, 0xD8E7, 0xD8E7, 0xD8E7, 0xD8E7, 0xD8E7,
    0xD8E7, 0xD8E7, 0xD8E7, 0xD8E7, 0xD8E7, 0xD8E7, 0xD8E7, 0xD8E7, 0xD8E7, 0xD8E7, 0xD8E7, 0xD8E7,
    0xD8E7, 0xD8E7, 0xD8E7, 0xD8E7, 0xD8E7, 0xD8E7, 0xD8E7, 0xD8E7, 0xD8E7, 0xD8E7, 0xD8E7, 0xD8E7,
    0xD8E7, 0xD8E7, 0xD8E7, 0xD8E7, 0xD8E7, 0xD928, 0xD845, 0xEC33, 0xFFFF, 0xFFDF, 0xFFFF, 0xFFFF,
    0xFFFF, 0xFFFF, 0xFFFF, 0xFFFF, 0xFFFF, 0xFFFF, 0xFFFF, 0xFF9E, 0xE350, 0xD886, 0xD908, 0xD8E7,
    0xD8E7, 0xD8E7, 0xD8E7, 0xD8E7, 0xD8E7, 0xD8E7, 0xD8E7, 0xD8E7, 0xD8E7, 0xD8E7, 0xD8E7, 0xD8E7,
    0xD8E7, 0xD8E7, 0xD8E7, 0xD8E7, 0xD8E7, 0xD8E7, 0xD8E7, 0xD8E7, 0xD8E7, 0xD8E7, 0xD8E7, 0xD8E7,
    0xD8E7, 0xD8E7, 0xD8E7, 0xD8E7, 0xD8E7, 0xD8E7, 0xD8E7, 0xD8E7, 0xD8E7, 0xD8E7, 0xD8E7, 0xD8E7,
    0xD8E7, 0xD8E7, 0xD8E7, 0xD8E7, 0xD8E7, 0xD8E7, 0xD8E7, 0xD8E7, 0xD8E7, 0xD8E7, 0xD8E7, 0xD8E7,
    0xD8E7, 0xD8E7, 0xD8E7, 0xD8E7, 0xD8E7, 0xD8E7, 0xE108, 0xB8C6, 0x2821, 0x0000, 0x0000, 0x0000,
    0x0000, 0x0000, 0x0000, 0x9086, 0xB0A8, 0xA8A7, 0xA8A7, 0xA8A7, 0xA8A7, 0xA8A7, 0xA8A7, 0xA8A7,
    0xA8A7, 0xA8A7, 0xA8A7, 0xA8A7, 0xA8A7, 0xA8A7, 0xA8A7, 0xA8A7, 0xA8A7, 0xA8A7, 0xA8A7, 0xA8A7,
    0xA8A7, 0xA8A7, 0xA8A7, 0xA8A7, 0xA8A7, 0xA8A7, 0xA8A7, 0xA8A7, 0xA8A7, 0xA8A7, 0xA8A7, 0xA8A7,
    0xA8A7, 0xA8A7, 0xA8A7, 0xA8A7, 0xA8A7, 0xA8A7, 0xA8A7, 0xA8A7, 0xA8A7, 0xA8A7, 0xA8A7, 0xA8A7,
    0xA8A7, 0xA8A7, 0xA8A7, 0xA8A7, 0xA8A7, 0xA8A7, 0xA8A7, 0xA8A7, 0xA8A7, 0xA8A7, 0xA8A7, 0xA8A7,
    0xA8A7, 0xA8A7, 0xA8A7, 0xA8A7, 0xA8A7, 0xA8A7, 0xA087, 0x2821, 0x0000, 0x0000, 0x0000, 0x0000,
    0x0000, 0x0000, 0x0000, 0x0000, 0x0000, 0x0000, 0x0000, 0x0000, 0x0000, 0x0000, 0x0000, 0x0000,
    0x0000, 0x0000, 0x0000, 0x0000, 0x0000, 0x0000, 0x0000, 0x0000, 0x0000, 0x0000, 0x0000, 0x0000,
    0x0000, 0x0000, 0x0000, 0x0000, 0x0000, 0x0000, 0x0000, 0x0000, 0x0000, 0x0000, 0x0000, 0x0000,
    0x0000, 0x0000, 0x0000, 0x0000, 0x0000, 0x0000, 0x0000, 0x0000, 0x0000, 0x0000, 0x0000, 0x0000,
    0x0000, 0x0000, 0x0000, 0x0000, 0x3021, 0xD0E7, 0xD8E7, 0xD8E7, 0xD8E7, 0xD8E7, 0xD8E7, 0xD8E7,
    0xD8E7, 0xD8E7, 0xD8E7, 0xD8E7, 0xD8E7, 0xD8E7, 0xD8E7, 0xD8E7, 0xD8E7, 0xD8E7, 0xD8E7, 0xD8E7,
    0xD8E7, 0xD8E7, 0xD8E7, 0xD8E7, 0xD8E7, 0xD8E7, 0xD8E7, 0xD8E7, 0xD8E7, 0xD8E7, 0xD8E7, 0xD8E7,
    0xD8E7, 0xD8E7, 0xD8E7, 0xD8E7, 0xD8E7, 0xD928, 0xD845, 0xEC33, 0xFFFF, 0xFFDF, 0xFFFF, 0xFFFF,
    0xFFFF, 0xFFFF, 0xFFFF, 0xFFFF, 0xFFFF, 0xFFFF, 0xFFFF, 0xFF9E, 0xE350, 0xD886, 0xD908, 0xD8E7,
    0xD8E7, 0xD8E7, 0xD8E7, 0xD8E7, 0xD8E7, 0xD8E7, 0xD8E7, 0xD8E7, 0xD8E7, 0xD8E7, 0xD8E7, 0xD8E7,
    0xD8E7, 0xD8E7, 0xD8E7, 0xD8E7, 0xD8E7, 0xD8E7, 0xD8E7, 0xD8E7, 0xD8E7, 0xD8E7, 0xD8E7, 0xD8E7,
    0xD8E7, 0xD8E7, 0xD8E7, 0xD8E7, 0xD8E7, 0xD8E7, 0xD8E7, 0xD8E7, 0xD8E7, 0xD8E7, 0xD8E7, 0xD8E7,
    0xD8E7, 0xD8E7, 0xD8E7, 0xD8E7, 0xD8E7, 0xD8E7, 0xD8E7, 0xD8E7, 0xD8E7, 0xD8E7, 0xD8E7, 0xD8E7,
    0xD8E7, 0xD8E7, 0xD8E7, 0xD8E7, 0xD8E7, 0xD8E7, 0xE108, 0xB8C6, 0x3021, 0x0000, 0x0000, 0x0000,
    0x0000, 0x0000, 0x0000, 0x9086, 0xB0A7, 0xA8A7, 0xA8A7, 0xA8A7, 0xA8A7, 0xA8A7, 0xA8A7, 0xA8A7,
    0xA8A7, 0xA8A7, 0xA8A7, 0xA8A7, 0xA8A7, 0xA8A7, 0xA8A7, 0xA8A7, 0xA8A7, 0xA8A7, 0xA8A7, 0xA8A7,
    0xA8A7, 0xA8A7, 0xA8A7, 0xA8A7, 0xA8A7, 0xA8A7, 0xA8A7, 0xA8A7, 0xA8A7, 0xA8A7, 0xA8A7, 0xA8A7,
    0xA8A7, 0xA8A7, 0xA8A7, 0xA8A7, 0xA8A7, 0xA8A7, 0xA8A7, 0xA8A7, 0xA8A7, 0xA8A7, 0xA8A7, 0xA8A7,
    0xA8A7, 0xA8A7, 0xA8A7, 0xA8A7, 0xA8A7, 0xA8A7, 0xA8A7, 0xA8A7, 0xA8A7, 0xA8A7, 0xA8A7, 0xA8A7,
    0xA8A7, 0xA8A7, 0xA8A7, 0xA8A7, 0xA8A7, 0xA8A7, 0xA087, 0x2821, 0x0000, 0x0000, 0x0000, 0x0000,
    0x0000, 0x0000, 0x0000, 0x0000, 0x0000, 0x0000, 0x0000, 0x0000, 0x0000, 0x0000, 0x0000, 0x0000,
    0x0000, 0x0000, 0x0000, 0x0000, 0x0000, 0x0000, 0x0000, 0x0000, 0x0000, 0x0000, 0x0000, 0x0000,
    0x0000, 0x0000, 0x0000, 0x0000, 0x0000, 0x0000, 0x0000, 0x0000, 0x0000, 0x0000, 0x0000, 0x0000,
    0x0000, 0x0000, 0x0000, 0x0000, 0x0000, 0x0000, 0x0000, 0x0000, 0x0000, 0x0000, 0x0000, 0x0000,
    0x0000, 0x0000, 0x0000, 0x0000, 0x3021, 0xD0E7, 0xD8E7, 0xD8E7, 0xD8E7, 0xD8E7, 0xD8E7, 0xD8E7,
    0xD8E7, 0xD8E7, 0xD8E7, 0xD8E7, 0xD8E7, 0xD8E7, 0xD8E7, 0xD8E7, 0xD8E7, 0xD8E7, 0xD8E7, 0xD8E7,
    0xD8E7, 0xD8E7, 0xD8E7, 0xD8E7, 0xD8E7, 0xD8E7, 0xD8E7, 0xD8E7, 0xD8E7, 0xD8E7, 0xD8E7, 0xD8E7,
    0xD8E7, 0xD8E7, 0xD8E7, 0xD8E7, 0xD8E7, 0xD928, 0xD845, 0xEC33, 0xFFFF, 0xFFDF, 0xFFFF, 0xFFFF,
    0xFFFF, 0xFFFF, 0xFFFF, 0xFFFF, 0xFFFF, 0xFFFF, 0xFFFF, 0xFF9E, 0xE350, 0xD886, 0xD908, 0xD8E7,
    0xD8E7, 0xD8E7, 0xD8E7, 0xD8E7, 0xD8E7, 0xD8E7, 0xD8E7, 0xD8E7, 0xD8E7, 0xD8E7, 0xD8E7, 0xD8E7,
    0xD8E7, 0xD8E7, 0xD8E7, 0xD8E7, 0xD8E7, 0xD8E7, 0xD8E7, 0xD8E7, 0xD8E7, 0xD8E7, 0xD8E7, 0xD8E7,
    0xD8E7, 0xD8E7, 0xD8E7, 0xD8E7, 0xD8E7, 0xD8E7, 0xD8E7, 0xD8E7, 0xD8E7, 0xD8E7, 0xD8E7, 0xD8E7,
    0xD8E7, 0xD8E7, 0xD8E7, 0xD8E7, 0xD8E7, 0xD8E7, 0xD8E7, 0xD8E7, 0xD8E7, 0xD8E7, 0xD8E7, 0xD8E7,
    0xD8E7, 0xD8E7, 0xD8E7, 0xD8E7, 0xD8E7, 0xD8E7, 0xE108, 0xC0C6, 0x3021, 0x0000, 0x0000, 0x0000,
    0x0000, 0x0000, 0x0000, 0x9086, 0xB0A7, 0xA8A7, 0xA8A7, 0xA8A7, 0xA8A7, 0xA8A7, 0xA8A7, 0xA8A7,
    0xA8A7, 0xA8A7, 0xA8A7, 0xA8A7, 0xA8A7, 0xA8A7, 0xA8A7, 0xA8A7, 0xA8A7, 0xA8A7, 0xA8A7, 0xA8A7,
    0xA8A7, 0xA8A7, 0xA8A7, 0xA8A7, 0xA8A7, 0xA8A7, 0xA8A7, 0xA8A7, 0xA8A7, 0xA8A7, 0xA8A7, 0xA8A7,
    0xA8A7, 0xA8A7, 0xA8A7, 0xA8A7, 0xA8A7, 0xA8A7, 0xA8A7, 0xA8A7, 0xA8A7, 0xA8A7, 0xA8A7, 0xA8A7,
    0xA8A7, 0xA8A7, 0xA8A7, 0xA8A7, 0xA8A7, 0xA8A7, 0xA8A7, 0xA8A7, 0xA8A7, 0xA8A7, 0xA8A7, 0xA8A7,
    0xA8A7, 0xA8A7, 0xA8A7, 0xA8A7, 0xA8A7, 0xA8A7, 0xA087, 0x2821, 0x0000, 0x0000, 0x0000, 0x0000,
    0x0000, 0x0000, 0x0000, 0x0000, 0x0000, 0x0000, 0x0000, 0x0000, 0x0000, 0x0000, 0x0000, 0x0000,
    0x0000, 0x0000, 0x0000, 0x0000, 0x0000, 0x0000, 0x0000, 0x0000, 0x0000, 0x0000, 0x0000, 0x0000,
    0x0000, 0x0000, 0x0000, 0x0000, 0x0000, 0x0000, 0x0000, 0x0000, 0x0000, 0x0000, 0x0000, 0x0000,
    0x0000, 0x0000, 0x0000, 0x0000, 0x0000, 0x0000, 0x0000, 0x0000, 0x0000, 0x0000, 0x0000, 0x0000,
    0x0000, 0x0000, 0x0000, 0x0000, 0x3021, 0xD0E7, 0xD8E7, 0xD8E7, 0xD8E7, 0xD8E7, 0xD8E7, 0xD8E7,
    0xD8E7, 0xD8E7, 0xD8E7, 0xD8E7, 0xD8E7, 0xD8E7, 0xD8E7, 0xD8E7, 0xD8E7, 0xD8E7, 0xD8E7, 0xD8E7,
    0xD8E7, 0xD8E7, 0xD8E7, 0xD8E7, 0xD8E7, 0xD8E7, 0xD8E7, 0xD8E7, 0xD8E7, 0xD8E7, 0xD8E7, 0xD8E7,
    0xD8E7, 0xD8E7, 0xD8E7, 0xD8E7, 0xD8E7, 0xD928, 0xD845, 0xEC33, 0xFFFF, 0xFFDF, 0xFFFF, 0xFFFF,
    0xFFFF, 0xFFFF, 0xFFFF, 0xFFFF, 0xFFFF, 0xFFFF, 0xFFFF, 0xFF9E, 0xE350, 0xD886, 0xD908, 0xD8E7,
    0xD8E7, 0xD8E7, 0xD8E7, 0xD8E7, 0xD8E7, 0xD8E7, 0xD8E7, 0xD8E7, 0xD8E7, 0xD8E7, 0xD8E7, 0xD8E7,
    0xD8E7, 0xD8E7, 0xD8E7, 0xD8E7, 0xD8E7, 0xD8E7, 0xD8E7, 0xD8E7, 0xD8E7, 0xD8E7, 0xD8E7, 0xD8E7,
    0xD8E7, 0xD8E7, 0xD8E7, 0xD8E7, 0xD8E7, 0xD8E7, 0xD8E7, 0xD8E7, 0xD8E7, 0xD8E7, 0xD8E7, 0xD8E7,
    0xD8E7, 0xD8E7, 0xD8E7, 0xD8E7, 0xD8E7, 0xD8E7, 0xD8E7, 0xD8E7, 0xD8E7, 0xD8E7, 0xD8E7, 0xD8E7,
    0xD8E7, 0xD8E7, 0xD8E7, 0xD8E7, 0xD8E7, 0xD8E7, 0xE108, 0xC0C6, 0x3021, 0x0000, 0x0000, 0x0000,
    0x0000, 0x0000, 0x0800, 0x9086, 0xB0A7, 0xA8A7, 0xA8A7, 0xA8A7, 0xA8A7, 0xA8A7, 0xA8A7, 0xA8A7,
    0xA8A7, 0xA8A7, 0xA8A7, 0xA8A7, 0xA8A7, 0xA8A7, 0xA8A7, 0xA8A7, 0xA8A7, 0xA8A7, 0xA8A7, 0xA8A7,
    0xA8A7, 0xA8A7, 0xA8A7, 0xA8A7, 0xA8A7, 0xA8A7, 0xA8A7, 0xA8A7, 0xA8A7, 0xA8A7, 0xA8A7, 0xA8A7,
    0xA8A7, 0xA8A7, 0xA8A7, 0xA8A7, 0xA8A7, 0xA8A7, 0xA8A7, 0xA8A7, 0xA8A7, 0xA8A7, 0xA8A7, 0xA8A7,
    0xA8A7, 0xA8A7, 0xA8A7, 0xA8A7, 0xA8A7, 0xA8A7, 0xA8A7, 0xA8A7, 0xA8A7, 0xA8A7, 0xA8A7, 0xA8A7,
    0xA8A7, 0xA8A7, 0xA8A7, 0xA8A7, 0xA8A7, 0xA8A7, 0xA087, 0x2021, 0x0000, 0x0000, 0x0000, 0x0000,
    0x0000, 0x0000, 0x0000, 0x0000, 0x0000, 0x0000, 0x0000, 0x0000, 0x0000, 0x0000, 0x0000, 0x0000,
    0x0000, 0x0000, 0x0000, 0x0000, 0x0000, 0x0000, 0x0000, 0x0000, 0x0000, 0x0000, 0x0000, 0x0000,
    0x0000, 0x0000, 0x0000, 0x0000, 0x0000, 0x0000, 0x0000, 0x0000, 0x0000, 0x0000, 0x0000, 0x0000,
    0x0000, 0x0000, 0x0000, 0x0000, 0x0000, 0x0000, 0x0000, 0x0000, 0x0000, 0x0000, 0x0000, 0x0000,
    0x0000, 0x0000, 0x0000, 0x0000, 0x3021, 0xD0E7, 0xD8E7, 0xD8E7, 0xD8E7, 0xD8E7, 0xD8E7, 0xD8E7,
    0xD8E7, 0xD8E7, 0xD8E7, 0xD8E7, 0xD8E7, 0xD8E7, 0xD8E7, 0xD8E7, 0xD8E7, 0xD8E7, 0xD8E7, 0xD8E7,
    0xD8E7, 0xD8E7, 0xD8E7, 0xD8E7, 0xD8E7, 0xD8E7, 0xD8E7, 0xD8E7, 0xD8E7, 0xD8E7, 0xD8E7, 0xD8E7,
    0xD8E7, 0xD8E7, 0xD8E7, 0xD8E7, 0xD8E7, 0xD928, 0xD845, 0xEC33, 0xFFFF, 0xFFDF, 0xFFFF, 0xFFFF,
    0xFFFF, 0xFFFF, 0xFFFF, 0xFFFF, 0xFFFF, 0xFFFF, 0xFFFF, 0xFF9E, 0xE350, 0xD886, 0xD908, 0xD8E7,
    0xD8E7, 0xD8E7, 0xD8E7, 0xD8E7, 0xD8E7, 0xD8E7, 0xD8E7, 0xD8E7, 0xD8E7, 0xD8E7, 0xD8E7, 0xD8E7,
    0xD8E7, 0xD8E7, 0xD8E7, 0xD8E7, 0xD8E7, 0xD8E7, 0xD8E7, 0xD8E7, 0xD8E7, 0xD8E7, 0xD8E7, 0xD8E7,
    0xD8E7, 0xD8E7, 0xD8E7, 0xD8E7, 0xD8E7, 0xD8E7, 0xD8E7, 0xD8E7, 0xD8E7, 0xD8E7, 0xD8E7, 0xD8E7,
    0xD8E7, 0xD8E7, 0xD8E7, 0xD8E7, 0xD8E7, 0xD8E7, 0xD8E7, 0xD8E7, 0xD8E7, 0xD8E7, 0xD8E7, 0xD8E7,
    0xD8E7, 0xD8E7, 0xD8E7, 0xD8E7, 0xD8E7, 0xD8E7, 0xE108, 0xC0E6, 0x3841, 0x0000, 0x0000, 0x0000,
    0x0000, 0x0000, 0x0800, 0x9886, 0xB0A7, 0xA8A7, 0xA8A7, 0xA8A7, 0xA8A7, 0xA8A7, 0xA8A7, 0xA8A7,
    0xA8A7, 0xA8A7, 0xA8A7, 0xA8A7, 0xA8A7, 0xA8A7, 0xA8A7, 0xA8A7, 0xA8A7, 0xA8A7, 0xA8A7, 0xA8A7,
    0xA8A7, 0xA8A7, 0xA8A7, 0xA8A7, 0xA8A7, 0xA8A7, 0xA8A7, 0xA8A7, 0xA8A7, 0xA8A7, 0xA8A7, 0xA8A7,
    0xA8A7, 0xA8A7, 0xA8A7, 0xA8A7, 0xA8A7, 0xA8A7, 0xA8A7, 0xA8A7, 0xA8A7, 0xA8A7, 0xA8A7, 0xA8A7,
    0xA8A7, 0xA8A7, 0xA8A7, 0xA8A7, 0xA8A7, 0xA8A7, 0xA8A7, 0xA8A7, 0xA8A7, 0xA8A7, 0xA8A7, 0xA8A7,
    0xA8A7, 0xA8A7, 0xA8A7, 0xA8A7, 0xA8A7, 0xA8A7, 0xA087, 0x2821, 0x0000, 0x0000, 0x0000, 0x0000,
    0x0000, 0x0000, 0x0000, 0x0000, 0x0000, 0x0000, 0x0000, 0x0000, 0x0000, 0x0000, 0x0000, 0x0000,
    0x0000, 0x0000, 0x0000, 0x0000, 0x0000, 0x0000, 0x0000, 0x0000, 0x0000, 0x0000, 0x0000, 0x0000,
    0x0000, 0x0000, 0x0000, 0x0000, 0x0000, 0x0000, 0x0000, 0x0000, 0x0000, 0x0000, 0x0000, 0x0000,
    0x0000, 0x0000, 0x0000, 0x0000, 0x0000, 0x0000, 0x0000, 0x0000, 0x0000, 0x0000, 0x0000, 0x0000,
    0x0000, 0x0000, 0x0000, 0x0000, 0x3021, 0xD0E7, 0xD8E7, 0xD8E7, 0xD8E7, 0xD8E7, 0xD8E7, 0xD8E7,
    0xD8E7, 0xD8E7, 0xD8E7, 0xD8E7, 0xD8E7, 0xD8E7, 0xD8E7, 0xD8E7, 0xD8E7, 0xD8E7, 0xD8E7, 0xD8E7,
    0xD8E7, 0xD8E7, 0xD8E7, 0xD8E7, 0xD8E7, 0xD8E7, 0xD8E7, 0xD8E7, 0xD8E7, 0xD8E7, 0xD8E7, 0xD8E7,
    0xD8E7, 0xD8E7, 0xD8E7, 0xD8E7, 0xD8E7, 0xD928, 0xD845, 0xEC33, 0xFFFF, 0xFFDF, 0xFFFF, 0xFFFF,
    0xFFFF, 0xFFFF, 0xFFFF, 0xFFFF, 0xFFFF, 0xFFFF, 0xFFFF, 0xFF9E, 0xE350, 0xD886, 0xD908, 0xD8E7,
    0xD8E7, 0xD8E7, 0xD8E7, 0xD8E7, 0xD8E7, 0xD8E7, 0xD8E7, 0xD8E7, 0xD8E7, 0xD8E7, 0xD8E7, 0xD8E7,
    0xD8E7, 0xD8E7, 0xD8E7, 0xD8E7, 0xD8E7, 0xD8E7, 0xD8E7, 0xD8E7, 0xD8E7, 0xD8E7, 0xD8E7, 0xD8E7,
    0xD8E7, 0xD8E7, 0xD8E7, 0xD8E7, 0xD8E7, 0xD8E7, 0xD8E7, 0xD8E7, 0xD8E7, 0xD8E7, 0xD8E7, 0xD8E7,
    0xD8E7, 0xD8E7, 0xD8E7, 0xD8E7, 0xD8E7, 0xD8E7, 0xD8E7, 0xD8E7, 0xD8E7, 0xD8E7, 0xD8E7, 0xD8E7,
    0xD8E7, 0xD8E7, 0xD8E7, 0xD8E7, 0xD8E7, 0xD8E7, 0xE108, 0xC0E6, 0x3842, 0x0000, 0x0000, 0x0000,
    0x0000, 0x0000, 0x0800, 0x9886, 0xB0A7, 0xA8A7, 0xA8A7, 0xA8A7, 0xA8A7, 0xA8A7, 0xA8A7, 0xA8A7,
    0xA8A7, 0xA8A7, 0xA8A7, 0xA8A7, 0xA8A7, 0xA8A7, 0xA8A7, 0xA8A7, 0xA8A7, 0xA8A7, 0xA8A7, 0xA8A7,
    0xA8A7, 0xA8A7, 0xA8A7, 0xA8A7, 0xA8A7, 0xA8A7, 0xA8A7, 0xA8A7, 0xA8A7, 0xA8A7, 0xA8A7, 0xA8A7,
    0xA8A7, 0xA8A7, 0xA8A7, 0xA8A7, 0xA8A7, 0xA8A7, 0xA8A7, 0xA8A7, 0xA8A7, 0xA8A7, 0xA8A7, 0xA8A7,
    0xA8A7, 0xA8A7, 0xA8A7, 0xA8A7, 0xA8A7, 0xA8A7, 0xA8A7, 0xA8A7, 0xA8A7, 0xA8A7, 0xA8A7, 0xA8A7,
    0xA8A7, 0xA8A7, 0xA8A7, 0xA8A7, 0xA8A7, 0xA8A7, 0xA087, 0x2821, 0x0000, 0x0000, 0x0000, 0x0000,
    0x0000, 0x0000, 0x0000, 0x0000, 0x0000, 0x0000, 0x0000, 0x0000, 0x0000, 0x0000, 0x0000, 0x0000,
    0x0000, 0x0000, 0x0000, 0x0000, 0x0000, 0x0000, 0x0000, 0x0000, 0x0000, 0x0000, 0x0000, 0x0000,
    0x0000, 0x0000, 0x0000, 0x0000, 0x0000, 0x0000, 0x0000, 0x0000, 0x0000, 0x0000, 0x0000, 0x0000,
    0x0000, 0x0000, 0x0000, 0x0000, 0x0000, 0x0000, 0x0000, 0x0000, 0x0000, 0x0000, 0x0000, 0x0000,
    0x0000, 0x0000, 0x0000, 0x0000, 0x3021, 0xD0E7, 0xD8E7, 0xD8E7, 0xD8E7, 0xD8E7, 0xD8E7, 0xD8E7,
    0xD8E7, 0xD8E7, 0xD8E7, 0xD8E7, 0xD8E7, 0xD8E7, 0xD8E7, 0xD8E7, 0xD8E7, 0xD8E7, 0xD8E7, 0xD8E7,
    0xD8E7, 0xD8E7, 0xD8E7, 0xD8E7, 0xD8E7, 0xD8E7, 0xD8E7, 0xD8E7, 0xD8E7, 0xD8E7, 0xD8E7, 0xD8E7,
    0xD8E7, 0xD8E7, 0xD8E7, 0xD8E7, 0xD8E7, 0xD928, 0xD845, 0xEC33, 0xFFFF, 0xFFDF, 0xFFFF, 0xFFFF,
    0xFFFF, 0xFFFF, 0xFFFF, 0xFFFF, 0xFFFF, 0xFFFF, 0xFFFF, 0xFF9E, 0xE350, 0xD886, 0xD908, 0xD8E7,
    0xD8E7, 0xD8E7, 0xD8E7, 0xD8E7, 0xD8E7, 0xD8E7, 0xD8E7, 0xD8E7, 0xD8E7, 0xD8E7, 0xD8E7, 0xD8E7,
    0xD8E7, 0xD8E7, 0xD8E7, 0xD8E7, 0xD8E7, 0xD8E7, 0xD8E7, 0xD8E7, 0xD8E7, 0xD8E7, 0xD8E7, 0xD8E7,
    0xD8E7, 0xD8E7, 0xD8E7, 0xD8E7, 0xD8E7, 0xD8E7, 0xD8E7, 0xD8E7, 0xD8E7, 0xD8E7, 0xD8E7, 0xD8E7,
    0xD8E7, 0xD8E7, 0xD8E7, 0xD8E7, 0xD8E7, 0xD8E7, 0xD8E7, 0xD8E7, 0xD8E7, 0xD8E7, 0xD8E7, 0xD8E7,
    0xD8E7, 0xD8E7, 0xD8E7, 0xD8E7, 0xD8E7, 0xD8E7, 0xE108, 0xC0E7, 0x3842, 0x0000, 0x0000, 0x0000,
    0x0000, 0x0000, 0x1000, 0x9886, 0xB0A7, 0xA8A7, 0xA8A7, 0xA8A7, 0xA8A7, 0xA8A7, 0xA8A7, 0xA8A7,
    0xA8A7, 0xA8A7, 0xA8A7, 0xA8A7, 0xA8A7, 0xA8A7, 0xA8A7, 0xA8A7, 0xA8A7, 0xA8A7, 0xA8A7, 0xA8A7,
    0xA8A7, 0xA8A7, 0xA8A7, 0xA8A7, 0xA8A7, 0xA8A7, 0xA8A7, 0xA8A7, 0xA8A7, 0xA8A7, 0xA8A7, 0xA8A7,
    0xA8A7, 0xA8A7, 0xA8A7, 0xA8A7, 0xA8A7, 0xA8A7, 0xA8A7, 0xA8A7, 0xA8A7, 0xA8A7, 0xA8A7, 0xA8A7,
    0xA8A7, 0xA8A7, 0xA8A7, 0xA8A7, 0xA8A7, 0xA8A7, 0xA8A7, 0xA8A7, 0xA8A7, 0xA8A7, 0xA8A7, 0xA8A7,
    0xA8A7, 0xA8A7, 0xA8A7, 0xA8A7, 0xA8A7, 0xA8A7, 0xA087, 0x2821, 0x0000, 0x0000, 0x0000, 0x0000,
    0x0000, 0x0000, 0x0000, 0x0000, 0x0000, 0x0000, 0x0000, 0x0000, 0x0000, 0x0000, 0x0000, 0x0000,
    0x0000, 0x0000, 0x0000, 0x0000, 0x0000, 0x0000, 0x0000, 0x0000, 0x0000, 0x0000, 0x0000, 0x0000,
    0x0000, 0x0000, 0x0000, 0x0000, 0x0000, 0x0000, 0x0000, 0x0000, 0x0000, 0x0000, 0x0000, 0x0000,
    0x0000, 0x0000, 0x0000, 0x0000, 0x0000, 0x0000, 0x0000, 0x0000, 0x0000, 0x0000, 0x0000, 0x0000,
    0x0000, 0x0000, 0x0000, 0x0000, 0x3021, 0xD0E7, 0xD8E7, 0xD8E7, 0xD8E7, 0xD8E7, 0xD8E7, 0xD8E7,
    0xD8E7, 0xD8E7, 0xD8E7, 0xD8E7, 0xD8E7, 0xD8E7, 0xD8E7, 0xD8E7, 0xD8E7, 0xD8E7, 0xD8E7, 0xD8E7,
    0xD8E7, 0xD8E7, 0xD8E7, 0xD8E7, 0xD8E7, 0xD8E7, 0xD8E7, 0xD8E7, 0xD8E7, 0xD8E7, 0xD8E7, 0xD8E7,
    0xD8E7, 0xD8E7, 0xD8E7, 0xD8E7, 0xD8E7, 0xD928, 0xD845, 0xEC33, 0xFFFF, 0xFFDF, 0xFFFF, 0xFFFF,
    0xFFFF, 0xFFFF, 0xFFFF, 0xFFFF, 0xFFFF, 0xFFFF, 0xFFFF, 0xFF9E, 0xE350, 0xD886, 0xD908, 0xD8E7,
    0xD8E7, 0xD8E7, 0xD8E7, 0xD8E7, 0xD8E7, 0xD8E7, 0xD8E7, 0xD8E7, 0xD8E7, 0xD8E7, 0xD8E7, 0xD8E7,
    0xD8E7, 0xD8E7, 0xD8E7, 0xD8E7, 0xD8E7, 0xD8E7, 0xD8E7, 0xD8E7, 0xD8E7, 0xD8E7, 0xD8E7, 0xD8E7,
    0xD8E7, 0xD8E7, 0xD8E7, 0xD8E7, 0xD8E7, 0xD8E7, 0xD8E7, 0xD8E7, 0xD8E7, 0xD8E7, 0xD8E7, 0xD8E7,
    0xD8E7, 0xD8E7, 0xD8E7, 0xD8E7, 0xD8E7, 0xD8E7, 0xD8E7, 0xD8E7, 0xD8E7, 0xD8E7, 0xD8E7, 0xD8E7,
    0xD8E7, 0xD8E7, 0xD8E7, 0xD8E7, 0xD8E7, 0xD8E7, 0xE108, 0xC0C6, 0x3842, 0x0000, 0x0000, 0x0000,
    0x0000, 0x0000, 0x1000, 0x9886, 0xB0A7, 0xA8A7, 0xA8A7, 0xA8A7, 0xA8A7, 0xA8A7, 0xA8A7, 0xA8A7,
    0xA8A7, 0xA8A7, 0xA8A7, 0xA8A7, 0xA8A7, 0xA8A7, 0xA8A7, 0xA8A7, 0xA8A7, 0xA8A7, 0xA8A7, 0xA8A7,
    0xA8A7, 0xA8A7, 0xA8A7, 0xA8A7, 0xA8A7, 0xA8A7, 0xA8A7, 0xA8A7, 0xA8A7, 0xA8A7, 0xA8A7, 0xA8A7,
    0xA8A7, 0xA8A7, 0xA8A7, 0xA8A7, 0xA8A7, 0xA8A7, 0xA8A7, 0xA8A7, 0xA8A7, 0xA8A7, 0xA8A7, 0xA8A7,
    0xA8A7, 0xA8A7, 0xA8A7, 0xA8A7, 0xA8A7, 0xA8A7, 0xA8A7, 0xA8A7, 0xA8A7, 0xA8A7, 0xA8A7, 0xA8A7,
    0xA8A7, 0xA8A7, 0xA8A7, 0xA8A7, 0xA8A7, 0xA8A7, 0xA087, 0x2021, 0x0000, 0x0000, 0x0000, 0x0000,
    0x0000, 0x0000, 0x0000, 0x0000, 0x0000, 0x0000, 0x0000, 0x0000, 0x0000, 0x0000, 0x0000, 0x0000,
    0x0000, 0x0000, 0x0000, 0x0000, 0x0000, 0x0000, 0x0000, 0x0000, 0x0000, 0x0000, 0x0000, 0x0000,
    0x0000, 0x0000, 0x0000, 0x0000, 0x0000, 0x0000, 0x0000, 0x0000, 0x0000, 0x0000, 0x0000, 0x0000,
    0x0000, 0x0000, 0x0000, 0x0000, 0x0000, 0x0000, 0x0000, 0x0000, 0x0000, 0x0000, 0x0000, 0x0000,
    0x0000, 0x0000, 0x0000, 0x0000, 0x3021, 0xD0E7, 0xD8E7, 0xD8E7, 0xD8E7, 0xD8E7, 0xD8E7, 0xD8E7,
    0xD8E7, 0xD8E7, 0xD8E7, 0xD8E7, 0xD8E7, 0xD8E7, 0xD8E7, 0xD8E7, 0xD8E7, 0xD8E7, 0xD8E7, 0xD8E7,
    0xD8E7, 0xD8E7, 0xD8E7, 0xD8E7, 0xD8E7, 0xD8E7, 0xD8E7, 0xD8E7, 0xD8E7, 0xD8E7, 0xD8E7, 0xD8E7,
    0xD8E7, 0xD8E7, 0xD8E7, 0xD8E7, 0xD8E7, 0xD928, 0xD845, 0xEC33, 0xFFFF, 0xFFDF, 0xFFFF, 0xFFFF,
    0xFFFF, 0xFFFF, 0xFFFF, 0xFFFF, 0xFFFF, 0xFFFF, 0xFFFF, 0xFF9E, 0xE350, 0xD886, 0xD908, 0xD8E7,
    0xD8E7, 0xD8E7, 0xD8E7, 0xD8E7, 0xD8E7, 0xD8E7, 0xD8E7, 0xD8E7, 0xD8E7, 0xD8E7, 0xD8E7, 0xD8E7,
    0xD8E7, 0xD8E7, 0xD8E7, 0xD8E7, 0xD8E7, 0xD8E7, 0xD8E7, 0xD8E7, 0xD8E7, 0xD8E7, 0xD8E7, 0xD8E7,
    0xD8E7, 0xD8E7, 0xD8E7, 0xD8E7, 0xD8E7, 0xD8E7, 0xD8E7, 0xD8E7, 0xD8E7, 0xD8E7, 0xD8E7, 0xD8E7,
    0xD8E7, 0xD8E7, 0xD8E7, 0xD8E7, 0xD8E7, 0xD8E7, 0xD8E7, 0xD8E7, 0xD8E7, 0xD8E7, 0xD8E7, 0xD8E7,
    0xD8E7, 0xD8E7, 0xD8E7, 0xD8E7, 0xD8E7, 0xD8E7, 0xE108, 0xC0C7, 0x4042, 0x0000, 0x0000, 0x0000,
    0x0000, 0x0000, 0x1001, 0x9886, 0xB0A7, 0xA8A7, 0xA8A7, 0xA8A7, 0xA8A7, 0xA8A7, 0xA8A7, 0xA8A7,
    0xA8A7, 0xA8A7, 0xA8A7, 0xA8A7, 0xA8A7, 0xA8A7, 0xA8A7, 0xA8A7, 0xA8A7, 0xA8A7, 0xA8A7, 0xA8A7,
    0xA8A7, 0xA8A7, 0xA8A7, 0xA8A7, 0xA8A7, 0xA8A7, 0xA8A7, 0xA8A7, 0xA8A7, 0xA8A7, 0xA8A7, 0xA8A7,
    0xA8A7, 0xA8A7, 0xA8A7, 0xA8A7, 0xA8A7, 0xA8A7, 0xA8A7, 0xA8A7, 0xA8A7, 0xA8A7, 0xA8A7, 0xA8A7,
    0xA8A7, 0xA8A7, 0xA8A7, 0xA8A7, 0xA8A7, 0xA8A7, 0xA8A7, 0xA8A7, 0xA8A7, 0xA8A7, 0xA8A7, 0xA8A7,
    0xA8A7, 0xA8A7, 0xA8A7, 0xA8A7, 0xA8A7, 0xA8A7, 0xA087, 0x2821, 0x0000, 0x0000, 0x0000, 0x0000,
    0x0000, 0x0000, 0x0000, 0x0000, 0x0000, 0x0000, 0x0000, 0x0000, 0x0000, 0x0000, 0x0000, 0x0000,
    0x0000, 0x0000, 0x0000, 0x0000, 0x0000, 0x0000, 0x0000, 0x0000, 0x0000, 0x0000, 0x0000, 0x0000,
    0x0000, 0x0000, 0x0000, 0x0000, 0x0000, 0x0000, 0x0000, 0x0000, 0x0000, 0x0000, 0x0000, 0x0000,
    0x0000, 0x0000, 0x0000, 0x0000, 0x0000, 0x0000, 0x0000, 0x0000, 0x0000, 0x0000, 0x0000, 0x0000,
    0x0000, 0x0000, 0x0000, 0x0000, 0x3021, 0xD0E7, 0xD8E7, 0xD8E7, 0xD8E7, 0xD8E7, 0xD8E7, 0xD8E7,
    0xD8E7, 0xD8E7, 0xD8E7, 0xD8E7, 0xD8E7, 0xD8E7, 0xD8E7, 0xD8E7, 0xD8E7, 0xD8E7, 0xD8E7, 0xD8E7,
    0xD8E7, 0xD8E7, 0xD8E7, 0xD8E7, 0xD8E7, 0xD8E7, 0xD8E7, 0xD8E7, 0xD8E7, 0xD8E7, 0xD8E7, 0xD8E7,
    0xD8E7, 0xD8E7, 0xD8E7, 0xD8E7, 0xD8E7, 0xD928, 0xD845, 0xEC33, 0xFFFF, 0xFFDF, 0xFFFF, 0xFFFF,
    0xFFFF, 0xFFFF, 0xFFFF, 0xFFFF, 0xFFFF, 0xFFFF, 0xFFFF, 0xFF9E, 0xE350, 0xD886, 0xD908, 0xD8E7,
    0xD8E7, 0xD8E7, 0xD8E7, 0xD8E7, 0xD8E7, 0xD8E7, 0xD8E7, 0xD8E7, 0xD8E7, 0xD8E7, 0xD8E7, 0xD8E7,
    0xD8E7, 0xD8E7, 0xD8E7, 0xD8E7, 0xD8E7, 0xD8E7, 0xD8E7, 0xD8E7, 0xD8E7, 0xD8E7, 0xD8E7, 0xD8E7,
    0xD8E7, 0xD8E7, 0xD8E7, 0xD8E7, 0xD8E7, 0xD8E7, 0xD8E7, 0xD8E7, 0xD8E7, 0xD8E7, 0xD8E7, 0xD8E7,
    0xD8E7, 0xD8E7, 0xD8E7, 0xD8E7, 0xD8E7, 0xD8E7, 0xD8E7, 0xD8E7, 0xD8E7, 0xD8E7, 0xD8E7, 0xD8E7,
    0xD8E7, 0xD8E7, 0xD8E7, 0xD8E7, 0xD8E7, 0xD8E7, 0xE108, 0xC8E7, 0x4042, 0x0000, 0x0000, 0x0000,
    0x0000, 0x0000, 0x1801, 0x9886, 0xB0A7, 0xA8A7, 0xA8A7, 0xA8A7, 0xA8A7, 0xA8A7, 0xA8A7, 0xA8A7,
    0xA8A7, 0xA8A7, 0xA8A7, 0xA8A7, 0xA8A7, 0xA8A7, 0xA8A7, 0xA8A7, 0xA8A7, 0xA8A7, 0xA8A7, 0xA8A7,
    0xA8A7, 0xA8A7, 0xA8A7, 0xA8A7, 0xA8A7, 0xA8A7, 0xA8A7, 0xA8A7, 0xA8A7, 0xA8A7, 0xA8A7, 0xA8A7,
    0xA8A7, 0xA8A7, 0xA8A7, 0xA8A7, 0xA8A7, 0xA8A7, 0xA8A7, 0xA8A7, 0xA8A7, 0xA8A7, 0xA8A7, 0xA8A7,
    0xA8A7, 0xA8A7, 0xA8A7, 0xA8A7, 0xA8A7, 0xA8A7, 0xA8A7, 0xA8A7, 0xA8A7, 0xA8A7, 0xA8A7, 0xA8A7,
    0xA8A7, 0xA8A7, 0xA8A7, 0xA8A7, 0xA8A7, 0xA8A7, 0xA087, 0x2821, 0x0000, 0x0000, 0x0000, 0x0000,
    0x0000, 0x0000, 0x0000, 0x0000, 0x0000, 0x0000, 0x0000, 0x0000, 0x0000, 0x0000, 0x0000, 0x0000,
    0x0000, 0x0000, 0x0000, 0x0000, 0x0000, 0x0000, 0x0000, 0x0000, 0x0000, 0x0000, 0x0000, 0x0000,
    0x0000, 0x0000, 0x0000, 0x0000, 0x0000, 0x0000, 0x0000, 0x0000, 0x0000, 0x0000, 0x0000, 0x0000,
    0x0000, 0x0000, 0x0000, 0x0000, 0x0000, 0x0000, 0x0000, 0x0000, 0x0000, 0x0000, 0x0000, 0x0000,
    0x0000, 0x0000, 0x0000, 0x0000, 0x3021, 0xD0E7, 0xD8E7, 0xD8E7, 0xD8E7, 0xD8E7, 0xD8E7, 0xD8E7,
    0xD8E7, 0xD8E7, 0xD8E7, 0xD8E7, 0xD8E7, 0xD8E7, 0xD8E7, 0xD8E7, 0xD8E7, 0xD8E7, 0xD8E7, 0xD8E7,
    0xD8E7, 0xD8E7, 0xD8E7, 0xD8E7, 0xD8E7, 0xD8E7, 0xD8E7, 0xD8E7, 0xD8E7, 0xD8E7, 0xD8E7, 0xD8E7,
    0xD8E7, 0xD8E7, 0xD8E7, 0xD8E7, 0xD8E7, 0xD928, 0xD845, 0xEC33, 0xFFFF, 0xFFDF, 0xFFFF, 0xFFFF,
    0xFFFF, 0xFFFF, 0xFFFF, 0xFFFF, 0xFFFF, 0xFFFF, 0xFFFF, 0xFF9E, 0xE350, 0xD886, 0xD908, 0xD8E7,
    0xD8E7, 0xD8E7, 0xD8E7, 0xD8E7, 0xD8E7, 0xD8E7, 0xD8E7, 0xD8E7, 0xD8E7, 0xD8E7, 0xD8E7, 0xD8E7,
    0xD8E7, 0xD8E7, 0xD8E7, 0xD8E7, 0xD8E7, 0xD8E7, 0xD8E7, 0xD8E7, 0xD8E7, 0xD8E7, 0xD8E7, 0xD8E7,
    0xD8E7, 0xD8E7, 0xD8E7, 0xD8E7, 0xD8E7, 0xD8E7, 0xD8E7, 0xD8E7, 0xD8E7, 0xD8E7, 0xD8E7, 0xD8E7,
    0xD8E7, 0xD8E7, 0xD8E7, 0xD8E7, 0xD8E7, 0xD8E7, 0xD8E7, 0xD8E7, 0xD8E7, 0xD8E7, 0xD8E7, 0xD8E7,
    0xD8E7, 0xD8E7, 0xD8E7, 0xD8E7, 0xD8E7, 0xD8E7, 0xE107, 0xC8E7, 0x4042, 0x0000, 0x0000, 0x0000,
    0x0000, 0x0000, 0x1801, 0x9886, 0xB0A7, 0xA8A7, 0xA8A7, 0xA8A7, 0xA8A7, 0xA8A7, 0xA8A7, 0xA8A7,
    0xA8A7, 0xA8A7, 0xA8A7, 0xA8A7, 0xA8A7, 0xA8A7, 0xA8A7, 0xA8A7, 0xA8A7, 0xA8A7, 0xA8A7, 0xA8A7,
    0xA8A7, 0xA8A7, 0xA8A7, 0xA8A7, 0xA8A7, 0xA8A7, 0xA8A7, 0xA8A7, 0xA8A7, 0xA8A7, 0xA8A7, 0xA8A7,
    0xA8A7, 0xA8A7, 0xA8A7, 0xA8A7, 0xA8A7, 0xA8A7, 0xA8A7, 0xA8A7, 0xA8A7, 0xA8A7, 0xA8A7, 0xA8A7,
    0xA8A7, 0xA8A7, 0xA8A7, 0xA8A7, 0xA8A7, 0xA8A7, 0xA8A7, 0xA8A7, 0xA8A7, 0xA8A7, 0xA8A7, 0xA8A7,
    0xA8A7, 0xA8A7, 0xA8A7, 0xA8A7, 0xA8A7, 0xA8A7, 0xA087, 0x2821, 0x0000, 0x0000, 0x0000, 0x0000,
    0x0000, 0x0000, 0x0000, 0x0000, 0x0000, 0x0000, 0x0000, 0x0000, 0x0000, 0x0000, 0x0000, 0x0000,
    0x0000, 0x0000, 0x0000, 0x0000, 0x0000, 0x0000, 0x0000, 0x0000, 0x0000, 0x0000, 0x0000, 0x0000,
    0x0000, 0x0000, 0x0000, 0x0000, 0x0000, 0x0000, 0x0000, 0x0000, 0x0000, 0x0000, 0x0000, 0x0000,
    0x0000, 0x0000, 0x0000, 0x0000, 0x0000, 0x0000, 0x0000, 0x0000, 0x0000, 0x0000, 0x0000, 0x0000,
    0x0000, 0x0000, 0x0000, 0x0000, 0x3021, 0xD0E7, 0xD8E7, 0xD8E7, 0xD8E7, 0xD8E7, 0xD8E7, 0xD8E7,
    0xD8E7, 0xD8E7, 0xD8E7, 0xD8E7, 0xD8E7, 0xD8E7, 0xD8E7, 0xD8E7, 0xD8E7, 0xD8E7, 0xD8E7, 0xD8E7,
    0xD8E7, 0xD8E7, 0xD8E7, 0xD8E7, 0xD8E7, 0xD8E7, 0xD8E7, 0xD8E7, 0xD8E7, 0xD8E7, 0xD8E7, 0xD8E7,
    0xD8E7, 0xD8E7, 0xD8E7, 0xD8E7, 0xD8E7, 0xD928, 0xD845, 0xEC33, 0xFFFF, 0xFFDF, 0xFFFF, 0xFFFF,
    0xFFFF, 0xFFFF, 0xFFFF, 0xFFFF, 0xFFFF, 0xFFFF, 0xFFFF, 0xFF9E, 0xE350, 0xD886, 0xD908, 0xD8E7,
    0xD8E7, 0xD8E7, 0xD8E7, 0xD8E7, 0xD8E7, 0xD8E7, 0xD8E7, 0xD8E7, 0xD8E7, 0xD8E7, 0xD8E7, 0xD8E7,
    0xD8E7, 0xD8E7, 0xD8E7, 0xD8E7, 0xD8E7, 0xD8E7, 0xD8E7, 0xD8E7, 0xD8E7, 0xD8E7, 0xD8E7, 0xD8E7,
    0xD8E7, 0xD8E7, 0xD8E7, 0xD8E7, 0xD8E7, 0xD8E7, 0xD8E7, 0xD8E7, 0xD8E7, 0xD8E7, 0xD8E7, 0xD8E7,
    0xD8E7, 0xD8E7, 0xD8E7, 0xD8E7, 0xD8E7, 0xD8E7, 0xD8E7, 0xD8E7, 0xD8E7, 0xD8E7, 0xD8E7, 0xD8E7,
    0xD8E7, 0xD8E7, 0xD8E7, 0xD8E7, 0xD8E7, 0xD8E7, 0xE107, 0xC8E7, 0x4842, 0x0000, 0x0000, 0x0000,
    0x0000, 0x0000, 0x1821, 0x9886, 0xB0A7, 0xA8A7, 0xA8A7, 0xA8A7, 0xA8A7, 0xA8A7, 0xA8A7, 0xA8A7,
    0xA8A7, 0xA8A7, 0xA8A7, 0xA8A7, 0xA8A7, 0xA8A7, 0xA8A7, 0xA8A7, 0xA8A7, 0xA8A7, 0xA8A7, 0xA8A7,
    0xA8A7, 0xA8A7, 0xA8A7, 0xA8A7, 0xA8A7, 0xA8A7, 0xA8A7, 0xA8A7, 0xA8A7, 0xA8A7, 0xA8A7, 0xA8A7,
    0xA8A7, 0xA8A7, 0xA8A7, 0xA8A7, 0xA8A7, 0xA8A7, 0xA8A7, 0xA8A7, 0xA8A7, 0xA8A7, 0xA8A7, 0xA8A7,
    0xA8A7, 0xA8A7, 0xA8A7, 0xA8A7, 0xA8A7, 0xA8A7, 0xA8A7, 0xA8A7, 0xA8A7, 0xA8A7, 0xA8A7, 0xA8A7,
    0xA8A7, 0xA8A7, 0xA8A7, 0xA8A7, 0xA8A7, 0xA8A7, 0xA087, 0x2821, 0x0000, 0x0000, 0x0000, 0x0000,
    0x0000, 0x0000, 0x0000, 0x0000, 0x0000, 0x0000, 0x0000, 0x0000, 0x0000, 0x0000, 0x0000, 0x0000,
    0x0000, 0x0000, 0x0000, 0x0000, 0x0000, 0x0000, 0x0000, 0x0000, 0x0000, 0x0000, 0x0000, 0x0000,
    0x0000, 0x0000, 0x0000, 0x0000, 0x0000, 0x0000, 0x0000, 0x0000, 0x0000, 0x0000, 0x0000, 0x0000,
    0x0000, 0x0000, 0x0000, 0x0000, 0x0000, 0x0000, 0x0000, 0x0000, 0x0000, 0x0000, 0x0000, 0x0000,
    0x0000, 0x0000, 0x0000, 0x0000, 0x3021, 0xD0E7, 0xD8E7, 0xD8E7, 0xD8E7, 0xD8E7, 0xD8E7, 0xD8E7,
    0xD8E7, 0xD8E7, 0xD8E7, 0xD8E7, 0xD8E7, 0xD8E7, 0xD8E7, 0xD8E7, 0xD8E7, 0xD8E7, 0xD8E7, 0xD8E7,
    0xD8E7, 0xD8E7, 0xD8E7, 0xD8E7, 0xD8E7, 0xD8E7, 0xD8E7, 0xD8E7, 0xD8E7, 0xD8E7, 0xD8E7, 0xD8E7,
    0xD8E7, 0xD8E7, 0xD8E7, 0xD8E7, 0xD8E7, 0xD928, 0xD845, 0xEC33, 0xFFFF, 0xFFDF, 0xFFFF, 0xFFFF,
    0xFFFF, 0xFFFF, 0xFFFF, 0xFFFF, 0xFFFF, 0xFFFF, 0xFFFF, 0xFF9E, 0xE350, 0xD886, 0xD908, 0xD8E7,
    0xD8E7, 0xD8E7, 0xD8E7, 0xD8E7, 0xD8E7, 0xD8E7, 0xD8E7, 0xD8E7, 0xD8E7, 0xD8E7, 0xD8E7, 0xD8E7,
    0xD8E7, 0xD8E7, 0xD8E7, 0xD8E7, 0xD8E7, 0xD8E7, 0xD8E7, 0xD8E7, 0xD8E7, 0xD8E7, 0xD8E7, 0xD8E7,
    0xD8E7, 0xD8E7, 0xD8E7, 0xD8E7, 0xD8E7, 0xD8E7, 0xD8E7, 0xD8E7, 0xD8E7, 0xD8E7, 0xD8E7, 0xD8E7,
    0xD8E7, 0xD8E7, 0xD8E7, 0xD8E7, 0xD8E7, 0xD8E7, 0xD8E7, 0xD8E7, 0xD8E7, 0xD8E7, 0xD8E7, 0xD8E7,
    0xD8E7, 0xD8E7, 0xD8E7, 0xD8E7, 0xD8E7, 0xD8E7, 0xD907, 0xC8E7, 0x4842, 0x0000, 0x0000, 0x0000,
    0x0000, 0x0000, 0x2021, 0x9886, 0xB0A7, 0xA8A7, 0xA8A7, 0xA8A7, 0xA8A7, 0xA8A7, 0xA8A7, 0xA8A7,
    0xA8A7, 0xA8A7, 0xA8A7, 0xA8A7, 0xA8A7, 0xA8A7, 0xA8A7, 0xA8A7, 0xA8A7, 0xA8A7, 0xA8A7, 0xA8A7,
    0xA8A7, 0xA8A7, 0xA8A7, 0xA8A7, 0xA8A7, 0xA8A7, 0xA8A7, 0xA8A7, 0xA8A7, 0xA8A7, 0xA8A7, 0xA8A7,
    0xA8A7, 0xA8A7, 0xA8A7, 0xA8A7, 0xA8A7, 0xA8A7, 0xA8A7, 0xA8A7, 0xA8A7, 0xA8A7, 0xA8A7, 0xA8A7,
    0xA8A7, 0xA8A7, 0xA8A7, 0xA8A7, 0xA8A7, 0xA8A7, 0xA8A7, 0xA8A7, 0xA8A7, 0xA8A7, 0xA8A7, 0xA8A7,
    0xA8A7, 0xA8A7, 0xA8A7, 0xA8A7, 0xA8A7, 0xA8A7, 0xA087, 0x2021, 0x0000, 0x0000, 0x0000, 0x0000,
    0x0000, 0x0000, 0x0000, 0x0000, 0x0000, 0x0000, 0x0000, 0x0000, 0x0000, 0x0000, 0x0000, 0x0000,
    0x0000, 0x0000, 0x0000, 0x0000, 0x0000, 0x0000, 0x0000, 0x0000, 0x0000, 0x0000, 0x0000, 0x0000,
    0x0000, 0x0000, 0x0000, 0x0000, 0x0000, 0x0000, 0x0000, 0x0000, 0x0000, 0x0000, 0x0000, 0x0000,
    0x0000, 0x0000, 0x0000, 0x0000, 0x0000, 0x0000, 0x0000, 0x0000, 0x0000, 0x0000, 0x0000, 0x0000,
    0x0000, 0x0000, 0x0000, 0x0000, 0x3021, 0xD0E7, 0xD8E7, 0xD8E7, 0xD8E7, 0xD8E7, 0xD8E7, 0xD8E7,
    0xD8E7, 0xD8E7, 0xD8E7, 0xD8E7, 0xD8E7, 0xD8E7, 0xD8E7, 0xD8E7, 0xD8E7, 0xD8E7, 0xD8E7, 0xD8E7,
    0xD8E7, 0xD8E7, 0xD8E7, 0xD8E7, 0xD8E7, 0xD8E7, 0xD8E7, 0xD8E7, 0xD8E7, 0xD8E7, 0xD8E7, 0xD8E7,
    0xD8E7, 0xD8E7, 0xD8E7, 0xD8E7, 0xD8E7, 0xD928, 0xD845, 0xEC33, 0xFFFF, 0xFFDF, 0xFFFF, 0xFFFF,
    0xFFFF, 0xFFFF, 0xFFFF, 0xFFFF, 0xFFFF, 0xFFFF, 0xFFFF, 0xFF9E, 0xE350, 0xD886, 0xD908, 0xD8E7,
    0xD8E7, 0xD8E7, 0xD8E7, 0xD8E7, 0xD8E7, 0xD8E7, 0xD8E7, 0xD8E7, 0xD8E7, 0xD8E7, 0xD8E7, 0xD8E7,
    0xD8E7, 0xD8E7, 0xD8E7, 0xD8E7, 0xD8E7, 0xD8E7, 0xD8E7, 0xD8E7, 0xD8E7, 0xD8E7, 0xD8E7, 0xD8E7,
    0xD8E7, 0xD8E7, 0xD8E7, 0xD8E7, 0xD8E7, 0xD8E7, 0xD8E7, 0xD8E7, 0xD8E7, 0xD8E7, 0xD8E7, 0xD8E7,
    0xD8E7, 0xD8E7, 0xD8E7, 0xD8E7, 0xD8E7, 0xD8E7, 0xD8E7, 0xD8E7, 0xD8E7, 0xD8E7, 0xD8E7, 0xD8E7,
    0xD8E7, 0xD8E7, 0xD8E7, 0xD8E7, 0xD8E7, 0xD8E7, 0xD907, 0xC8E7, 0x4842, 0x0000, 0x0000, 0x0000,
    0x0000, 0x0000, 0x2021, 0x9887, 0xB0A7, 0xA8A7, 0xA8A7, 0xA8A7, 0xA8A7, 0xA8A7, 0xA8A7, 0xA8A7,
    0xA8A7, 0xA8A7, 0xA8A7, 0xA8A7, 0xA8A7, 0xA8A7, 0xA8A7, 0xA8A7, 0xA8A7, 0xA8A7, 0xA8A7, 0xA8A7,
    0xA8A7, 0xA8A7, 0xA8A7, 0xA8A7, 0xA8A7, 0xA8A7, 0xA8A7, 0xA8A7, 0xA8A7, 0xA8A7, 0xA8A7, 0xA8A7,
    0xA8A7, 0xA8A7, 0xA8A7, 0xA8A7, 0xA8A7, 0xA8A7, 0xA8A7, 0xA8A7, 0xA8A7, 0xA8A7, 0xA8A7, 0xA8A7,
    0xA8A7, 0xA8A7, 0xA8A7, 0xA8A7, 0xA8A7, 0xA8A7, 0xA8A7, 0xA8A7, 0xA8A7, 0xA8A7, 0xA8A7, 0xA8A7,
    0xA8A7, 0xA8A7, 0xA8A7, 0xA8A7, 0xA8A7, 0xA8A7, 0xA087, 0x2821, 0x0000, 0x0000, 0x0000, 0x0000,
    0x0000, 0x0000, 0x0000, 0x0000, 0x0000, 0x0000, 0x0000, 0x0000, 0x0000, 0x0000, 0x0000, 0x0000,
    0x0000, 0x0000, 0x0000, 0x0000, 0x0000, 0x0000, 0x0000, 0x0000, 0x0000, 0x0000, 0x0000, 0x0000,
    0x0000, 0x0000, 0x0000, 0x0000, 0x0000, 0x0000, 0x0000, 0x0000, 0x0000, 0x0000, 0x0000, 0x0000,
    0x0000, 0x0000, 0x0000, 0x0000, 0x0000, 0x0000, 0x0000, 0x0000, 0x0000, 0x0000, 0x0000, 0x0000,
    0x0000, 0x0000, 0x0000, 0x0000, 0x3021, 0xD0E7, 0xD8E7, 0xD8E7, 0xD8E7, 0xD8E7, 0xD8E7, 0xD8E7,
    0xD8E7, 0xD8E7, 0xD8E7, 0xD8E7, 0xD8E7, 0xD8E7, 0xD8E7, 0xD8E7, 0xD8E7, 0xD8E7, 0xD8E7, 0xD8E7,
    0xD8E7, 0xD8E7, 0xD8E7, 0xD8E7, 0xD8E7, 0xD8E7, 0xD8E7, 0xD8E7, 0xD8E7, 0xD8E7, 0xD8E7, 0xD8E7,
    0xD8E7, 0xD8E7, 0xD8E7, 0xD8E7, 0xD8E7, 0xD928, 0xD845, 0xEC33, 0xFFFF, 0xFFDF, 0xFFFF, 0xFFFF,
    0xFFFF, 0xFFFF, 0xFFFF, 0xFFFF, 0xFFFF, 0xFFFF, 0xFFFF, 0xFF9E, 0xE350, 0xD886, 0xD908, 0xD8E7,
    0xD8E7, 0xD8E7, 0xD8E7, 0xD8E7, 0xD8E7, 0xD8E7, 0xD8E7, 0xD8E7, 0xD8E7, 0xD8E7, 0xD8E7, 0xD8E7,
    0xD8E7, 0xD8E7, 0xD8E7, 0xD8E7, 0xD8E7, 0xD8E7, 0xD8E7, 0xD8E7, 0xD8E7, 0xD8E7, 0xD8E7, 0xD8E7,
    0xD8E7, 0xD8E7, 0xD8E7, 0xD8E7, 0xD8E7, 0xD8E7, 0xD8E7, 0xD8E7, 0xD8E7, 0xD8E7, 0xD8E7, 0xD8E7,
    0xD8E7, 0xD8E7, 0xD8E7, 0xD8E7, 0xD8E7, 0xD8E7, 0xD8E7, 0xD8E7, 0xD8E7, 0xD8E7, 0xD8E7, 0xD8E7,
    0xD8E7, 0xD8E7, 0xD8E7, 0xD8E7, 0xD8E7, 0xD8E7, 0xD907, 0xC8E7, 0x4842, 0x0000, 0x0000, 0x0000,
    0x0000, 0x0000, 0x2021, 0x9887, 0xB0A7, 0xA8A7, 0xA8A7, 0xA8A7, 0xA8A7, 0xA8A7, 0xA8A7, 0xA8A7,
    0xA8A7, 0xA8A7, 0xA8A7, 0xA8A7, 0xA8A7, 0xA8A7, 0xA8A7, 0xA8A7, 0xA8A7, 0xA8A7, 0xA8A7, 0xA8A7,
    0xA8A7, 0xA8A7, 0xA8A7, 0xA8A7, 0xA8A7, 0xA8A7, 0xA8A7, 0xA8A7, 0xA8A7, 0xA8A7, 0xA8A7, 0xA8A7,
    0xA8A7, 0xA8A7, 0xA8A7, 0xA8A7, 0xA8A7, 0xA8A7, 0xA8A7, 0xA8A7, 0xA8A7, 0xA8A7, 0xA8A7, 0xA8A7,
    0xA8A7, 0xA8A7, 0xA8A7, 0xA8A7, 0xA8A7, 0xA8A7, 0xA8A7, 0xA8A7, 0xA8A7, 0xA8A7, 0xA8A7, 0xA8A7,
    0xA8A7, 0xA8A7, 0xA8A7, 0xA8A7, 0xA8A7, 0xA8A7, 0xA087, 0x2821, 0x0000, 0x0000, 0x0000, 0x0000,
    0x0000, 0x0000, 0x0000, 0x0000, 0x0000, 0x0000, 0x0000, 0x0000, 0x0000, 0x0000, 0x0000, 0x0000,
    0x0000, 0x0000, 0x0000, 0x0000, 0x0000, 0x0000, 0x0000, 0x0000, 0x0000, 0x0000, 0x0000, 0x0000,
    0x0000, 0x0000, 0x0000, 0x0000, 0x0000, 0x0000, 0x0000, 0x0000, 0x0000, 0x0000, 0x0000, 0x0000,
    0x0000, 0x0000, 0x0000, 0x0000, 0x0000, 0x0000, 0x0000, 0x0000, 0x0000, 0x0000, 0x0000, 0x0000,
    0x0000, 0x0000, 0x0000, 0x0000, 0x3021, 0xD0E7, 0xD8E7, 0xD8E7, 0xD8E7, 0xD8E7, 0xD8E7, 0xD8E7,
    0xD8E7, 0xD8E7, 0xD8E7, 0xD8E7, 0xD8E7, 0xD8E7, 0xD8E7, 0xD8E7, 0xD8E7, 0xD8E7, 0xD8E7, 0xD8E7,
    0xD8E7, 0xD8E7, 0xD8E7, 0xD8E7, 0xD8E7, 0xD8E7, 0xD8E7, 0xD8E7, 0xD8E7, 0xD8E7, 0xD8E7, 0xD8E7,
    0xD8E7, 0xD8E7, 0xD8E7, 0xD8E7, 0xD8E7, 0xD928, 0xD845, 0xEC33, 0xFFFF, 0xFFDF, 0xFFFF, 0xFFFF,
    0xFFFF, 0xFFFF, 0xFFFF, 0xFFFF, 0xFFFF, 0xFFFF, 0xFFFF, 0xFF9E, 0xE350, 0xD886, 0xD908, 0xD8E7,
    0xD8E7, 0xD8E7, 0xD8E7, 0xD8E7, 0xD8E7, 0xD8E7, 0xD8E7, 0xD8E7, 0xD8E7, 0xD8E7, 0xD8E7, 0xD8E7,
    0xD8E7, 0xD8E7, 0xD8E7, 0xD8E7, 0xD8E7, 0xD8E7, 0xD8E7, 0xD8E7, 0xD8E7, 0xD8E7, 0xD8E7, 0xD8E7,
    0xD8E7, 0xD8E7, 0xD8E7, 0xD8E7, 0xD8E7, 0xD8E7, 0xD8E7, 0xD8E7, 0xD8E7, 0xD8E7, 0xD8E7, 0xD8E7,
    0xD8E7, 0xD8E7, 0xD8E7, 0xD8E7, 0xD8E7, 0xD8E7, 0xD8E7, 0xD8E7, 0xD8E7, 0xD8E7, 0xD8E7, 0xD8E7,
    0xD8E7, 0xD8E7, 0xD8E7, 0xD8E7, 0xD8E7, 0xD8E7, 0xD907, 0xD0E7, 0x5042, 0x0000, 0x0000, 0x0000,
    0x0000, 0x0000, 0x2821, 0x9886, 0xB0A7, 0xA8A7, 0xA8A7, 0xA8A7, 0xA8A7, 0xA8A7, 0xA8A7, 0xA8A7,
    0xA8A7, 0xA8A7, 0xA8A7, 0xA8A7, 0xA8A7, 0xA8A7, 0xA8A7, 0xA8A7, 0xA8A7, 0xA8A7, 0xA8A7, 0xA8A7,
    0xA8A7, 0xA8A7, 0xA8A7, 0xA8A7, 0xA8A7, 0xA8A7, 0xA8A7, 0xA8A7, 0xA8A7, 0xA8A7, 0xA8A7, 0xA8A7,
    0xA8A7, 0xA8A7, 0xA8A7, 0xA8A7, 0xA8A7, 0xA8A7, 0xA8A7, 0xA8A7, 0xA8A7, 0xA8A7, 0xA8A7, 0xA8A7,
    0xA8A7, 0xA8A7, 0xA8A7, 0xA8A7, 0xA8A7, 0xA8A7, 0xA8A7, 0xA8A7, 0xA8A7, 0xA8A7, 0xA8A7, 0xA8A7,
    0xA8A7, 0xA8A7, 0xA8A7, 0xA8A7, 0xA8A7, 0xA8A7, 0xA087, 0x2821, 0x0000, 0x0000, 0x0000, 0x0000,
    0x0000, 0x0000, 0x0000, 0x0000, 0x0000, 0x0000, 0x0000, 0x0000, 0x0000, 0x0000, 0x0000, 0x0000,
    0x0000, 0x0000, 0x0000, 0x0000, 0x0000, 0x0000, 0x0000, 0x0000, 0x0000, 0x0000, 0x0000, 0x0000,
    0x0000, 0x0000, 0x0000, 0x0000, 0x0000, 0x0000, 0x0000, 0x0000, 0x0000, 0x0000, 0x0000, 0x0000,
    0x0000, 0x0000, 0x0000, 0x0000, 0x0000, 0x0000, 0x0000, 0x0000, 0x0000, 0x0000, 0x0000, 0x0000,
    0x0000, 0x0000, 0x0000, 0x0000, 0x3021, 0xD0E7, 0xD8E7, 0xD8E7, 0xD8E7, 0xD8E7, 0xD8E7, 0xD8E7,
    0xD8E7, 0xD8E7, 0xD8E7, 0xD8E7, 0xD8E7, 0xD8E7, 0xD8E7, 0xD8E7, 0xD8E7, 0xD8E7, 0xD8E7, 0xD8E7,
    0xD8E7, 0xD8E7, 0xD8E7, 0xD8E7, 0xD8E7, 0xD8E7, 0xD8E7, 0xD8E7, 0xD8E7, 0xD8E7, 0xD8E7, 0xD8E7,
    0xD8E7, 0xD8E7, 0xD8E7, 0xD8E7, 0xD8E7, 0xD928, 0xD845, 0xEC32, 0xFFFF, 0xFFDF, 0xFFFF, 0xFFFF,
    0xFFFF, 0xFFFF, 0xFFFF, 0xFFFF, 0xFFFF, 0xFFFF, 0xFFFF, 0xFF9E, 0xE370, 0xD886, 0xD908, 0xD8E7,
    0xD8E7, 0xD8E7, 0xD8E7, 0xD8E7, 0xD8E7, 0xD8E7, 0xD8E7, 0xD8E7, 0xD8E7, 0xD8E7, 0xD8E7, 0xD8E7,
    0xD8E7, 0xD8E7, 0xD8E7, 0xD8E7, 0xD8E7, 0xD8E7, 0xD8E7, 0xD8E7, 0xD8E7, 0xD8E7, 0xD8E7, 0xD8E7,
    0xD8E7, 0xD8E7, 0xD8E7, 0xD8E7, 0xD8E7, 0xD8E7, 0xD8E7, 0xD8E7, 0xD8E7, 0xD8E7, 0xD8E7, 0xD8E7,
    0xD8E7, 0xD8E7, 0xD8E7, 0xD8E7, 0xD8E7, 0xD8E7, 0xD8E7, 0xD8E7, 0xD8E7, 0xD8E7, 0xD8E7, 0xD8E7,
    0xD8E7, 0xD8E7, 0xD8E7, 0xD8E7, 0xD8E7, 0xD8E7, 0xD8E7, 0xD0E7, 0x5063, 0x0000, 0x0000, 0x0000,
    0x0000, 0x0000, 0x2821, 0x9886, 0xB0A7, 0xA8A7, 0xA8A7, 0xA8A7, 0xA8A7, 0xA8A7, 0xA8A7, 0xA8A7,
    0xA8A7, 0xA8A7, 0xA8A7, 0xA8A7, 0xA8A7, 0xA8A7, 0xA8A7, 0xA8A7, 0xA8A7, 0xA8A7, 0xA8A7, 0xA8A7,
    0xA8A7, 0xA8A7, 0xA8A7, 0xA8A7, 0xA8A7, 0xA8A7, 0xA8A7, 0xA8A7, 0xA8A7, 0xA8A7, 0xA8A7, 0xA8A7,
    0xA8A7, 0xA8A7, 0xA8A7, 0xA8A7, 0xA8A7, 0xA8A7, 0xA8A7, 0xA8A7, 0xA8A7, 0xA8A7, 0xA8A7, 0xA8A7,
    0xA8A7, 0xA8A7, 0xA8A7, 0xA8A7, 0xA8A7, 0xA8A7, 0xA8A7, 0xA8A7, 0xA8A7, 0xA8A7, 0xA8A7, 0xA8A7,
    0xA8A7, 0xA8A7, 0xA8A7, 0xA8A7, 0xA8A7, 0xA8A7, 0xA087, 0x2021, 0x0000, 0x0000, 0x0000, 0x0000,
    0x0000, 0x0000, 0x0000, 0x0000, 0x0000, 0x0000, 0x0000, 0x0000, 0x0000, 0x0000, 0x0000, 0x0000,
    0x0000, 0x0000, 0x0000, 0x0000, 0x0000, 0x0000, 0x0000, 0x0000, 0x0000, 0x0000, 0x0000, 0x0000,
    0x0000, 0x0000, 0x0000, 0x0000, 0x0000, 0x0000, 0x0000, 0x0000, 0x0000, 0x0000, 0x0000, 0x0000,
    0x0000, 0x0000, 0x0000, 0x0000, 0x0000, 0x0000, 0x0000, 0x0000, 0x0000, 0x0000, 0x0000, 0x0000,
    0x0000, 0x0000, 0x0000, 0x0000, 0x3021, 0xD0E7, 0xD8E7, 0xD8E7, 0xD8E7, 0xD8E7, 0xD8E7, 0xD8E7,
    0xD8E7, 0xD8E7, 0xD8E7, 0xD8E7, 0xD8E7, 0xD8E7, 0xD8E7, 0xD8E7, 0xD8E7, 0xD8E7, 0xD8E7, 0xD8E7,
    0xD8E7, 0xD8E7, 0xD8E7, 0xD8E7, 0xD8E7, 0xD8E7, 0xD8E7, 0xD8E7, 0xD8E7, 0xD8E7, 0xD8E7, 0xD8E7,
    0xD8E7, 0xD8E7, 0xD8E7, 0xD8E7, 0xD8E7, 0xD928, 0xD845, 0xEC12, 0xFFFF, 0xFFFF, 0xFFFF, 0xFFFF,
    0xFFFF, 0xFFFF, 0xFFFF, 0xFFFF, 0xFFFF, 0xFFFF, 0xFFFF, 0xFFBE, 0xEB90, 0xD886, 0xD908, 0xD8E7,
    0xD8E7, 0xD8E7, 0xD8E7, 0xD8E7, 0xD8E7, 0xD8E7, 0xD8E7, 0xD8E7, 0xD8E7, 0xD8E7, 0xD8E7, 0xD8E7,
    0xD8E7, 0xD8E7, 0xD8E7, 0xD8E7, 0xD8E7, 0xD8E7, 0xD8E7, 0xD8E7, 0xD8E7, 0xD8E7, 0xD8E7, 0xD8E7,
    0xD8E7, 0xD8E7, 0xD8E7, 0xD8E7, 0xD8E7, 0xD8E7, 0xD8E7, 0xD8E7, 0xD8E7, 0xD8E7, 0xD8E7, 0xD8E7,
    0xD8E7, 0xD8E7, 0xD8E7, 0xD8E7, 0xD8E7, 0xD8E7, 0xD8E7, 0xD8E7, 0xD8E7, 0xD8E7, 0xD8E7, 0xD8E7,
    0xD8E7, 0xD8E7, 0xD8E7, 0xD8E7, 0xD8E7, 0xD8E7, 0xD8E7, 0xD0E7, 0x5063, 0x0000, 0x0000, 0x0000,
    0x0000, 0x0000, 0x2821, 0x9887, 0xB0A7, 0xA8A7, 0xA8A7, 0xA8A7, 0xA8A7, 0xA8A7, 0xA8A7, 0xA8A7,
    0xA8A7, 0xA8A7, 0xA8A7, 0xA8A7, 0xA8A7, 0xA8A7, 0xA8A7, 0xA8A7, 0xA8A7, 0xA8A7, 0xA8A7, 0xA8A7,
    0xA8A7, 0xA8A7, 0xA8A7, 0xA8A7, 0xA8A7, 0xA8A7, 0xA8A7, 0xA8A7, 0xA8A7, 0xA8A7, 0xA8A7, 0xA8A7,
    0xA8A7, 0xA8A7, 0xA8A7, 0xA8A7, 0xA8A7, 0xA8A7, 0xA8A7, 0xA8A7, 0xA8A7, 0xA8A7, 0xA8A7, 0xA8A7,
    0xA8A7, 0xA8A7, 0xA8A7, 0xA8A7, 0xA8A7, 0xA8A7, 0xA8A7, 0xA8A7, 0xA8A7, 0xA8A7, 0xA8A7, 0xA8A7,
    0xA8A7, 0xA8A7, 0xA8A7, 0xA8A7, 0xA8A7, 0xA8A7, 0xA087, 0x2821, 0x0000, 0x0000, 0x0000, 0x0000,
    0x0000, 0x0000, 0x0000, 0x0000, 0x0000, 0x0000, 0x0000, 0x0000, 0x0000, 0x0000, 0x0000, 0x0000,
    0x0000, 0x0000, 0x0000, 0x0000, 0x0000, 0x0000, 0x0000, 0x0000, 0x0000, 0x0000, 0x0000, 0x0000,
    0x0000, 0x0000, 0x0000, 0x0000, 0x0000, 0x0000, 0x0000, 0x0000, 0x0000, 0x0000, 0x0000, 0x0000,
    0x0000, 0x0000, 0x0000, 0x0000, 0x0000, 0x0000, 0x0000, 0x0000, 0x0000, 0x0000, 0x0000, 0x0000,
    0x0000, 0x0000, 0x0000, 0x0000, 0x3021, 0xD0E7, 0xD8E7, 0xD8E7, 0xD8E7, 0xD8E7, 0xD8E7, 0xD8E7,
    0xD8E7, 0xD8E7, 0xD8E7, 0xD8E7, 0xD8E7, 0xD8E7, 0xD8E7, 0xD8E7, 0xD8E7, 0xD8E7, 0xD8E7, 0xD8E7,
    0xD8E7, 0xD8E7, 0xD8E7, 0xD8E7, 0xD8E7, 0xD8E7, 0xD8E7, 0xD8E7, 0xD8E7, 0xD8E7, 0xD8E7, 0xD8E7,
    0xD8E7, 0xD8E7, 0xD8E7, 0xD8E7, 0xD8E7, 0xD928, 0xD865, 0xEBD1, 0xFFFF, 0xFFFF, 0xFFFF, 0xFFFF,
    0xFFFF, 0xFFFF, 0xFFFF, 0xFFFF, 0xFFFF, 0xFFFF, 0xFFFF, 0xFFBE, 0xEBB1, 0xD886, 0xD908, 0xD8E7,
    0xD8E7, 0xD8E7, 0xD8E7, 0xD8E7, 0xD8E7, 0xD8E7, 0xD8E7, 0xD8E7, 0xD8E7, 0xD8E7, 0xD8E7, 0xD8E7,
    0xD8E7, 0xD8E7, 0xD8E7, 0xD8E7, 0xD8E7, 0xD8E7, 0xD8E7, 0xD8E7, 0xD8E7, 0xD8E7, 0xD8E7, 0xD8E7,
    0xD8E7, 0xD8E7, 0xD8E7, 0xD8E7, 0xD8E7, 0xD8E7, 0xD8E7, 0xD8E7, 0xD8E7, 0xD8E7, 0xD8E7, 0xD8E7,
    0xD8E7, 0xD8E7, 0xD8E7, 0xD8E7, 0xD8E7, 0xD8E7, 0xD8E7, 0xD8E7, 0xD8E7, 0xD8E7, 0xD8E7, 0xD8E7,
    0xD8E7, 0xD8E7, 0xD8E7, 0xD8E7, 0xD8E7, 0xD8E7, 0xD8E7, 0xD0E7, 0x5863, 0x0000, 0x0000, 0x0000,
    0x0000, 0x0000, 0x2822, 0xA087, 0xB0A7, 0xA8A7, 0xA8A7, 0xA8A7, 0xA8A7, 0xA8A7, 0xA8A7, 0xA8A7,
    0xA8A7, 0xA8A7, 0xA8A7, 0xA8A7, 0xA8A7, 0xA8A7, 0xA8A7, 0xA8A7, 0xA8A7, 0xA8A7, 0xA8A7, 0xA8A7,
    0xA8A7, 0xA8A7, 0xA8A7, 0xA8A7, 0xA8A7, 0xA8A7, 0xA8A7, 0xA8A7, 0xA8A7, 0xA8A7, 0xA8A7, 0xA8A7,
    0xA8A7, 0xA8A7, 0xA8A7, 0xA8A7, 0xA8A7, 0xA8A7, 0xA8A7, 0xA8A7, 0xA8A7, 0xA8A7, 0xA8A7, 0xA8A7,
    0xA8A7, 0xA8A7, 0xA8A7, 0xA8A7, 0xA8A7, 0xA8A7, 0xA8A7, 0xA8A7, 0xA8A7, 0xA8A7, 0xA8A7, 0xA8A7,
    0xA8A7, 0xA8A7, 0xA8A7, 0xA8A7, 0xA8A7, 0xA8A7, 0xA087, 0x2821, 0x0000, 0x0000, 0x0000, 0x0000,
    0x0000, 0x0000, 0x0000, 0x0000, 0x0000, 0x0000, 0x0000, 0x0000, 0x0000, 0x0000, 0x0000, 0x0000,
    0x0000, 0x0000, 0x0000, 0x0000, 0x0000, 0x0000, 0x0000, 0x0000, 0x0000, 0x0000, 0x0000, 0x0000,
    0x0000, 0x0000, 0x0000, 0x0000, 0x0000, 0x0000, 0x0000, 0x0000, 0x0000, 0x0000, 0x0000, 0x0000,
    0x0000, 0x0000, 0x0000, 0x0000, 0x0000, 0x0000, 0x0000, 0x0000, 0x0000, 0x0000, 0x0000, 0x0000,
    0x0000, 0x0000, 0x0000, 0x0000, 0x3021, 0xD0E7, 0xD8E7, 0xD8E7, 0xD8E7, 0xD8E7, 0xD8E7, 0xD8E7,
    0xD8E7, 0xD8E7, 0xD8E7, 0xD8E7, 0xD8E7, 0xD8E7, 0xD8E7, 0xD8E7, 0xD8E7, 0xD8E7, 0xD8E7, 0xD8E7,
    0xD8E7, 0xD8E7, 0xD8E7, 0xD8E7, 0xD8E7, 0xD8E7, 0xD8E7, 0xD8E7, 0xD8E7, 0xD8E7, 0xD8E7, 0xD8E7,
    0xD8E7, 0xD8E7, 0xD8E7, 0xD8E7, 0xD8E7, 0xD908, 0xD866, 0xEB90, 0xFFFF, 0xFFFF, 0xFFFF, 0xFFFF,
    0xFFFF, 0xFFFF, 0xFFFF, 0xFFFF, 0xFFFF, 0xFFFF, 0xFFFF, 0xFFFF, 0xEC32, 0xD866, 0xD928, 0xD8E7,
    0xD8E7, 0xD8E7, 0xD8E7, 0xD8E7, 0xD8E7, 0xD8E7, 0xD8E7, 0xD8E7, 0xD8E7, 0xD8E7, 0xD8E7, 0xD8E7,
    0xD8E7, 0xD8E7, 0xD8E7, 0xD8E7, 0xD8E7, 0xD8E7, 0xD8E7, 0xD8E7, 0xD8E7, 0xD8E7, 0xD8E7, 0xD8E7,
    0xD8E7, 0xD8E7, 0xD8E7, 0xD8E7, 0xD8E7, 0xD8E7, 0xD8E7, 0xD8E7, 0xD8E7, 0xD8E7, 0xD8E7, 0xD8E7,
    0xD8E7, 0xD8E7, 0xD8E7, 0xD8E7, 0xD8E7, 0xD8E7, 0xD8E7, 0xD8E7, 0xD8E7, 0xD8E7, 0xD8E7, 0xD8E7,
    0xD8E7, 0xD8E7, 0xD8E7, 0xD8E7, 0xD8E7, 0xD8E7, 0xD8E7, 0xD0E7, 0x5863, 0x0000, 0x0000, 0x0000,
    0x0000, 0x0000, 0x2822, 0xA087, 0xB0A7, 0xA8A7, 0xA8A7, 0xA8A7, 0xA8A7, 0xA8A7, 0xA8A7, 0xA8A7,
    0xA8A7, 0xA8A7, 0xA8A7, 0xA8A7, 0xA8A7, 0xA8A7, 0xA8A7, 0xA8A7, 0xA8A7, 0xA8A7, 0xA8A7, 0xA8A7,
    0xA8A7, 0xA8A7, 0xA8A7, 0xA8A7, 0xA8A7, 0xA8A7, 0xA8A7, 0xA8A7, 0xA8A7, 0xA8A7, 0xA8A7, 0xA8A7,
    0xA8A7, 0xA8A7, 0xA8A7, 0xA8A7, 0xA8A7, 0xA8A7, 0xA8A7, 0xA8A7, 0xA8A7, 0xA8A7, 0xA8A7, 0xA8A7,
    0xA8A7, 0xA8A7, 0xA8A7, 0xA8A7, 0xA8A7, 0xA8A7, 0xA8A7, 0xA8A7, 0xA8A7, 0xA8A7, 0xA8A7, 0xA8A7,
    0xA8A7, 0xA8A7, 0xA8A7, 0xA8A7, 0xA8A7, 0xA8A7, 0xA087, 0x2821, 0x0000, 0x0000, 0x0000, 0x0000,
    0x0000, 0x0000, 0x0000, 0x0000, 0x0000, 0x0000, 0x0000, 0x0000, 0x0000, 0x0000, 0x0000, 0x0000,
    0x0000, 0x0000, 0x0000, 0x0000, 0x0000, 0x0000, 0x0000, 0x0000, 0x0000, 0x0000, 0x0000, 0x0000,
    0x0000, 0x0000, 0x0000, 0x0000, 0x0000, 0x0000, 0x0000, 0x0000, 0x0000, 0x0000, 0x0000, 0x0000,
    0x0000, 0x0000, 0x0000, 0x0000, 0x0000, 0x0000, 0x0000, 0x0000, 0x0000, 0x0000, 0x0000, 0x0000,
    0x0000, 0x0000, 0x0000, 0x0000, 0x3021, 0xD0E7, 0xD8E7, 0xD8E7, 0xD8E7, 0xD8E7, 0xD8E7, 0xD8E7,
    0xD8E7, 0xD8E7, 0xD8E7, 0xD8E7, 0xD8E7, 0xD8E7, 0xD8E7, 0xD8E7, 0xD8E7, 0xD8E7, 0xD8E7, 0xD8E7,
    0xD8E7, 0xD8E7, 0xD8E7, 0xD8E7, 0xD8E7, 0xD8E7, 0xD8E7, 0xD8E7, 0xD8E7, 0xD8E7, 0xD8E7, 0xD8E7,
    0xD8E7, 0xD8E7, 0xD8E7, 0xD8E7, 0xD8E7, 0xD908, 0xD866, 0xEB70, 0xFFDF, 0xFFFF, 0xFFFF, 0xFFFF,
    0xFFFF, 0xFFFF, 0xFFFF, 0xFFFF, 0xFFFF, 0xFFFF, 0xFFFF, 0xFFFF, 0xECD5, 0xD045, 0xD928, 0xD8E7,
    0xD8E7, 0xD8E7, 0xD8E7, 0xD8E7, 0xD8E7, 0xD8E7, 0xD8E7, 0xD8E7, 0xD8E7, 0xD8E7, 0xD8E7, 0xD8E7,
    0xD8E7, 0xD8E7, 0xD8E7, 0xD8E7, 0xD8E7, 0xD8E7, 0xD8E7, 0xD8E7, 0xD8E7, 0xD8E7, 0xD8E7, 0xD8E7,
    0xD8E7, 0xD8E7, 0xD8E7, 0xD8E7, 0xD8E7, 0xD8E7, 0xD8E7, 0xD8E7, 0xD8E7, 0xD8E7, 0xD8E7, 0xD8E7,
    0xD8E7, 0xD8E7, 0xD8E7, 0xD8E7, 0xD8E7, 0xD8E7, 0xD8E7, 0xD8E7, 0xD8E7, 0xD8E7, 0xD8E7, 0xD8E7,
    0xD8E7, 0xD8E7, 0xD8E7, 0xD8E7, 0xD8E7, 0xD8E7, 0xD8E7, 0xD0E7, 0x5863, 0x0000, 0x0000, 0x0000,
    0x0000, 0x0000, 0x2822, 0xA087, 0xB0A7, 0xA8A7, 0xA8A7, 0xA8A7, 0xA8A7, 0xA8A7, 0xA8A7, 0xA8A7,
    0xA8A7, 0xA8A7, 0xA8A7, 0xA8A7, 0xA8A7, 0xA8A7, 0xA8A7, 0xA8A7, 0xA8A7, 0xA8A7, 0xA8A7, 0xA8A7,
    0xA8A7, 0xA8A7, 0xA8A7, 0xA8A7, 0xA8A7, 0xA8A7, 0xA8A7, 0xA8A7, 0xA8A7, 0xA8A7, 0xA8A7, 0xA8A7,
    0xA8A7, 0xA8A7, 0xA8A7, 0xA8A7, 0xA8A7, 0xA8A7, 0xA8A7, 0xA8A7, 0xA8A7, 0xA8A7, 0xA8A7, 0xA8A7,
    0xA8A7, 0xA8A7, 0xA8A7, 0xA8A7, 0xA8A7, 0xA8A7, 0xA8A7, 0xA8A7, 0xA8A7, 0xA8A7, 0xA8A7, 0xA8A7,
    0xA8A7, 0xA8A7, 0xA8A7, 0xA8A7, 0xA8A7, 0xA8A7, 0xA087, 0x2021, 0x0000, 0x0000, 0x0000, 0x0000,
    0x0000, 0x0000, 0x0000, 0x0000, 0x0000, 0x0000, 0x0000, 0x0000, 0x0000, 0x0000, 0x0000, 0x0000,
    0x0000, 0x0000, 0x0000, 0x0000, 0x0000, 0x0000, 0x0000, 0x0000, 0x0000, 0x0000, 0x0000, 0x0000,
    0x0000, 0x0000, 0x0000, 0x0000, 0x0000, 0x0000, 0x0000, 0x0000, 0x0000, 0x0000, 0x0000, 0x0000,
    0x0000, 0x0000, 0x0000, 0x0000, 0x0000, 0x0000, 0x0000, 0x0000, 0x0000, 0x0000, 0x0000, 0x0000,
    0x0000, 0x0000, 0x0000, 0x0000, 0x3021, 0xD0E7, 0xD8E7, 0xD8E7, 0xD8E7, 0xD8E7, 0xD8E7, 0xD8E7,
    0xD8E7, 0xD8E7, 0xD8E7, 0xD8E7, 0xD8E7, 0xD8E7, 0xD8E7, 0xD8E7, 0xD8E7, 0xD8E7, 0xD8E7, 0xD8E7,
    0xD8E7, 0xD8E7, 0xD8E7, 0xD8E7, 0xD8E7, 0xD8E7, 0xD8E7, 0xD8E7, 0xD8E7, 0xD8E7, 0xD8E7, 0xD8E7,
    0xD8E7, 0xD8E7, 0xD8E7, 0xD8E7, 0xD8E7, 0xD908, 0xD886, 0xE2EE, 0xFF7D, 0xFFFF, 0xFFFF, 0xFFFF,
    0xFFFF, 0xFFFF, 0xFFFF, 0xFFFF, 0xFFFF, 0xFFFF, 0xFFFF, 0xFFFF, 0xF5B7, 0xD886, 0xD928, 0xD907,
    0xD8E7, 0xD8E7, 0xD8E7, 0xD8E7, 0xD8E7, 0xD8E7, 0xD8E7, 0xD8E7, 0xD8E7, 0xD8E7, 0xD8E7, 0xD8E7,
    0xD8E7, 0xD8E7, 0xD8E7, 0xD8E7, 0xD8E7, 0xD8E7, 0xD8E7, 0xD8E7, 0xD8E7, 0xD8E7, 0xD8E7, 0xD8E7,
    0xD8E7, 0xD8E7, 0xD8E7, 0xD8E7, 0xD8E7, 0xD8E7, 0xD8E7, 0xD8E7, 0xD8E7, 0xD8E7, 0xD8E7, 0xD8E7,
    0xD8E7, 0xD8E7, 0xD8E7, 0xD8E7, 0xD8E7, 0xD8E7, 0xD8E7, 0xD8E7, 0xD8E7, 0xD8E7, 0xD8E7, 0xD8E7,
    0xD8E7, 0xD8E7, 0xD8E7, 0xD8E7, 0xD8E7, 0xD8E7, 0xD8E7, 0xD8E7, 0x6063, 0x0000, 0x0000, 0x0000,
    0x0000, 0x0000, 0x3022, 0xA0A7, 0xB0A7, 0xA8A7, 0xA8A7, 0xA8A7, 0xA8A7, 0xA8A7, 0xA8A7, 0xA8A7,
    0xA8A7, 0xA8A7, 0xA8A7, 0xA8A7, 0xA8A7, 0xA8A7, 0xA8A7, 0xA8A7, 0xA8A7, 0xA8A7, 0xA8A7, 0xA8A7,
    0xA8A7, 0xA8A7, 0xA8A7, 0xA8A7, 0xA8A7, 0xA8A7, 0xA8A7, 0xA8A7, 0xA8A7, 0xA8A7, 0xA8A7, 0xA8A7,
    0xA8A7, 0xA8A7, 0xA8A7, 0xA8A7, 0xA8A7, 0xA8A7, 0xA8A7, 0xA8A7, 0xA8A7, 0xA8A7, 0xA8A7, 0xA8A7,
    0xA8A7, 0xA8A7, 0xA8A7, 0xA8A7, 0xA8A7, 0xA8A7, 0xA8A7, 0xA8A7, 0xA8A7, 0xA8A7, 0xA8A7, 0xA8A7,
    0xA8A7, 0xA8A7, 0xA8A7, 0xA8A7, 0xA8A7, 0xA8A7, 0xA087, 0x2821, 0x0000, 0x0000, 0x0000, 0x0000,
    0x0000, 0x0000, 0x0000, 0x0000, 0x0000, 0x0000, 0x0000, 0x0000, 0x0000, 0x0000, 0x0000, 0x0000,
    0x0000, 0x0000, 0x0000, 0x0000, 0x0000, 0x0000, 0x0000, 0x0000, 0x0000, 0x0000, 0x0000, 0x0000,
    0x0000, 0x0000, 0x0000, 0x0000, 0x0000, 0x0000, 0x0000, 0x0000, 0x0000, 0x0000, 0x0000, 0x0000,
    0x0000, 0x0000, 0x0000, 0x0000, 0x0000, 0x0000, 0x0000, 0x0000, 0x0000, 0x0000, 0x0000, 0x0000,
    0x0000, 0x0000, 0x0000, 0x0000, 0x3021, 0xD0E7, 0xD8E7, 0xD8E7, 0xD8E7, 0xD8E7, 0xD8E7, 0xD8E7,
    0xD8E7, 0xD8E7, 0xD8E7, 0xD8E7, 0xD8E7, 0xD8E7, 0xD8E7, 0xD8E7, 0xD8E7, 0xD8E7, 0xD8E7, 0xD8E7,
    0xD8E7, 0xD8E7, 0xD8E7, 0xD8E7, 0xD8E7, 0xD8E7, 0xD8E7, 0xD8E7, 0xD8E7, 0xD8E7, 0xD8E7, 0xD8E7,
    0xD8E7, 0xD8E7, 0xD8E7, 0xD8E7, 0xD8E7, 0xD908, 0xD8A6, 0xE24C, 0xFEDB, 0xFFFF, 0xFFFF, 0xFFFF,
    0xFFFF, 0xFFFF, 0xFFFF, 0xFFFF, 0xFFFF, 0xFFFF, 0xFFFF, 0xFFFF, 0xF67A, 0xD98A, 0xD8E7, 0xD908,
    0xD8E7, 0xD8E7, 0xD8E7, 0xD8E7, 0xD8E7, 0xD8E7, 0xD8E7, 0xD8E7, 0xD8E7, 0xD8E7, 0xD8E7, 0xD8E7,
    0xD8E7, 0xD8E7, 0xD8E7, 0xD8E7, 0xD8E7, 0xD8E7, 0xD8E7, 0xD8E7, 0xD8E7, 0xD8E7, 0xD8E7, 0xD8E7,
    0xD8E7, 0xD8E7, 0xD8E7, 0xD8E7, 0xD8E7, 0xD8E7, 0xD8E7, 0xD8E7, 0xD8E7, 0xD8E7, 0xD8E7, 0xD8E7,
    0xD8E7, 0xD8E7, 0xD8E7, 0xD8E7, 0xD8E7, 0xD8E7, 0xD8E7, 0xD8E7, 0xD8E7, 0xD8E7, 0xD8E7, 0xD8E7,
    0xD8E7, 0xD8E7, 0xD8E7, 0xD8E7, 0xD8E7, 0xD8E7, 0xD8E7, 0xD8E7, 0x6063, 0x0000, 0x0000, 0x0000,
    0x0000, 0x0000, 0x3022, 0xA0A7, 0xB0A7, 0xA8A7, 0xA8A7, 0xA8A7, 0xA8A7, 0xA8A7, 0xA8A7, 0xA8A7,
    0xA8A7, 0xA8A7, 0xA8A7, 0xA8A7, 0xA8A7, 0xA8A7, 0xA8A7, 0xA8A7, 0xA8A7, 0xA8A7, 0xA8A7, 0xA8A7,
    0xA8A7, 0xA8A7, 0xA8A7, 0xA8A7, 0xA8A7, 0xA8A7, 0xA8A7, 0xA8A7, 0xA8A7, 0xA8A7, 0xA8A7, 0xA8A7,
    0xA8A7, 0xA8A7, 0xA8A7, 0xA8A7, 0xA8A7, 0xA8A7, 0xA8A7, 0xA8A7, 0xA8A7, 0xA8A7, 0xA8A7, 0xA8A7,
    0xA8A7, 0xA8A7, 0xA8A7, 0xA8A7, 0xA8A7, 0xA8A7, 0xA8A7, 0xA8A7, 0xA8A7, 0xA8A7, 0xA8A7, 0xA8A7,
    0xA8A7, 0xA8A7, 0xA8A7, 0xA8A7, 0xA8A7, 0xA8A7, 0xA087, 0x2821, 0x0000, 0x0000, 0x0000, 0x0000,
    0x0000, 0x0000, 0x0000, 0x0000, 0x0000, 0x0000, 0x0000, 0x0000, 0x0000, 0x0000, 0x0000, 0x0000,
    0x0000, 0x0000, 0x0000, 0x0000, 0x0000, 0x0000, 0x0000, 0x0000, 0x0000, 0x0000, 0x0000, 0x0000,
    0x0000, 0x0000, 0x0000, 0x0000, 0x0000, 0x0000, 0x0000, 0x0000, 0x0000, 0x0000, 0x0000, 0x0000,
    0x0000, 0x0000, 0x0000, 0x0000, 0x0000, 0x0000, 0x0000, 0x0000, 0x0000, 0x0000, 0x0000, 0x0000,
    0x0000, 0x0000, 0x0000, 0x0000, 0x3021, 0xD0E7, 0xD8E7, 0xD8E7, 0xD8E7, 0xD8E7, 0xD8E7, 0xD8E7,
    0xD8E7, 0xD8E7, 0xD8E7, 0xD8E7, 0xD8E7, 0xD8E7, 0xD8E7, 0xD8E7, 0xD8E7, 0xD8E7, 0xD8E7, 0xD8E7,
    0xD8E7, 0xD8E7, 0xD8E7, 0xD8E7, 0xD8E7, 0xD8E7, 0xD8E7, 0xD8E7, 0xD8E7, 0xD8E7, 0xD8E7, 0xD8E7,
    0xD8E7, 0xD8E7, 0xD8E7, 0xD8E7, 0xD8E7, 0xD907, 0xD8C7, 0xD9AA, 0xF639, 0xFFFF, 0xFFFF, 0xFFFF,
    0xFFFF, 0xFFFF, 0xFFFF, 0xFFFF, 0xFFFF, 0xFFFF, 0xFFFF, 0xFFFF, 0xFFBE, 0xEB70, 0xD886, 0xD928,
    0xD8E7, 0xD8E7, 0xD8E7, 0xD8E7, 0xD8E7, 0xD8E7, 0xD8E7, 0xD8E7, 0xD8E7, 0xD8E7, 0xD8E7, 0xD8E7,
    0xD8E7, 0xD8E7, 0xD8E7, 0xD8E7, 0xD8E7, 0xD8E7, 0xD8E7, 0xD8E7, 0xD8E7, 0xD8E7, 0xD8E7, 0xD8E7,
    0xD8E7, 0xD8E7, 0xD8E7, 0xD8E7, 0xD8E7, 0xD8E7, 0xD8E7, 0xD8E7, 0xD8E7, 0xD8E7, 0xD8E7, 0xD8E7,
    0xD8E7, 0xD8E7, 0xD8E7, 0xD8E7, 0xD8E7, 0xD8E7, 0xD8E7, 0xD8E7, 0xD8E7, 0xD8E7, 0xD8E7, 0xD8E7,
    0xD8E7, 0xD8E7, 0xD8E7, 0xD8E7, 0xD8E7, 0xD8E7, 0xD8E7, 0xD8E7, 0x6063, 0x0000, 0x0000, 0x0000,
    0x0000, 0x0000, 0x3022, 0xA0A7, 0xB0A7, 0xA8A7, 0xA8A7, 0xA8A7, 0xA8A7, 0xA8A7, 0xA8A7, 0xA8A7,
    0xA8A7, 0xA8A7, 0xA8A7, 0xA8A7, 0xA8A7, 0xA8A7, 0xA8A7, 0xA8A7, 0xA8A7, 0xA8A7, 0xA8A7, 0xA8A7,
    0xA8A7, 0xA8A7, 0xA8A7, 0xA8A7, 0xA8A7, 0xA8A7, 0xA8A7, 0xA8A7, 0xA8A7, 0xA8A7, 0xA8A7, 0xA8A7,
    0xA8A7, 0xA8A7, 0xA8A7, 0xA8A7, 0xA8A7, 0xA8A7, 0xA8A7, 0xA8A7, 0xA8A7, 0xA8A7, 0xA8A7, 0xA8A7,
    0xA8A7, 0xA8A7, 0xA8A7, 0xA8A7, 0xA8A7, 0xA8A7, 0xA8A7, 0xA8A7, 0xA8A7, 0xA8A7, 0xA8A7, 0xA8A7,
    0xA8A7, 0xA8A7, 0xA8A7, 0xA8A7, 0xA8A7, 0xA8A7, 0xA087, 0x2821, 0x0000, 0x0000, 0x0000, 0x0000,
    0x0000, 0x0000, 0x0000, 0x0000, 0x0000, 0x0000, 0x0000, 0x0000, 0x0000, 0x0000, 0x0000, 0x0000,
    0x0000, 0x0000, 0x0000, 0x0000, 0x0000, 0x0000, 0x0000, 0x0000, 0x0000, 0x0000, 0x0000, 0x0000,
    0x0000, 0x0000, 0x0000, 0x0000, 0x0000, 0x0000, 0x0000, 0x0000, 0x0000, 0x0000, 0x0000, 0x0000,
    0x0000, 0x0000, 0x0000, 0x0000, 0x0000, 0x0000, 0x0000, 0x0000, 0x0000, 0x0000, 0x0000, 0x0000,
    0x0000, 0x0000, 0x0000, 0x0000, 0x3021, 0xD0E7, 0xD8E7, 0xD8E7, 0xD8E7, 0xD8E7, 0xD8E7, 0xD8E7,
    0xD8E7, 0xD8E7, 0xD8E7, 0xD8E7, 0xD8E7, 0xD8E7, 0xD8E7, 0xD8E7, 0xD8E7, 0xD8E7, 0xD8E7, 0xD8E7,
    0xD8E7, 0xD8E7, 0xD8E7, 0xD8E7, 0xD8E7, 0xD8E7, 0xD8E7, 0xD8E7, 0xD8E7, 0xD8E7, 0xD8E7, 0xD8E7,
    0xD8E7, 0xD8E7, 0xD8E7, 0xD8E7, 0xD8E7, 0xD907, 0xD907, 0xD8E7, 0xF5B7, 0xFFFF, 0xFFDF, 0xFFFF,
    0xFFFF, 0xFFFF, 0xFFFF, 0xFFFF, 0xFFFF, 0xFFFF, 0xFFFF, 0xFFDF, 0xFFFF, 0xF577, 0xD8E7, 0xD908,
    0xD907, 0xD8E7, 0xD8E7, 0xD8E7, 0xD8E7, 0xD8E7, 0xD8E7, 0xD8E7, 0xD8E7, 0xD8E7, 0xD907, 0xD8E7,
    0xD8E7, 0xD907, 0xD8E7, 0xD8E7, 0xD8E7, 0xD8E7, 0xD8E7, 0xD8E7, 0xD8E7, 0xD8E7, 0xD8E7, 0xD8E7,
    0xD8E7, 0xD8E7, 0xD8E7, 0xD8E7, 0xD8E7, 0xD8E7, 0xD8E7, 0xD8E7, 0xD8E7, 0xD8E7, 0xD8E7, 0xD8E7,
    0xD8E7, 0xD8E7, 0xD8E7, 0xD8E7, 0xD8E7, 0xD8E7, 0xD8E7, 0xD8E7, 0xD8E7, 0xD8E7, 0xD8E7, 0xD8E7,
    0xD8E7, 0xD8E7, 0xD8E7, 0xD8E7, 0xD8E7, 0xD8E7, 0xD8E7, 0xD8E7, 0x6863, 0x0000, 0x0000, 0x0000,
    0x0000, 0x0000, 0x3822, 0xA0A7, 0xB0A7, 0xA8A7, 0xA8A7, 0xA8A7, 0xA8A7, 0xA8A7, 0xA8A7, 0xA8A7,
    0xA8A7, 0xA8A7, 0xA8A7, 0xA8A7, 0xA8A7, 0xA8A7, 0xA8A7, 0xA8A7, 0xA8A7, 0xA8A7, 0xA8A7, 0xA8A7,
    0xA8A7, 0xA8A7, 0xA8A7, 0xA8A7, 0xA8A7, 0xA8A7, 0xA8A7, 0xA8A7, 0xA8A7, 0xA8A7, 0xA8A7, 0xA8A7,
    0xA8A7, 0xA8A7, 0xA8A7, 0xA8A7, 0xA8A7, 0xA8A7, 0xA8A7, 0xA8A7, 0xA8A7, 0xA8A7, 0xA8A7, 0xA8A7,
    0xA8A7, 0xA8A7, 0xA8A7, 0xA8A7, 0xA8A7, 0xA8A7, 0xA8A7, 0xA8A7, 0xA8A7, 0xA8A7, 0xA8A7, 0xA8A7,
    0xA8A7, 0xA8A7, 0xA8A7, 0xA8A7, 0xA8A7, 0xA8A7, 0xA087, 0x2021, 0x0000, 0x0000, 0x0000, 0x0000,
    0x0000, 0x0000, 0x0000, 0x0000, 0x0000, 0x0000, 0x0000, 0x0000, 0x0000, 0x0000, 0x0000, 0x0000,
    0x0000, 0x0000, 0x0000, 0x0000, 0x0000, 0x0000, 0x0000, 0x0000, 0x0000, 0x0000, 0x0000, 0x0000,
    0x0000, 0x0000, 0x0000, 0x0000, 0x0000, 0x0000, 0x0000, 0x0000, 0x0000, 0x0000, 0x0000, 0x0000,
    0x0000, 0x0000, 0x0000, 0x0000, 0x0000, 0x0000, 0x0000, 0x0000, 0x0000, 0x0000, 0x0000, 0x0000,
    0x0000, 0x0000, 0x0000, 0x0000, 0x3021, 0xD0E7, 0xD8E7, 0xD8E7, 0xD8E7, 0xD8E7, 0xD8E7, 0xD8E7,
    0xD8E7, 0xD8E7, 0xD8E7, 0xD8E7, 0xD8E7, 0xD8E7, 0xD8E7, 0xD8E7, 0xD8E7, 0xD8E7, 0xD8E7, 0xD8E7,
    0xD8E7, 0xD8E7, 0xD8E7, 0xD8E7, 0xD8E7, 0xD8E7, 0xD8E7, 0xD8E7, 0xD8E7, 0xD8E7, 0xD8E7, 0xD8E7,
    0xD8E7, 0xD8E7, 0xD8E7, 0xD8E7, 0xD8E7, 0xD8E7, 0xD928, 0xD045, 0xECF5, 0xFFFF, 0xFFDF, 0xFFFF,
    0xFFFF, 0xFFFF, 0xFFFF, 0xFFFF, 0xFFFF, 0xFFFF, 0xFFFF, 0xFFFF, 0xFFFF, 0xFFDF, 0xE370, 0xD845,
    0xD908, 0xD8E7, 0xD8E7, 0xD8E7, 0xD8E7, 0xD8E7, 0xD8E7, 0xD8E7, 0xD8E7, 0xD8E7, 0xD8A6, 0xD948,
    0xD9AA, 0xD8C7, 0xD907, 0xD8E7, 0xD8E7, 0xD8E7, 0xD8E7, 0xD8E7, 0xD8E7, 0xD8E7, 0xD8E7, 0xD8E7,
    0xD8E7, 0xD8E7, 0xD8E7, 0xD8E7, 0xD8E7, 0xD8E7, 0xD8E7, 0xD8E7, 0xD8E7, 0xD8E7, 0xD8E7, 0xD8E7,
    0xD8E7, 0xD8E7, 0xD8E7, 0xD8E7, 0xD8E7, 0xD8E7, 0xD8E7, 0xD8E7, 0xD8E7, 0xD8E7, 0xD8E7, 0xD8E7,
    0xD8E7, 0xD8E7, 0xD8E7, 0xD8E7, 0xD8E7, 0xD8E7, 0xD8E7, 0xD8E7, 0x6863, 0x0000, 0x0000, 0x0000,
    0x0000, 0x0000, 0x3822, 0xA0A7, 0xB0A7, 0xA8A7, 0xA8A7, 0xA8A7, 0xA8A7, 0xA8A7, 0xA8A7, 0xA8A7,
    0xA8A7, 0xA8A7, 0xA8A7, 0xA8A7, 0xA8A7, 0xA8A7, 0xA8A7, 0xA8A7, 0xA8A7, 0xA8A7, 0xA8A7, 0xA8A7,
    0xA8A7, 0xA8A7, 0xA8A7, 0xA8A7, 0xA8A7, 0xA8A7, 0xA8A7, 0xA8A7, 0xA8A7, 0xA8A7, 0xA8A7, 0xA8A7,
    0xA8A7, 0xA8A7, 0xA8A7, 0xA8A7, 0xA8A7, 0xA8A7, 0xA8A7, 0xA8A7, 0xA8A7, 0xA8A7, 0xA8A7, 0xA8A7,
    0xA8A7, 0xA8A7, 0xA8A7, 0xA8A7, 0xA8A7, 0xA8A7, 0xA8A7, 0xA8A7, 0xA8A7, 0xA8A7, 0xA8A7, 0xA8A7,
    0xA8A7, 0xA8A7, 0xA8A7, 0xA8A7, 0xA8A7, 0xA8A7, 0xA087, 0x2821, 0x0000, 0x0000, 0x0000, 0x0000,
    0x0000, 0x0000, 0x0000, 0x0000, 0x0000, 0x0000, 0x0000, 0x0000, 0x0000, 0x0000, 0x0000, 0x0000,
    0x0000, 0x0000, 0x0000, 0x0000, 0x0000, 0x0000, 0x0000, 0x0000, 0x0000, 0x0000, 0x0000, 0x0000,
    0x0000, 0x0000, 0x0000, 0x0000, 0x0000, 0x0000, 0x0000, 0x0000, 0x0000, 0x0000, 0x0000, 0x0000,
    0x0000, 0x0000, 0x0000, 0x0000, 0x0000, 0x0000, 0x0000, 0x0000, 0x0000, 0x0000, 0x0000, 0x0000,
    0x0000, 0x0000, 0x0000, 0x0000, 0x3021, 0xD0E7, 0xD8E7, 0xD8E7, 0xD8E7, 0xD8E7, 0xD8E7, 0xD8E7,
    0xD8E7, 0xD8E7, 0xD8E7, 0xD8E7, 0xD8E7, 0xD8E7, 0xD8E7, 0xD8E7, 0xD8E7, 0xD8E7, 0xD8E7, 0xD8E7,
    0xD8E7, 0xD8E7, 0xD8E7, 0xD8E7, 0xD8E7, 0xD8E7, 0xD8E7, 0xD8E7, 0xD8E7, 0xD8E7, 0xD8E7, 0xD8E7,
    0xD8E7, 0xD8E7, 0xD8E7, 0xD8E7, 0xD8E7, 0xD8E7, 0xD908, 0xD866, 0xEBB1, 0xFFDF, 0xFFFF, 0xFFFF,
    0xFFFF, 0xFFFF, 0xFFFF, 0xFFFF, 0xFFFF, 0xFFFF, 0xFFFF, 0xFFFF, 0xFFFF, 0xFFFF, 0xFF5D, 0xE2EE,
    0xD8A6, 0xD8E7, 0xD8E7, 0xD8E7, 0xD8E7, 0xD8E7, 0xD8E7, 0xD8E7, 0xD8C7, 0xD969, 0xECF5, 0xFFBE,
    0xFEBB, 0xE24C, 0xD8A6, 0xD908, 0xD8E7, 0xD8E7, 0xD8E7, 0xD8E7, 0xD8E7, 0xD8E7, 0xD8E7, 0xD8E7,
    0xD8E7, 0xD8E7, 0xD8E7, 0xD8E7, 0xD8E7, 0xD8E7, 0xD8E7, 0xD8E7, 0xD8E7, 0xD8E7, 0xD8E7, 0xD8E7,
    0xD8E7, 0xD8E7, 0xD8E7, 0xD8E7, 0xD8E7, 0xD8E7, 0xD8E7, 0xD8E7, 0xD8E7, 0xD8E7, 0xD8E7, 0xD8E7,
    0xD8E7, 0xD8E7, 0xD8E7, 0xD8E7, 0xD8E7, 0xD8E7, 0xD8E7, 0xD8E7, 0x6863, 0x0000, 0x0000, 0x0000,
    0x0000, 0x0000, 0x3822, 0xA0A7, 0xB0A7, 0xA8A7, 0xA8A7, 0xA8A7, 0xA8A7, 0xA8A7, 0xA8A7, 0xA8A7,
    0xA8A7, 0xA8A7, 0xA8A7, 0xA8A7, 0xA8A7, 0xA8A7, 0xA8A7, 0xA8A7, 0xA8A7, 0xA8A7, 0xA8A7, 0xA8A7,
    0xA8A7, 0xA8A7, 0xA8A7, 0xA8A7, 0xA8A7, 0xA8A7, 0xA8A7, 0xA8A7, 0xA8A7, 0xA8A7, 0xA8A7, 0xA8A7,
    0xA8A7, 0xA8A7, 0xA8A7, 0xA8A7, 0xA8A7, 0xA8A7, 0xA8A7, 0xA8A7, 0xA8A7, 0xA8A7, 0xA8A7, 0xA8A7,
    0xA8A7, 0xA8A7, 0xA8A7, 0xA8A7, 0xA8A7, 0xA8A7, 0xA8A7, 0xA8A7, 0xA8A7, 0xA8A7, 0xA8A7, 0xA8A7,
    0xA8A7, 0xA8A7, 0xA8A7, 0xA8A7, 0xA8A7, 0xA8A7, 0xA087, 0x2821, 0x0000, 0x0000, 0x0000, 0x0000,
    0x0000, 0x0000, 0x0000, 0x0000, 0x0000, 0x0000, 0x0000, 0x0000, 0x0000, 0x0000, 0x0000, 0x0000,
    0x0000, 0x0000, 0x0000, 0x0000, 0x0000, 0x0000, 0x0000, 0x0000, 0x0000, 0x0000, 0x0000, 0x0000,
    0x0000, 0x0000, 0x0000, 0x0000, 0x0000, 0x0000, 0x0000, 0x0000, 0x0000, 0x0000, 0x0000, 0x0000,
    0x0000, 0x0000, 0x0000, 0x0000, 0x0000, 0x0000, 0x0000, 0x0000, 0x0000, 0x0000, 0x0000, 0x0000,
    0x0000, 0x0000, 0x0000, 0x0000, 0x3021, 0xD0E7, 0xD8E7, 0xD8E7, 0xD8E7, 0xD8E7, 0xD8E7, 0xD8E7,
    0xD8E7, 0xD8E7, 0xD8E7, 0xD8E7, 0xD8E7, 0xD8E7, 0xD8E7, 0xD8E7, 0xD8E7, 0xD8E7, 0xD8E7, 0xD8E7,
    0xD8E7, 0xD8E7, 0xD8E7, 0xD8E7, 0xD8E7, 0xD8E7, 0xD8E7, 0xD8E7, 0xD8E7, 0xD8E7, 0xD8E7, 0xD8E7,
    0xD8E7, 0xD8E7, 0xD8E7, 0xD8E7, 0xD8E7, 0xD8E7, 0xD908, 0xD8C7, 0xE24C, 0xFEDC, 0xFFFF, 0xFFFF,
    0xFFFF, 0xFFFF, 0xFFFF, 0xFFFF, 0xFFFF, 0xFFFF, 0xFFFF, 0xFFFF, 0xFFFF, 0xFFFF, 0xFFFF, 0xFFFF,
    0xF556, 0xE22B, 0xD928, 0xD928, 0xD928, 0xD928, 0xD928, 0xD949, 0xEBF1, 0xFF9E, 0xFFFF, 0xFFFF,
    0xFFFF, 0xF576, 0xD8E7, 0xD8E7, 0xD907, 0xD8E7, 0xD8E7, 0xD8E7, 0xD8E7, 0xD8E7, 0xD8E7, 0xD8E7,
    0xD8E7, 0xD8E7, 0xD8E7, 0xD8E7, 0xD8E7, 0xD8E7, 0xD8E7, 0xD8E7, 0xD8E7, 0xD8E7, 0xD8E7, 0xD8E7,
    0xD8E7, 0xD8E7, 0xD8E7, 0xD8E7, 0xD8E7, 0xD8E7, 0xD8E7, 0xD8E7, 0xD8E7, 0xD8E7, 0xD8E7, 0xD8E7,
    0xD8E7, 0xD8E7, 0xD8E7, 0xD8E7, 0xD8E7, 0xD8E7, 0xD8E7, 0xD8E7, 0x6883, 0x0000, 0x0000, 0x0000,
    0x0000, 0x0000, 0x3822, 0xA0A7, 0xB0A7, 0xA8A7, 0xA8A7, 0xA8A7, 0xA8A7, 0xA8A7, 0xA8A7, 0xA8A7,
    0xA8A7, 0xA8A7, 0xA8A7, 0xA8A7, 0xA8A7, 0xA8A7, 0xA8A7, 0xA8A7, 0xA8A7, 0xA8A7, 0xA8A7, 0xA8A7,
    0xA8A7, 0xA8A7, 0xA8A7, 0xA8A7, 0xA8A7, 0xA8A7, 0xA8A7, 0xA8A7, 0xA8A7, 0xA8A7, 0xA8A7, 0xA8A7,
    0xA8A7, 0xA8A7, 0xA8A7, 0xA8A7, 0xA8A7, 0xA8A7, 0xA8A7, 0xA8A7, 0xA8A7, 0xA8A7, 0xA8A7, 0xA8A7,
    0xA8A7, 0xA8A7, 0xA8A7, 0xA8A7, 0xA8A7, 0xA8A7, 0xA8A7, 0xA8A7, 0xA8A7, 0xA8A7, 0xA8A7, 0xA8A7,
    0xA8A7, 0xA8A7, 0xA8A7, 0xA8A7, 0xA8A7, 0xA8A7, 0xA087, 0x2821, 0x0000, 0x0000, 0x0000, 0x0000,
    0x0000, 0x0000, 0x0000, 0x0000, 0x0000, 0x0000, 0x0000, 0x0000, 0x0000, 0x0000, 0x0000, 0x0000,
    0x0000, 0x0000, 0x0000, 0x0000, 0x0000, 0x0000, 0x0000, 0x0000, 0x0000, 0x0000, 0x0000, 0x0000,
    0x0000, 0x0000, 0x0000, 0x0000, 0x0000, 0x0000, 0x0000, 0x0000, 0x0000, 0x0000, 0x0000, 0x0000,
    0x0000, 0x0000, 0x0000, 0x0000, 0x0000, 0x0000, 0x0000, 0x0000, 0x0000, 0x0000, 0x0000, 0x0000,
    0x0000, 0x0000, 0x0000, 0x0000, 0x3021, 0xD0E7, 0xD8E7, 0xD8E7, 0xD8E7, 0xD8E7, 0xD8E7, 0xD8E7,
    0xD8E7, 0xD8E7, 0xD8E7, 0xD8E7, 0xD8E7, 0xD8E7, 0xD8E7, 0xD8E7, 0xD8E7, 0xD8E7, 0xD8E7, 0xD8E7,
    0xD8E7, 0xD8E7, 0xD8E7, 0xD8E7, 0xD8E7, 0xD8E7, 0xD8E7, 0xD8E7, 0xD8E7, 0xD8E7, 0xD8E7, 0xD8E7,
    0xD8E7, 0xD8E7, 0xD8E7, 0xD8E7, 0xD8E7, 0xD8E7, 0xD907, 0xD908, 0xD8C7, 0xF5F8, 0xFFFF, 0xFFFF,
    0xFFFF, 0xFFFF, 0xFFFF, 0xFFFF, 0xFFFF, 0xFFFF, 0xFFFF, 0xFFFF, 0xFFFF, 0xFFFF, 0xFFFF, 0xFFFF,
    0xFFFF, 0xFFFF, 0xFF3D, 0xFE9A, 0xFE9B, 0xFE9A, 0xFEBB, 0xFFDF, 0xFFFF, 0xFFFF, 0xFFFF, 0xFFFF,
    0xFFFF, 0xFFDF, 0xE34F, 0xD886, 0xD908, 0xD8E7, 0xD8E7, 0xD8E7, 0xD8E7, 0xD8E7, 0xD8E7, 0xD8E7,
    0xD8E7, 0xD8E7, 0xD8E7, 0xD8E7, 0xD8E7, 0xD8E7, 0xD8E7, 0xD8E7, 0xD8E7, 0xD8E7, 0xD8E7, 0xD8E7,
    0xD8E7, 0xD8E7, 0xD8E7, 0xD8E7, 0xD8E7, 0xD8E7, 0xD8E7, 0xD8E7, 0xD8E7, 0xD8E7, 0xD8E7, 0xD8E7,
    0xD8E7, 0xD8E7, 0xD8E7, 0xD8E7, 0xD8E7, 0xD8E7, 0xD8E7, 0xE0E7, 0x7084, 0x0000, 0x0000, 0x0000,
    0x0000, 0x0000, 0x3822, 0xA0A7, 0xB0A7, 0xA8A7, 0xA8A7, 0xA8A7, 0xA8A7, 0xA8A7, 0xA8A7, 0xA8A7,
    0xA8A7, 0xA8A7, 0xA8A7, 0xA8A7, 0xA8A7, 0xA8A7, 0xA8A7, 0xA8A7, 0xA8A7, 0xA8A7, 0xA8A7, 0xA8A7,
    0xA8A7, 0xA8A7, 0xA8A7, 0xA8A7, 0xA8A7, 0xA8A7, 0xA8A7, 0xA8A7, 0xA8A7, 0xA8A7, 0xA8A7, 0xA8A7,
    0xA8A7, 0xA8A7, 0xA8A7, 0xA8A7, 0xA8A7, 0xA8A7, 0xA8A7, 0xA8A7, 0xA8A7, 0xA8A7, 0xA8A7, 0xA8A7,
    0xA8A7, 0xA8A7, 0xA8A7, 0xA8A7, 0xA8A7, 0xA8A7, 0xA8A7, 0xA8A7, 0xA8A7, 0xA8A7, 0xA8A7, 0xA8A7,
    0xA8A7, 0xA8A7, 0xA8A7, 0xA8A7, 0xA8A7, 0xA8A7, 0xA087, 0x2021, 0x0000, 0x0000, 0x0000, 0x0000,
    0x0000, 0x0000, 0x0000, 0x0000, 0x0000, 0x0000, 0x0000, 0x0000, 0x0000, 0x0000, 0x0000, 0x0000,
    0x0000, 0x0000, 0x0000, 0x0000, 0x0000, 0x0000, 0x0000, 0x0000, 0x0000, 0x0000, 0x0000, 0x0000,
    0x0000, 0x0000, 0x0000, 0x0000, 0x0000, 0x0000, 0x0000, 0x0000, 0x0000, 0x0000, 0x0000, 0x0000,
    0x0000, 0x0000, 0x0000, 0x0000, 0x0000, 0x0000, 0x0000, 0x0000, 0x0000, 0x0000, 0x0000, 0x0000,
    0x0000, 0x0000, 0x0000, 0x0000, 0x3021, 0xD0E7, 0xD8E7, 0xD8E7, 0xD8E7, 0xD8E7, 0xD8E7, 0xD8E7,
    0xD8E7, 0xD8E7, 0xD8E7, 0xD8E7, 0xD8E7, 0xD8E7, 0xD8E7, 0xD8E7, 0xD8E7, 0xD8E7, 0xD8E7, 0xD8E7,
    0xD8E7, 0xD8E7, 0xD8E7, 0xD8E7, 0xD8E7, 0xD8E7, 0xD8E7, 0xD8E7, 0xD8E7, 0xD8E7, 0xD8E7, 0xD8E7,
    0xD8E7, 0xD8E7, 0xD8E7, 0xD8E7, 0xD8E7, 0xD8E7, 0xD8E7, 0xD928, 0xD845, 0xECB4, 0xFFFF, 0xFFFF,
    0xFFFF, 0xFFFF, 0xFFFF, 0xFFFF, 0xFFFF, 0xFFFF, 0xFFFF, 0xFFFF, 0xFFFF, 0xFFFF, 0xFFFF, 0xFFFF,
    0xFFFF, 0xFFFF, 0xFFFF, 0xFFFF, 0xFFFF, 0xFFFF, 0xFFFF, 0xFFFF, 0xFFFF, 0xFFFF, 0xFFFF, 0xFFFF,
    0xFFDF, 0xFFFF, 0xF619, 0xD989, 0xD8C7, 0xD908, 0xD8E7, 0xD8E7, 0xD8E7, 0xD8E7, 0xD8E7, 0xD8E7,
    0xD8E7, 0xD8E7, 0xD8E7, 0xD8E7, 0xD8E7, 0xD8E7, 0xD8E7, 0xD8E7, 0xD8E7, 0xD8E7, 0xD8E7, 0xD8E7,
    0xD8E7, 0xD8E7, 0xD8E7, 0xD8E7, 0xD8E7, 0xD8E7, 0xD8E7, 0xD8E7, 0xD8E7, 0xD8E7, 0xD8E7, 0xD8E7,
    0xD8E7, 0xD8E7, 0xD8E7, 0xD8E7, 0xD8E7, 0xD8E7, 0xD8E7, 0xE108, 0x7084, 0x0000, 0x0000, 0x0000,
    0x0000, 0x0000, 0x3022, 0xA0A7, 0xB0A7, 0xA8A7, 0xA8A7, 0xA8A7, 0xA8A7, 0xA8A7, 0xA8A7, 0xA8A7,
    0xA8A7, 0xA8A7, 0xA8A7, 0xA8A7, 0xA8A7, 0xA8A7, 0xA8A7, 0xA8A7, 0xA8A7, 0xA8A7, 0xA8A7, 0xA8A7,
    0xA8A7, 0xA8A7, 0xA8A7, 0xA8A7, 0xA8A7, 0xA8A7, 0xA8A7, 0xA8A7, 0xA8A7, 0xA8A7, 0xA8A7, 0xA8A7,
    0xA8A7, 0xA8A7, 0xA8A7, 0xA8A7, 0xA8A7, 0xA8A7, 0xA8A7, 0xA8A7, 0xA8A7, 0xA8A7, 0xA8A7, 0xA8A7,
    0xA8A7, 0xA8A7, 0xA8A7, 0xA8A7, 0xA8A7, 0xA8A7, 0xA8A7, 0xA8A7, 0xA8A7, 0xA8A7, 0xA8A7, 0xA8A7,
    0xA8A7, 0xA8A7, 0xA8A7, 0xA8A7, 0xA8A7, 0xA8A7, 0xA087, 0x2821, 0x0000, 0x0000, 0x0000, 0x0000,
    0x0000, 0x0000, 0x0000, 0x0000, 0x0000, 0x0000, 0x0000, 0x0000, 0x0000, 0x0000, 0x0000, 0x0000,
    0x0000, 0x0000, 0x0000, 0x0000, 0x0000, 0x0000, 0x0000, 0x0000, 0x0000, 0x0000, 0x0000, 0x0000,
    0x0000, 0x0000, 0x0000, 0x0000, 0x0000, 0x0000, 0x0000, 0x0000, 0x0000, 0x0000, 0x0000, 0x0000,
    0x0000, 0x0000, 0x0000, 0x0000, 0x0000, 0x0000, 0x0000, 0x0000, 0x0000, 0x0000, 0x0000, 0x0000,
    0x0000, 0x0000, 0x0000, 0x0000, 0x3021, 0xD0E7, 0xD8E7, 0xD8E7, 0xD8E7, 0xD8E7, 0xD8E7, 0xD8E7,
    0xD8E7, 0xD8E7, 0xD8E7, 0xD8E7, 0xD8E7, 0xD8E7, 0xD8E7, 0xD8E7, 0xD8E7, 0xD8E7, 0xD8E7, 0xD8E7,
    0xD8E7, 0xD8E7, 0xD8E7, 0xD8E7, 0xD8E7, 0xD8E7, 0xD8E7, 0xD8E7, 0xD8E7, 0xD8E7, 0xD8E7, 0xD8E7,
    0xD8E7, 0xD8E7, 0xD8E7, 0xD8E7, 0xD8E7, 0xD8E7, 0xD8E7, 0xD908, 0xD8C7, 0xE24C, 0xFF1C, 0xFFFF,
    0xFFFF, 0xFFFF, 0xFFFF, 0xFFFF, 0xFFFF, 0xFFFF, 0xFFFF, 0xFFFF, 0xFFFF, 0xFFFF, 0xFFFF, 0xFFFF,
    0xFFFF, 0xFFFF, 0xFFFF, 0xFFFF, 0xFFFF, 0xFFFF, 0xFFFF, 0xFFFF, 0xFFFF, 0xFFFF, 0xFFFF, 0xFFFF,
    0xFFFF, 0xFFDF, 0xFFFF, 0xEBF1, 0xD8A6, 0xD907, 0xD8E7, 0xD8E7, 0xD8E7, 0xD8E7, 0xD8E7, 0xD8E7,
    0xD8E7, 0xD8E7, 0xD8E7, 0xD8E7, 0xD8E7, 0xD8E7, 0xD8E7, 0xD8E7, 0xD8E7, 0xD8E7, 0xD8E7, 0xD8E7,
    0xD8E7, 0xD8E7, 0xD8E7, 0xD8E7, 0xD8E7, 0xD8E7, 0xD8E7, 0xD8E7, 0xD8E7, 0xD8E7, 0xD8E7, 0xD8E7,
    0xD8E7, 0xD8E7, 0xD8E7, 0xD8E7, 0xD8E7, 0xD8E7, 0xD8E7, 0xE108, 0x7084, 0x0000, 0x0000, 0x0000,
    0x0000, 0x0000, 0x2021, 0x9886, 0xB0A7, 0xA8A7, 0xA8A7, 0xA8A7, 0xA8A7, 0xA8A7, 0xA8A7, 0xA8A7,
    0xA8A7, 0xA8A7, 0xA8A7, 0xA8A7, 0xA8A7, 0xA8A7, 0xA8A7, 0xA8A7, 0xA8A7, 0xA8A7, 0xA8A7, 0xA8A7,
    0xA8A7, 0xA8A7, 0xA8A7, 0xA8A7, 0xA8A7, 0xA8A7, 0xA8A7, 0xA8A7, 0xA8A7, 0xA8A7, 0xA8A7, 0xA8A7,
    0xA8A7, 0xA8A7, 0xA8A7, 0xA8A7, 0xA8A7, 0xA8A7, 0xA8A7, 0xA8A7, 0xA8A7, 0xA8A7, 0xA8A7, 0xA8A7,
    0xA8A7, 0xA8A7, 0xA8A7, 0xA8A7, 0xA8A7, 0xA8A7, 0xA8A7, 0xA8A7, 0xA8A7, 0xA8A7, 0xA8A7, 0xA8A7,
    0xA8A7, 0xA8A7, 0xA8A7, 0xA8A7, 0xA8A7, 0xA8A7, 0xA087, 0x2821, 0x0000, 0x0000, 0x0000, 0x0000,
    0x0000, 0x0000, 0x0000, 0x0000, 0x0000, 0x0000, 0x0000, 0x0000, 0x0000, 0x0000, 0x0000, 0x0000,
    0x0000, 0x0000, 0x0000, 0x0000, 0x0000, 0x0000, 0x0000, 0x0000, 0x0000, 0x0000, 0x0000, 0x0000,
    0x0000, 0x0000, 0x0000, 0x0000, 0x0000, 0x0000, 0x0000, 0x0000, 0x0000, 0x0000, 0x0000, 0x0000,
    0x0000, 0x0000, 0x0000, 0x0000, 0x0000, 0x0000, 0x0000, 0x0000, 0x0000, 0x0000, 0x0000, 0x0000,
    0x0000, 0x0000, 0x0000, 0x0000, 0x3021, 0xD0E7, 0xD8E7, 0xD8E7, 0xD8E7, 0xD8E7, 0xD8E7, 0xD8E7,
    0xD8E7, 0xD8E7, 0xD8E7, 0xD8E7, 0xD8E7, 0xD8E7, 0xD8E7, 0xD8E7, 0xD8E7, 0xD8E7, 0xD8E7, 0xD8E7,
    0xD8E7, 0xD8E7, 0xD8E7, 0xD8E7, 0xD8E7, 0xD8E7, 0xD8E7, 0xD8E7, 0xD8E7, 0xD8E7, 0xD8E7, 0xD8E7,
    0xD8E7, 0xD8E7, 0xD8E7, 0xD8E7, 0xD8E7, 0xD8E7, 0xD8E7, 0xD8E7, 0xD928, 0xD865, 0xF536, 0xFFFF,
    0xFFFF, 0xFFFF, 0xFFFF, 0xFFFF, 0xFFFF, 0xFFFF, 0xFFFF, 0xFFFF, 0xFFFF, 0xFFFF, 0xFFFF, 0xFFFF,
    0xFFFF, 0xFFFF, 0xFFFF, 0xFFFF, 0xFFFF, 0xFFFF, 0xFFFF, 0xFFFF, 0xFFFF, 0xFFFF, 0xFFFF, 0xFFFF,
    0xFFFF, 0xFFFF, 0xFFFF, 0xFEDB, 0xE20B, 0xD8A6, 0xD908, 0xD8E7, 0xD8E7, 0xD8E7, 0xD8E7, 0xD8E7,
    0xD8E7, 0xD8E7, 0xD8E7, 0xD8E7, 0xD8E7, 0xD8E7, 0xD8E7, 0xD8E7, 0xD8E7, 0xD8E7, 0xD8E7, 0xD8E7,
    0xD8E7, 0xD8E7, 0xD8E7, 0xD8E7, 0xD8E7, 0xD8E7, 0xD8E7, 0xD8E7, 0xD8E7, 0xD8E7, 0xD8E7, 0xD8E7,
    0xD8E7, 0xD8E7, 0xD8E7, 0xD8E7, 0xD8E7, 0xD8E7, 0xD8E7, 0xE108, 0x7884, 0x0000, 0x0000, 0x0000,
    0x0000, 0x0000, 0x1821, 0x9886, 0xB0A7, 0xA8A7, 0xA8A7, 0xA8A7, 0xA8A7, 0xA8A7, 0xA8A7, 0xA8A7,
    0xA8A7, 0xA8A7, 0xA8A7, 0xA8A7, 0xA8A7, 0xA8A7, 0xA8A7, 0xA8A7, 0xA8A7, 0xA8A7, 0xA8A7, 0xA8A7,
    0xA8A7, 0xA8A7, 0xA8A7, 0xA8A7, 0xA8A7, 0xA8A7, 0xA8A7, 0xA8A7, 0xA8A7, 0xA8A7, 0xA8A7, 0xA8A7,
    0xA8A7, 0xA8A7, 0xA8A7, 0xA8A7, 0xA8A7, 0xA8A7, 0xA8A7, 0xA8A7, 0xA8A7, 0xA8A7, 0xA8A7, 0xA8A7,
    0xA8A7, 0xA8A7, 0xA8A7, 0xA8A7, 0xA8A7, 0xA8A7, 0xA8A7, 0xA8A7, 0xA8A7, 0xA8A7, 0xA8A7, 0xA8A7,
    0xA8A7, 0xA8A7, 0xA8A7, 0xA8A7, 0xA8A7, 0xA8A7, 0xA087, 0x2821, 0x0000, 0x0000, 0x0000, 0x0000,
    0x0000, 0x0000, 0x0000, 0x0000, 0x0000, 0x0000, 0x0000, 0x0000, 0x0000, 0x0000, 0x0000, 0x0000,
    0x0000, 0x0000, 0x0000, 0x0000, 0x0000, 0x0000, 0x0000, 0x0000, 0x0000, 0x0000, 0x0000, 0x0000,
    0x0000, 0x0000, 0x0000, 0x0000, 0x0000, 0x0000, 0x0000, 0x0000, 0x0000, 0x0000, 0x0000, 0x0000,
    0x0000, 0x0000, 0x0000, 0x0000, 0x0000, 0x0000, 0x0000, 0x0000, 0x0000, 0x0000, 0x0000, 0x0000,
    0x0000, 0x0000, 0x0000, 0x0000, 0x3021, 0xD0E7, 0xD8E7, 0xD8E7, 0xD8E7, 0xD8E7, 0xD8E7, 0xD8E7,
    0xD8E7, 0xD8E7, 0xD8E7, 0xD8E7, 0xD8E7, 0xD8E7, 0xD8E7, 0xD8E7, 0xD8E7, 0xD8E7, 0xD8E7, 0xD8E7,
    0xD8E7, 0xD8E7, 0xD8E7, 0xD8E7, 0xD8E7, 0xD8E7, 0xD8E7, 0xD8E7, 0xD8E7, 0xD8E7, 0xD8E7, 0xD8E7,
    0xD8E7, 0xD8E7, 0xD8E7, 0xD8E7, 0xD8E7, 0xD8E7, 0xD8E7, 0xD8E7, 0xD908, 0xD8E7, 0xE24C, 0xFF5D,
    0xFFFF, 0xFFFF, 0xFFFF, 0xFFFF, 0xFFFF, 0xFFFF, 0xFFFF, 0xFFFF, 0xFFFF, 0xFFFF, 0xFFFF, 0xFFFF,
    0xFFFF, 0xFFFF, 0xFFFF, 0xFFFF, 0xFFFF, 0xFFFF, 0xFFFF, 0xFFFF, 0xFFFF, 0xFFFF, 0xFFFF, 0xFFFF,
    0xFFFF, 0xFFFF, 0xFFDF, 0xFFFF, 0xECB4, 0xD8E7, 0xD8E7, 0xD8E7, 0xD8E7, 0xD8E7, 0xD8E7, 0xD8E7,
    0xD8E7, 0xD8E7, 0xD8E7, 0xD8E7, 0xD8E7, 0xD8E7, 0xD8E7, 0xD8E7, 0xD8E7, 0xD8E7, 0xD8E7, 0xD8E7,
    0xD8E7, 0xD8E7, 0xD8E7, 0xD8E7, 0xD8E7, 0xD8E7, 0xD8E7, 0xD8E7, 0xD8E7, 0xD8E7, 0xD8E7, 0xD8E7,
    0xD8E7, 0xD8E7, 0xD8E7, 0xD8E7, 0xD8E7, 0xD8E7, 0xD8E7, 0xE108, 0x7884, 0x0000, 0x0000, 0x0000,
    0x0000, 0x0000, 0x1001, 0x9886, 0xB0A7, 0xA8A7, 0xA8A7, 0xA8A7, 0xA8A7, 0xA8A7, 0xA8A7, 0xA8A7,
    0xA8A7, 0xA8A7, 0xA8A7, 0xA8A7, 0xA8A7, 0xA8A7, 0xA8A7, 0xA8A7, 0xA8A7, 0xA8A7, 0xA8A7, 0xA8A7,
    0xA8A7, 0xA8A7, 0xA8A7, 0xA8A7, 0xA8A7, 0xA8A7, 0xA8A7, 0xA8A7, 0xA8A7, 0xA8A7, 0xA8A7, 0xA8A7,
    0xA8A7, 0xA8A7, 0xA8A7, 0xA8A7, 0xA8A7, 0xA8A7, 0xA8A7, 0xA8A7, 0xA8A7, 0xA8A7, 0xA8A7, 0xA8A7,
    0xA8A7, 0xA8A7, 0xA8A7, 0xA8A7, 0xA8A7, 0xA8A7, 0xA8A7, 0xA8A7, 0xA8A7, 0xA8A7, 0xA8A7, 0xA8A7,
    0xA8A7, 0xA8A7, 0xA8A7, 0xA8A7, 0xA8A7, 0xA8A7, 0xA087, 0x2021, 0x0000, 0x0000, 0x0000, 0x0000,
    0x0000, 0x0000, 0x0000, 0x0000, 0x0000, 0x0000, 0x0000, 0x0000, 0x0000, 0x0000, 0x0000, 0x0000,
    0x0000, 0x0000, 0x0000, 0x0000, 0x0000, 0x0000, 0x0000, 0x0000, 0x0000, 0x0000, 0x0000, 0x0000,
    0x0000, 0x0000, 0x0000, 0x0000, 0x0000, 0x0000, 0x0000, 0x0000, 0x0000, 0x0000, 0x0000, 0x0000,
    0x0000, 0x0000, 0x0000, 0x0000, 0x0000, 0x0000, 0x0000, 0x0000, 0x0000, 0x0000, 0x0000, 0x0000,
    0x0000, 0x0000, 0x0000, 0x0000, 0x3021, 0xD0E7, 0xD8E7, 0xD8E7, 0xD8E7, 0xD8E7, 0xD8E7, 0xD8E7,
    0xD8E7, 0xD8E7, 0xD8E7, 0xD8E7, 0xD8E7, 0xD8E7, 0xD8E7, 0xD8E7, 0xD8E7, 0xD8E7, 0xD8E7, 0xD8E7,
    0xD8E7, 0xD8E7, 0xD8E7, 0xD8E7, 0xD8E7, 0xD8E7, 0xD8E7, 0xD8E7, 0xD8E7, 0xD8E7, 0xD8E7, 0xD8E7,
    0xD8E7, 0xD8E7, 0xD8E7, 0xD8E7, 0xD8E7, 0xD8E7, 0xD8E7, 0xD8E7, 0xD8E7, 0xD928, 0xD886, 0xF536,
    0xFFFF, 0xFFFF, 0xFFFF, 0xFFFF, 0xFFFF, 0xFFFF, 0xFFFF, 0xFFFF, 0xFFFF, 0xFFFF, 0xFFFF, 0xFFFF,
    0xFFFF, 0xFFFF, 0xFFFF, 0xFFFF, 0xFFFF, 0xFFFF, 0xFFFF, 0xFFFF, 0xFFFF, 0xFFFF, 0xFFFF, 0xFFFF,
    0xFFFF, 0xFFFF, 0xFFFF, 0xFFDF, 0xFF9E, 0xE26C, 0xD8A6, 0xD907, 0xD8E7, 0xD8E7, 0xD8E7, 0xD8E7,
    0xD8E7, 0xD8E7, 0xD8E7, 0xD8E7, 0xD8E7, 0xD8E7, 0xD8E7, 0xD8E7, 0xD8E7, 0xD8E7, 0xD8E7, 0xD8E7,
    0xD8E7, 0xD8E7, 0xD8E7, 0xD8E7, 0xD8E7, 0xD8E7, 0xD8E7, 0xD8E7, 0xD8E7, 0xD8E7, 0xD8E7, 0xD8E7,
    0xD8E7, 0xD8E7, 0xD8E7, 0xD8E7, 0xD8E7, 0xD8E7, 0xD8E7, 0xE108, 0x7884, 0x0000, 0x0000, 0x0000,
    0x0000, 0x0000, 0x1001, 0x9886, 0xB0A7, 0xA8A7, 0xA8A7, 0xA8A7, 0xA8A7, 0xA8A7, 0xA8A7, 0xA8A7,
    0xA8A7, 0xA8A7, 0xA8A7, 0xA8A7, 0xA8A7, 0xA8A7, 0xA8A7, 0xA8A7, 0xA8A7, 0xA8A7, 0xA8A7, 0xA8A7,
    0xA8A7, 0xA8A7, 0xA8A7, 0xA8A7, 0xA8A7, 0xA8A7, 0xA8A7, 0xA8A7, 0xA8A7, 0xA8A7, 0xA8A7, 0xA8A7,
    0xA8A7, 0xA8A7, 0xA8A7, 0xA8A7, 0xA8A7, 0xA8A7, 0xA8A7, 0xA8A7, 0xA8A7, 0xA8A7, 0xA8A7, 0xA8A7,
    0xA8A7, 0xA8A7, 0xA8A7, 0xA8A7, 0xA8A7, 0xA8A7, 0xA8A7, 0xA8A7, 0xA8A7, 0xA8A7, 0xA8A7, 0xA8A7,
    0xA8A7, 0xA8A7, 0xA8A7, 0xA8A7, 0xA8A7, 0xA8A7, 0xA087, 0x2821, 0x0000, 0x0000, 0x0000, 0x0000,
    0x0000, 0x0000, 0x0000, 0x0000, 0x0000, 0x0000, 0x0000, 0x0000, 0x0000, 0x0000, 0x0000, 0x0000,
    0x0000, 0x0000, 0x0000, 0x0000, 0x0000, 0x0000, 0x0000, 0x0000, 0x0000, 0x0000, 0x0000, 0x0000,
    0x0000, 0x0000, 0x0000, 0x0000, 0x0000, 0x0000, 0x0000, 0x0000, 0x0000, 0x0000, 0x0000, 0x0000,
    0x0000, 0x0000, 0x0000, 0x0000, 0x0000, 0x0000, 0x0000, 0x0000, 0x0000, 0x0000, 0x0000, 0x0000,
    0x0000, 0x0000, 0x0000, 0x0000, 0x3021, 0xD0E7, 0xD8E7, 0xD8E7, 0xD8E7, 0xD8E7, 0xD8E7, 0xD8E7,
    0xD8E7, 0xD8E7, 0xD8E7, 0xD8E7, 0xD8E7, 0xD8E7, 0xD8E7, 0xD8E7, 0xD8E7, 0xD8E7, 0xD8E7, 0xD8E7,
    0xD8E7, 0xD8E7, 0xD8E7, 0xD8E7, 0xD8E7, 0xD8E7, 0xD8E7, 0xD8E7, 0xD8E7, 0xD8E7, 0xD8E7, 0xD8E7,
    0xD8E7, 0xD8E7, 0xD8E7, 0xD8E7, 0xD8E7, 0xD8E7, 0xD8E7, 0xD8E7, 0xD8E7, 0xD907, 0xD907, 0xD989,
    0xFF1C, 0xFFFF, 0xFFFF, 0xFFFF, 0xFFFF, 0xFFFF, 0xFFFF, 0xFFFF, 0xFFFF, 0xFFFF, 0xFFFF, 0xFFFF,
    0xFFFF, 0xFFFF, 0xFFFF, 0xFFFF, 0xFFFF, 0xFFFF, 0xFFFF, 0xFFFF, 0xFFFF, 0xFFFF, 0xFFFF, 0xFFFF,
    0xFFFF, 0xFFFF, 0xFFFF, 0xFFDF, 0xFFFF, 0xF5B8, 0xD928, 0xD8C7, 0xD907, 0xD8E7, 0xD8E7, 0xD8E7,
    0xD8E7, 0xD8E7, 0xD8E7, 0xD8E7, 0xD8E7, 0xD8E7, 0xD8E7, 0xD8E7, 0xD8E7, 0xD8E7, 0xD8E7, 0xD8E7,
    0xD8E7, 0xD8E7, 0xD8E7, 0xD8E7, 0xD8E7, 0xD8E7, 0xD8E7, 0xD8E7, 0xD8E7, 0xD8E7, 0xD8E7, 0xD8E7,
    0xD8E7, 0xD8E7, 0xD8E7, 0xD8E7, 0xD8E7, 0xD8E7, 0xD8E7, 0xE108, 0x7884, 0x0000, 0x0000, 0x0000,
    0x0000, 0x0000, 0x1001, 0x9886, 0xB0A7, 0xA8A7, 0xA8A7, 0xA8A7, 0xA8A7, 0xA8A7, 0xA8A7, 0xA8A7,
    0xA8A7, 0xA8A7, 0xA8A7, 0xA8A7, 0xA8A7, 0xA8A7, 0xA8A7, 0xA8A7, 0xA8A7, 0xA8A7, 0xA8A7, 0xA8A7,
    0xA8A7, 0xA8A7, 0xA8A7, 0xA8A7, 0xA8A7, 0xA8A7, 0xA8A7, 0xA8A7, 0xA8A7, 0xA8A7, 0xA8A7, 0xA8A7,
    0xA8A7, 0xA8A7, 0xA8A7, 0xA8A7, 0xA8A7, 0xA8A7, 0xA8A7, 0xA8A7, 0xA8A7, 0xA8A7, 0xA8A7, 0xA8A7,
    0xA8A7, 0xA8A7, 0xA8A7, 0xA8A7, 0xA8A7, 0xA8A7, 0xA8A7, 0xA8A7, 0xA8A7, 0xA8A7, 0xA8A7, 0xA8A7,
    0xA8A7, 0xA8A7, 0xA8A7, 0xA8A7, 0xA8A7, 0xA8A7, 0xA087, 0x2821, 0x0000, 0x0000, 0x0000, 0x0000,
    0x0000, 0x0000, 0x0000, 0x0000, 0x0000, 0x0000, 0x0000, 0x0000, 0x0000, 0x0000, 0x0000, 0x0000,
    0x0000, 0x0000, 0x0000, 0x0000, 0x0000, 0x0000, 0x0000, 0x0000, 0x0000, 0x0000, 0x0000, 0x0000,
    0x0000, 0x0000, 0x0000, 0x0000, 0x0000, 0x0000, 0x0000, 0x0000, 0x0000, 0x0000, 0x0000, 0x0000,
    0x0000, 0x0000, 0x0000, 0x0000, 0x0000, 0x0000, 0x0000, 0x0000, 0x0000, 0x0000, 0x0000, 0x0000,
    0x0000, 0x0000, 0x0000, 0x0000, 0x3021, 0xD0E7, 0xD8E7, 0xD8E7, 0xD8E7, 0xD8E7, 0xD8E7, 0xD8E7,
    0xD8E7, 0xD8E7, 0xD8E7, 0xD8E7, 0xD8E7, 0xD8E7, 0xD8E7, 0xD8E7, 0xD8E7, 0xD8E7, 0xD8E7, 0xD8E7,
    0xD8E7, 0xD8E7, 0xD8E7, 0xD8E7, 0xD8E7, 0xD8E7, 0xD8E7, 0xD8E7, 0xD8E7, 0xD8E7, 0xD8E7, 0xD8E7,
    0xD8E7, 0xD8E7, 0xD8E7, 0xD8E7, 0xD8E7, 0xD8E7, 0xD8E7, 0xD8E7, 0xD8E7, 0xD8E7, 0xD908, 0xD886,
    0xE30E, 0xFFDF, 0xFFFF, 0xFFFF, 0xFFFF, 0xFFFF, 0xFFFF, 0xFFFF, 0xFFFF, 0xFFFF, 0xFFFF, 0xFFFF,
    0xFFFF, 0xFFFF, 0xFFFF, 0xFFFF, 0xFFFF, 0xFFFF, 0xFFFF, 0xFFFF, 0xFFFF, 0xFFFF, 0xFFFF, 0xFFFF,
    0xFFFF, 0xFFFF, 0xFFFF, 0xFFFF, 0xFFFF, 0xFFFF, 0xE2EE, 0xD8C7, 0xD8E7, 0xD8E7, 0xD8E7, 0xD8E7,
    0xD8E7, 0xD8E7, 0xD8E7, 0xD8E7, 0xD8E7, 0xD8E7, 0xD8E7, 0xD8E7, 0xD8E7, 0xD8E7, 0xD8E7, 0xD8E7,
    0xD8E7, 0xD8E7, 0xD8E7, 0xD8E7, 0xD8E7, 0xD8E7, 0xD8E7, 0xD8E7, 0xD8E7, 0xD8E7, 0xD8E7, 0xD8E7,
    0xD8E7, 0xD8E7, 0xD8E7, 0xD8E7, 0xD8E7, 0xD8E7, 0xD8E7, 0xE908, 0x8084, 0x0000, 0x0000, 0x0000,
    0x0000, 0x0000, 0x1001, 0x9886, 0xB0A7, 0xA8A7, 0xA8A7, 0xA8A7, 0xA8A7, 0xA8A7, 0xA8A7, 0xA8A7,
    0xA8A7, 0xA8A7, 0xA8A7, 0xA8A7, 0xA8A7, 0xA8A7, 0xA8A7, 0xA8A7, 0xA8A7, 0xA8A7, 0xA8A7, 0xA8A7,
    0xA8A7, 0xA8A7, 0xA8A7, 0xA8A7, 0xA8A7, 0xA8A7, 0xA8A7, 0xA8A7, 0xA8A7, 0xA8A7, 0xA8A7, 0xA8A7,
    0xA8A7, 0xA8A7, 0xA8A7, 0xA8A7, 0xA8A7, 0xA8A7, 0xA8A7, 0xA8A7, 0xA8A7, 0xA8A7, 0xA8A7, 0xA8A7,
    0xA8A7, 0xA8A7, 0xA8A7, 0xA8A7, 0xA8A7, 0xA8A7, 0xA8A7, 0xA8A7, 0xA8A7, 0xA8A7, 0xA8A7, 0xA8A7,
    0xA8A7, 0xA8A7, 0xA8A7, 0xA8A7, 0xA8A7, 0xA8A7, 0xA087, 0x2821, 0x0000, 0x0000, 0x0000, 0x0000,
    0x0000, 0x0000, 0x0000, 0x0000, 0x0000, 0x0000, 0x0000, 0x0000, 0x0000, 0x0000, 0x0000, 0x0000,
    0x0000, 0x0000, 0x0000, 0x0000, 0x0000, 0x0000, 0x0000, 0x0000, 0x0000, 0x0000, 0x0000, 0x0000,
    0x0000, 0x0000, 0x0000, 0x0000, 0x0000, 0x0000, 0x0000, 0x0000, 0x0000, 0x0000, 0x0000, 0x0000,
    0x0000, 0x0000, 0x0000, 0x0000, 0x0000, 0x0000, 0x0000, 0x0000, 0x0000, 0x0000, 0x0000, 0x0000,
    0x0000, 0x0000, 0x0000, 0x0000, 0x3021, 0xD0E7, 0xD8E7, 0xD8E7, 0xD8E7, 0xD8E7, 0xD8E7, 0xD8E7,
    0xD8E7, 0xD8E7, 0xD8E7, 0xD8E7, 0xD8E7, 0xD8E7, 0xD8E7, 0xD8E7, 0xD8E7, 0xD8E7, 0xD8E7, 0xD8E7,
    0xD8E7, 0xD8E7, 0xD8E7, 0xD8E7, 0xD8E7, 0xD8E7, 0xD8E7, 0xD8E7, 0xD8E7, 0xD8E7, 0xD8E7, 0xD8E7,
    0xD8E7, 0xD8E7, 0xD8E7, 0xD8E7, 0xD8E7, 0xD8E7, 0xD8E7, 0xD8E7, 0xD8E7, 0xD8E7, 0xD8E7, 0xD928,
    0xD8A6, 0xEB90, 0xFFFF, 0xFFFF, 0xFFFF, 0xFFFF, 0xFFFF, 0xFFFF, 0xFFFF, 0xFFFF, 0xFFFF, 0xFFFF,
    0xFFFF, 0xFFFF, 0xFFFF, 0xFFFF, 0xFFFF, 0xFFFF, 0xFFFF, 0xFFFF, 0xFFFF, 0xFFFF, 0xFFFF, 0xFFFF,
    0xFFFF, 0xFFFF, 0xFFFF, 0xFFFF, 0xFFBE, 0xFFFF, 0xE370, 0xD8C7, 0xD8E7, 0xD8E7, 0xD8E7, 0xD8E7,
    0xD8E7, 0xD8E7, 0xD8E7, 0xD8E7, 0xD8E7, 0xD8E7, 0xD8E7, 0xD8E7, 0xD8E7, 0xD8E7, 0xD8E7, 0xD8E7,
    0xD8E7, 0xD8E7, 0xD8E7, 0xD8E7, 0xD8E7, 0xD8E7, 0xD8E7, 0xD8E7, 0xD8E7, 0xD8E7, 0xD8E7, 0xD8E7,
    0xD8E7, 0xD8E7, 0xD8E7, 0xD8E7, 0xD8E7, 0xD8E7, 0xD0E7, 0xE908, 0x8084, 0x0000, 0x0000, 0x0000,
    0x0000, 0x0000, 0x1001, 0x9886, 0xB0A7, 0xA8A7, 0xA8A7, 0xA8A7, 0xA8A7, 0xA8A7, 0xA8A7, 0xA8A7,
    0xA8A7, 0xA8A7, 0xA8A7, 0xA8A7, 0xA8A7, 0xA8A7, 0xA8A7, 0xA8A7, 0xA8A7, 0xA8A7, 0xA8A7, 0xA8A7,
    0xA8A7, 0xA8A7, 0xA8A7, 0xA8A7, 0xA8A7, 0xA8A7, 0xA8A7, 0xA8A7, 0xA8A7, 0xA8A7, 0xA8A7, 0xA8A7,
    0xA8A7, 0xA8A7, 0xA8A7, 0xA8A7, 0xA8A7, 0xA8A7, 0xA8A7, 0xA8A7, 0xA8A7, 0xA8A7, 0xA8A7, 0xA8A7,
    0xA8A7, 0xA8A7, 0xA8A7, 0xA8A7, 0xA8A7, 0xA8A7, 0xA8A7, 0xA8A7, 0xA8A7, 0xA8A7, 0xA8A7, 0xA8A7,
    0xA8A7, 0xA8A7, 0xA8A7, 0xA8A7, 0xA8A7, 0xA8A7, 0xA087, 0x2821, 0x0000, 0x0000, 0x0000, 0x0000,
    0x0000, 0x0000, 0x0000, 0x0000, 0x0000, 0x0000, 0x0000, 0x0000, 0x0000, 0x0000, 0x0000, 0x0000,
    0x0000, 0x0000, 0x0000, 0x0000, 0x0000, 0x0000, 0x0000, 0x0000, 0x0000, 0x0000, 0x0000, 0x0000,
    0x0000, 0x0000, 0x0000, 0x0000, 0x0000, 0x0000, 0x0000, 0x0000, 0x0000, 0x0000, 0x0000, 0x0000,
    0x0000, 0x0000, 0x0000, 0x0000, 0x0000, 0x0000, 0x0000, 0x0000, 0x0000, 0x0000, 0x0000, 0x0000,
    0x0000, 0x0000, 0x0000, 0x0000, 0x3021, 0xD0E7, 0xD8E7, 0xD8E7, 0xD8E7, 0xD8E7, 0xD8E7, 0xD8E7,
    0xD8E7, 0xD8E7, 0xD8E7, 0xD8E7, 0xD8E7, 0xD8E7, 0xD8E7, 0xD8E7, 0xD8E7, 0xD8E7, 0xD8E7, 0xD8E7,
    0xD8E7, 0xD8E7, 0xD8E7, 0xD8E7, 0xD8E7, 0xD8E7, 0xD8E7, 0xD8E7, 0xD8E7, 0xD8E7, 0xD8E7, 0xD8E7,
    0xD8E7, 0xD8E7, 0xD8E7, 0xD8E7, 0xD8E7, 0xD8E7, 0xD8E7, 0xD8E7, 0xD8E7, 0xD8E7, 0xD8E7, 0xD8E7,
    0xD907, 0xD8C7, 0xEB90, 0xFFFF, 0xFFFF, 0xFFDF, 0xFFFF, 0xFFFF, 0xFFFF, 0xFFFF, 0xFFFF, 0xFFFF,
    0xFFFF, 0xFFFF, 0xFFFF, 0xFFFF, 0xFFFF, 0xFFFF, 0xFFFF, 0xFFFF, 0xFFFF, 0xFFFF, 0xFFFF, 0xFFFF,
    0xFFFF, 0xFFFF, 0xFFDF, 0xFFFF, 0xFFFF, 0xF536, 0xD969, 0xD8E7, 0xD8E7, 0xD8E7, 0xD8E7, 0xD8E7,
    0xD8E7, 0xD8E7, 0xD8E7, 0xD8E7, 0xD8E7, 0xD8E7, 0xD8E7, 0xD8E7, 0xD8E7, 0xD8E7, 0xD8E7, 0xD8E7,
    0xD8E7, 0xD8E7, 0xD8E7, 0xD8E7, 0xD8E7, 0xD8E7, 0xD8E7, 0xD8E7, 0xD8E7, 0xD8E7, 0xD8E7, 0xD8E7,
    0xD8E7, 0xD8E7, 0xD8E7, 0xD8E7, 0xD8E7, 0xD8E7, 0xD0E7, 0xE908, 0x8084, 0x0000, 0x0000, 0x0000,
    0x0000, 0x0000, 0x1001, 0x9886, 0xB0A7, 0xA8A7, 0xA8A7, 0xA8A7, 0xA8A7, 0xA8A7, 0xA8A7, 0xA8A7,
    0xA8A7, 0xA8A7, 0xA8A7, 0xA8A7, 0xA8A7, 0xA8A7, 0xA8A7, 0xA8A7, 0xA8A7, 0xA8A7, 0xA8A7, 0xA8A7,
    0xA8A7, 0xA8A7, 0xA8A7, 0xA8A7, 0xA8A7, 0xA8A7, 0xA8A7, 0xA8A7, 0xA8A7, 0xA8A7, 0xA8A7, 0xA8A7,
    0xA8A7, 0xA8A7, 0xA8A7, 0xA8A7, 0xA8A7, 0xA8A7, 0xA8A7, 0xA8A7, 0xA8A7, 0xA8A7, 0xA8A7, 0xA8A7,
    0xA8A7, 0xA8A7, 0xA8A7, 0xA8A7, 0xA8A7, 0xA8A7, 0xA8A7, 0xA8A7, 0xA8A7, 0xA8A7, 0xA8A7, 0xA8A7,
    0xA8A7, 0xA8A7, 0xA8A7, 0xA8A7, 0xA8A7, 0xA8A7, 0xA087, 0x2821, 0x0000, 0x0000, 0x0000, 0x0000,
    0x0000, 0x0000, 0x0000, 0x0000, 0x0000, 0x0000, 0x0000, 0x0000, 0x0000, 0x0000, 0x0000, 0x0000,
    0x0000, 0x0000, 0x0000, 0x0000, 0x0000, 0x0000, 0x0000, 0x0000, 0x0000, 0x0000, 0x0000, 0x0000,
    0x0000, 0x0000, 0x0000, 0x0000, 0x0000, 0x0000, 0x0000, 0x0000, 0x0000, 0x0000, 0x0000, 0x0000,
    0x0000, 0x0000, 0x0000, 0x0000, 0x0000, 0x0000, 0x0000, 0x0000, 0x0000, 0x0000, 0x0000, 0x0000,
    0x0000, 0x0000, 0x0000, 0x0000, 0x3021, 0xD0E7, 0xD8E7, 0xD8E7, 0xD8E7, 0xD8E7, 0xD8E7, 0xD8E7,
    0xD8E7, 0xD8E7, 0xD8E7, 0xD8E7, 0xD8E7, 0xD8E7, 0xD8E7, 0xD8E7, 0xD8E7, 0xD8E7, 0xD8E7, 0xD8E7,
    0xD8E7, 0xD8E7, 0xD8E7, 0xD8E7, 0xD8E7, 0xD8E7, 0xD8E7, 0xD8E7, 0xD8E7, 0xD8E7, 0xD8E7, 0xD8E7,
    0xD8E7, 0xD8E7, 0xD8E7, 0xD8E7, 0xD8E7, 0xD8E7, 0xD8E7, 0xD8E7, 0xD8E7, 0xD8E7, 0xD8E7, 0xD8E7,
    0xD8E7, 0xD8E7, 0xD8C7, 0xE2AD, 0xFEBB, 0xFFFF, 0xFFFF, 0xFFFF, 0xFFFF, 0xFFFF, 0xFFFF, 0xFFFF,
    0xFFFF, 0xFFFF, 0xFFFF, 0xFFFF, 0xFFFF, 0xFFFF, 0xFFFF, 0xFFFF, 0xFFFF, 0xFFFF, 0xFFFF, 0xFFFF,
    0xFFFF, 0xFFDF, 0xFFFF, 0xFF5D, 0xEB90, 0xD928, 0xD8E7, 0xD8E7, 0xD8E7, 0xD8E7, 0xD8E7, 0xD8E7,
    0xD8E7, 0xD8E7, 0xD8E7, 0xD8E7, 0xD8E7, 0xD8E7, 0xD8E7, 0xD8E7, 0xD8E7, 0xD8E7, 0xD8E7, 0xD8E7,
    0xD8E7, 0xD8E7, 0xD8E7, 0xD8E7, 0xD8E7, 0xD8E7, 0xD8E7, 0xD8E7, 0xD8E7, 0xD8E7, 0xD8E7, 0xD8E7,
    0xD8E7, 0xD8E7, 0xD8E7, 0xD8E7, 0xD8E7, 0xD8E7, 0xD8E7, 0xE908, 0x8884, 0x0000, 0x0000, 0x0000,
    0x0000, 0x0000, 0x1001, 0x9886, 0xB0A7, 0xA8A7, 0xA8A7, 0xA8A7, 0xA8A7, 0xA8A7, 0xA8A7, 0xA8A7,
    0xA8A7, 0xA8A7, 0xA8A7, 0xA8A7, 0xA8A7, 0xA8A7, 0xA8A7, 0xA8A7, 0xA8A7, 0xA8A7, 0xA8A7, 0xA8A7,
    0xA8A7, 0xA8A7, 0xA8A7, 0xA8A7, 0xA8A7, 0xA8A7, 0xA8A7, 0xA8A7, 0xA8A7, 0xA8A7, 0xA8A7, 0xA8A7,
    0xA8A7, 0xA8A7, 0xA8A7, 0xA8A7, 0xA8A7, 0xA8A7, 0xA8A7, 0xA8A7, 0xA8A7, 0xA8A7, 0xA8A7, 0xA8A7,
    0xA8A7, 0xA8A7, 0xA8A7, 0xA8A7, 0xA8A7, 0xA8A7, 0xA8A7, 0xA8A7, 0xA8A7, 0xA8A7, 0xA8A7, 0xA8A7,
    0xA8A7, 0xA8A7, 0xA8A7, 0xA8A7, 0xA8A7, 0xA8A7, 0xA087, 0x2821, 0x0000, 0x0000, 0x0000, 0x0000,
    0x0000, 0x0000, 0x0000, 0x0000, 0x0000, 0x0000, 0x0000, 0x0000, 0x0000, 0x0000, 0x0000, 0x0000,
    0x0000, 0x0000, 0x0000, 0x0000, 0x0000, 0x0000, 0x0000, 0x0000, 0x0000, 0x0000, 0x0000, 0x0000,
    0x0000, 0x0000, 0x0000, 0x0000, 0x0000, 0x0000, 0x0000, 0x0000, 0x0000, 0x0000, 0x0000, 0x0000,
    0x0000, 0x0000, 0x0000, 0x0000, 0x0000, 0x0000, 0x0000, 0x0000, 0x0000, 0x0000, 0x0000, 0x0000,
    0x0000, 0x0000, 0x0000, 0x0000, 0x3021, 0xD0E7, 0xD8E7, 0xD8E7, 0xD8E7, 0xD8E7, 0xD8E7, 0xD8E7,
    0xD8E7, 0xD8E7, 0xD8E7, 0xD8E7, 0xD8E7, 0xD8E7, 0xD8E7, 0xD8E7, 0xD8E7, 0xD8E7, 0xD8E7, 0xD8E7,
    0xD8E7, 0xD8E7, 0xD8E7, 0xD8E7, 0xD8E7, 0xD8E7, 0xD8E7, 0xD8E7, 0xD8E7, 0xD8E7, 0xD8E7, 0xD8E7,
    0xD8E7, 0xD8E7, 0xD8E7, 0xD8E7, 0xD8E7, 0xD8E7, 0xD8E7, 0xD8E7, 0xD8E7, 0xD8E7, 0xD8E7, 0xD8E7,
    0xD8E7, 0xD8E7, 0xD8E7, 0xD8A6, 0xD989, 0xEBD1, 0xFF3D, 0xFFFF, 0xFFFF, 0xFFFF, 0xFFFF, 0xFFFF,
    0xFFFF, 0xFFFF, 0xFFFF, 0xFFFF, 0xFFFF, 0xFFFF, 0xFFFF, 0xFFFF, 0xFFFF, 0xFFFF, 0xFFFF, 0xFFFF,
    0xFFFF, 0xFFFF, 0xECB4, 0xE1CA, 0xD8C7, 0xD8C7, 0xD907, 0xD8E7, 0xD8E7, 0xD8E7, 0xD8E7, 0xD8E7,
    0xD8E7, 0xD8E7, 0xD8E7, 0xD8E7, 0xD8E7, 0xD8E7, 0xD8E7, 0xD8E7, 0xD8E7, 0xD8E7, 0xD8E7, 0xD8E7,
    0xD8E7, 0xD8E7, 0xD8E7, 0xD8E7, 0xD8E7, 0xD8E7, 0xD8E7, 0xD8E7, 0xD8E7, 0xD8E7, 0xD8E7, 0xD8E7,
    0xD8E7, 0xD8E7, 0xD8E7, 0xD8E7, 0xD8E7, 0xD8E7, 0xD0E7, 0xE908, 0x88A5, 0x0000, 0x0000, 0x0000,
    0x0000, 0x0000, 0x1001, 0x9886, 0xB0A7, 0xA8A7, 0xA8A7, 0xA8A7, 0xA8A7, 0xA8A7, 0xA8A7, 0xA8A7,
    0xA8A7, 0xA8A7, 0xA8A7, 0xA8A7, 0xA8A7, 0xA8A7, 0xA8A7, 0xA8A7, 0xA8A7, 0xA8A7, 0xA8A7, 0xA8A7,
    0xA8A7, 0xA8A7, 0xA8A7, 0xA8A7, 0xA8A7, 0xA8A7, 0xA8A7, 0xA8A7, 0xA8A7, 0xA8A7, 0xA8A7, 0xA8A7,
    0xA8A7, 0xA8A7, 0xA8A7, 0xA8A7, 0xA8A7, 0xA8A7, 0xA8A7, 0xA8A7, 0xA8A7, 0xA8A7, 0xA8A7, 0xA8A7,
    0xA8A7, 0xA8A7, 0xA8A7, 0xA8A7, 0xA8A7, 0xA8A7, 0xA8A7, 0xA8A7, 0xA8A7, 0xA8A7, 0xA8A7, 0xA8A7,
    0xA8A7, 0xA8A7, 0xA8A7, 0xA8A7, 0xA8A7, 0xA8A7, 0xA087, 0x2821, 0x0000, 0x0000, 0x0000, 0x0000,
    0x0000, 0x0000, 0x0000, 0x0000, 0x0000, 0x0000, 0x0000, 0x0000, 0x0000, 0x0000, 0x0000, 0x0000,
    0x0000, 0x0000, 0x0000, 0x0000, 0x0000, 0x0000, 0x0000, 0x0000, 0x0000, 0x0000, 0x0000, 0x0000,
    0x0000, 0x0000, 0x0000, 0x0000, 0x0000, 0x0000, 0x0000, 0x0000, 0x0000, 0x0000, 0x0000, 0x0000,
    0x0000, 0x0000, 0x0000, 0x0000, 0x0000, 0x0000, 0x0000, 0x0000, 0x0000, 0x0000, 0x0000, 0x0000,
    0x0000, 0x0000, 0x0000, 0x0000, 0x3021, 0xD0E7, 0xD8E7, 0xD8E7, 0xD8E7, 0xD8E7, 0xD8E7, 0xD8E7,
    0xD8E7, 0xD8E7, 0xD8E7, 0xD8E7, 0xD8E7, 0xD8E7, 0xD8E7, 0xD8E7, 0xD8E7, 0xD8E7, 0xD8E7, 0xD8E7,
    0xD8E7, 0xD8E7, 0xD8E7, 0xD8E7, 0xD8E7, 0xD8E7, 0xD8E7, 0xD8E7, 0xD8E7, 0xD8E7, 0xD8E7, 0xD8E7,
    0xD8E7, 0xD8E7, 0xD8E7, 0xD8E7, 0xD8E7, 0xD8E7, 0xD8E7, 0xD8E7, 0xD8E7, 0xD8E7, 0xD8E7, 0xD8E7,
    0xD8E7, 0xD8E7, 0xD8E7, 0xD907, 0xD8C7, 0xD8E7, 0xD989, 0xEBD1, 0xFEFC, 0xFFFF, 0xFFFF, 0xFFFF,
    0xFFFF, 0xFFFF, 0xFFFF, 0xFFFF, 0xFFFF, 0xFFFF, 0xFFFF, 0xFFFF, 0xFFFF, 0xFFFF, 0xFFFF, 0xFFBF,
    0xECD4, 0xE20B, 0xD907, 0xD8C7, 0xD8E7, 0xD907, 0xD8E7, 0xD8E7, 0xD8E7, 0xD8E7, 0xD8E7, 0xD8E7,
    0xD8E7, 0xD8E7, 0xD8E7, 0xD8E7, 0xD8E7, 0xD8E7, 0xD8E7, 0xD8E7, 0xD8E7, 0xD8E7, 0xD8E7, 0xD8E7,
    0xD8E7, 0xD8E7, 0xD8E7, 0xD8E7, 0xD8E7, 0xD8E7, 0xD8E7, 0xD8E7, 0xD8E7, 0xD8E7, 0xD8E7, 0xD8E7,
    0xD8E7, 0xD8E7, 0xD8E7, 0xD8E7, 0xD8E7, 0xD8E7, 0xD0E7, 0xE908, 0x8884, 0x0000, 0x0000, 0x0000,
    0x0000, 0x0000, 0x1001, 0x9886, 0xB0A7, 0xA8A7, 0xA8A7, 0xA8A7, 0xA8A7, 0xA8A7, 0xA8A7, 0xA8A7,
    0xA8A7, 0xA8A7, 0xA8A7, 0xA8A7, 0xA8A7, 0xA8A7, 0xA8A7, 0xA8A7, 0xA8A7, 0xA8A7, 0xA8A7, 0xA8A7,
    0xA8A7, 0xA8A7, 0xA8A7, 0xA8A7, 0xA8A7, 0xA8A7, 0xA8A7, 0xA8A7, 0xA8A7, 0xA8A7, 0xA8A7, 0xA8A7,
    0xA8A7, 0xA8A7, 0xA8A7, 0xA8A7, 0xA8A7, 0xA8A7, 0xA8A7, 0xA8A7, 0xA8A7, 0xA8A7, 0xA8A7, 0xA8A7,
    0xA8A7, 0xA8A7, 0xA8A7, 0xA8A7, 0xA8A7, 0xA8A7, 0xA8A7, 0xA8A7, 0xA8A7, 0xA8A7, 0xA8A7, 0xA8A7,
    0xA8A7, 0xA8A7, 0xA8A7, 0xA8A7, 0xA8A7, 0xA8A7, 0xA087, 0x2821, 0x0000, 0x0000, 0x0000, 0x0000,
    0x0000, 0x0000, 0x0000, 0x0000, 0x0000, 0x0000, 0x0000, 0x0000, 0x0000, 0x0000, 0x0000, 0x0000,
    0x0000, 0x0000, 0x0000, 0x0000, 0x0000, 0x0000, 0x0000, 0x0000, 0x0000, 0x0000, 0x0000, 0x0000,
    0x0000, 0x0000, 0x0000, 0x0000, 0x0000, 0x0000, 0x0000, 0x0000, 0x0000, 0x0000, 0x0000, 0x0000,
    0x0000, 0x0000, 0x0000, 0x0000, 0x0000, 0x0000, 0x0000, 0x0000, 0x0000, 0x0000, 0x0000, 0x0000,
    0x0000, 0x0000, 0x0000, 0x0000, 0x3021, 0xD0E7, 0xD8E7, 0xD8E7, 0xD8E7, 0xD8E7, 0xD8E7, 0xD8E7,
    0xD8E7, 0xD8E7, 0xD8E7, 0xD8E7, 0xD8E7, 0xD8E7, 0xD8E7, 0xD8E7, 0xD8E7, 0xD8E7, 0xD8E7, 0xD8E7,
    0xD8E7, 0xD8E7, 0xD8E7, 0xD8E7, 0xD8E7, 0xD8E7, 0xD8E7, 0xD8E7, 0xD8E7, 0xD8E7, 0xD8E7, 0xD8E7,
    0xD8E7, 0xD8E7, 0xD8E7, 0xD8E7, 0xD8E7, 0xD8E7, 0xD8E7, 0xD8E7, 0xD8E7, 0xD8E7, 0xD8E7, 0xD8E7,
    0xD8E7, 0xD8E7, 0xD8E7, 0xD8E7, 0xD907, 0xD8E7, 0xD8C7, 0xD8E7, 0xD928, 0xD9AA, 0xE32F, 0xF536,
    0xFF7D, 0xFFFF, 0xFFFF, 0xFFFF, 0xFFFF, 0xFFFF, 0xFFFF, 0xFFFF, 0xFF9E, 0xF5B7, 0xE34F, 0xD969,
    0xD907, 0xD8C7, 0xD8E7, 0xD907, 0xD8E7, 0xD8E7, 0xD8E7, 0xD8E7, 0xD8E7, 0xD8E7, 0xD8E7, 0xD8E7,
    0xD8E7, 0xD8E7, 0xD8E7, 0xD8E7, 0xD8E7, 0xD8E7, 0xD8E7, 0xD8E7, 0xD8E7, 0xD8E7, 0xD8E7, 0xD8E7,
    0xD8E7, 0xD8E7, 0xD8E7, 0xD8E7, 0xD8E7, 0xD8E7, 0xD8E7, 0xD8E7, 0xD8E7, 0xD8E7, 0xD8E7, 0xD8E7,
    0xD8E7, 0xD8E7, 0xD8E7, 0xD8E7, 0xD8E7, 0xD8E7, 0xD0E7, 0xE908, 0x88A5, 0x0000, 0x0000, 0x0000,
    0x0000, 0x0000, 0x1001, 0x9886, 0xB0A7, 0xA8A7, 0xA8A7, 0xA8A7, 0xA8A7, 0xA8A7, 0xA8A7, 0xA8A7,
    0xA8A7, 0xA8A7, 0xA8A7, 0xA8A7, 0xA8A7, 0xA8A7, 0xA8A7, 0xA8A7, 0xA8A7, 0xA8A7, 0xA8A7, 0xA8A7,
    0xA8A7, 0xA8A7, 0xA8A7, 0xA8A7, 0xA8A7, 0xA8A7, 0xA8A7, 0xA8A7, 0xA8A7, 0xA8A7, 0xA8A7, 0xA8A7,
    0xA8A7, 0xA8A7, 0xA8A7, 0xA8A7, 0xA8A7, 0xA8A7, 0xA8A7, 0xA8A7, 0xA8A7, 0xA8A7, 0xA8A7, 0xA8A7,
    0xA8A7, 0xA8A7, 0xA8A7, 0xA8A7, 0xA8A7, 0xA8A7, 0xA8A7, 0xA8A7, 0xA8A7, 0xA8A7, 0xA8A7, 0xA8A7,
    0xA8A7, 0xA8A7, 0xA8A7, 0xA8A7, 0xA8A7, 0xA8A7, 0xA087, 0x2821, 0x0000, 0x0000, 0x0000, 0x0000,
    0x0000, 0x0000, 0x0000, 0x0000, 0x0000, 0x0000, 0x0000, 0x0000, 0x0000, 0x0000, 0x0000, 0x0000,
    0x0000, 0x0000, 0x0000, 0x0000, 0x0000, 0x0000, 0x0000, 0x0000, 0x0000, 0x0000, 0x0000, 0x0000,
    0x0000, 0x0000, 0x0000, 0x0000, 0x0000, 0x0000, 0x0000, 0x0000, 0x0000, 0x0000, 0x0000, 0x0000,
    0x0000, 0x0000, 0x0000, 0x0000, 0x0000, 0x0000, 0x0000, 0x0000, 0x0000, 0x0000, 0x0000, 0x0000,
    0x0000, 0x0000, 0x0000, 0x0000, 0x3021, 0xD0E7, 0xD8E7, 0xD8E7, 0xD8E7, 0xD8E7, 0xD8E7, 0xD8E7,
    0xD8E7, 0xD8E7, 0xD8E7, 0xD8E7, 0xD8E7, 0xD8E7, 0xD8E7, 0xD8E7, 0xD8E7, 0xD8E7, 0xD8E7, 0xD8E7,
    0xD8E7, 0xD8E7, 0xD8E7, 0xD8E7, 0xD8E7, 0xD8E7, 0xD8E7, 0xD8E7, 0xD8E7, 0xD8E7, 0xD8E7, 0xD8E7,
    0xD8E7, 0xD8E7, 0xD8E7, 0xD8E7, 0xD8E7, 0xD8E7, 0xD8E7, 0xD8E7, 0xD8E7, 0xD8E7, 0xD8E7, 0xD8E7,
    0xD8E7, 0xD8E7, 0xD8E7, 0xD8E7, 0xD8E7, 0xD8E7, 0xD8E7, 0xD8E7, 0xD8E7, 0xD8C7, 0xD8E7, 0xD8E7,
    0xD8E7, 0xD989, 0xE26C, 0xE2AD, 0xE2AD, 0xE2AD, 0xE2AD, 0xE26C, 0xD8E7, 0xD907, 0xD8E7, 0xD8C7,
    0xD8E7, 0xD8E7, 0xD8E7, 0xD8E7, 0xD8E7, 0xD8E7, 0xD8E7, 0xD8E7, 0xD8E7, 0xD8E7, 0xD8E7, 0xD8E7,
    0xD8E7, 0xD8E7, 0xD8E7, 0xD8E7, 0xD8E7, 0xD8E7, 0xD8E7, 0xD8E7, 0xD8E7, 0xD8E7, 0xD8E7, 0xD8E7,
    0xD8E7, 0xD8E7, 0xD8E7, 0xD8E7, 0xD8E7, 0xD8E7, 0xD8E7, 0xD8E7, 0xD8E7, 0xD8E7, 0xD8E7, 0xD8E7,
    0xD8E7, 0xD8E7, 0xD8E7, 0xD8E7, 0xD8E7, 0xD8E7, 0xD0E7, 0xE908, 0x90A5, 0x0000, 0x0000, 0x0000,
    0x0000, 0x0000, 0x1001, 0x9886, 0xB0A7, 0xA8A7, 0xA8A7, 0xA8A7, 0xA8A7, 0xA8A7, 0xA8A7, 0xA8A7,
    0xA8A7, 0xA8A7, 0xA8A7, 0xA8A7, 0xA8A7, 0xA8A7, 0xA8A7, 0xA8A7, 0xA8A7, 0xA8A7, 0xA8A7, 0xA8A7,
    0xA8A7, 0xA8A7, 0xA8A7, 0xA8A7, 0xA8A7, 0xA8A7, 0xA8A7, 0xA8A7, 0xA8A7, 0xA8A7, 0xA8A7, 0xA8A7,
    0xA8A7, 0xA8A7, 0xA8A7, 0xA8A7, 0xA8A7, 0xA8A7, 0xA8A7, 0xA8A7, 0xA8A7, 0xA8A7, 0xA8A7, 0xA8A7,
    0xA8A7, 0xA8A7, 0xA8A7, 0xA8A7, 0xA8A7, 0xA8A7, 0xA8A7, 0xA8A7, 0xA8A7, 0xA8A7, 0xA8A7, 0xA8A7,
    0xA8A7, 0xA8A7, 0xA8A7, 0xA8A7, 0xA8A7, 0xA8A7, 0xA087, 0x2821, 0x0000, 0x0000, 0x0000, 0x0000,
    0x0000, 0x0000, 0x0000, 0x0000, 0x0000, 0x0000, 0x0000, 0x0000, 0x0000, 0x0000, 0x0000, 0x0000,
    0x0000, 0x0000, 0x0000, 0x0000, 0x0000, 0x0000, 0x0000, 0x0000, 0x0000, 0x0000, 0x0000, 0x0000,
    0x0000, 0x0000, 0x0000, 0x0000, 0x0000, 0x0000, 0x0000, 0x0000, 0x0000, 0x0000, 0x0000, 0x0000,
    0x0000, 0x0000, 0x0000, 0x0000, 0x0000, 0x0000, 0x0000, 0x0000, 0x0000, 0x0000, 0x0000, 0x0000,
    0x0000, 0x0000, 0x0000, 0x0000, 0x3021, 0xD0E7, 0xD8E7, 0xD8E7, 0xD8E7, 0xD8E7, 0xD8E7, 0xD8E7,
    0xD8E7, 0xD8E7, 0xD8E7, 0xD8E7, 0xD8E7, 0xD8E7, 0xD8E7, 0xD8E7, 0xD8E7, 0xD8E7, 0xD8E7, 0xD8E7,
    0xD8E7, 0xD8E7, 0xD8E7, 0xD8E7, 0xD8E7, 0xD8E7, 0xD8E7, 0xD8E7, 0xD8E7, 0xD8E7, 0xD8E7, 0xD8E7,
    0xD8E7, 0xD8E7, 0xD8E7, 0xD8E7, 0xD8E7, 0xD8E7, 0xD8E7, 0xD8E7, 0xD8E7, 0xD8E7, 0xD8E7, 0xD8E7,
    0xD8E7, 0xD8E7, 0xD8E7, 0xD8E7, 0xD8E7, 0xD8E7, 0xD8E7, 0xD8E7, 0xD8E7, 0xD8E7, 0xD8E7, 0xD8E7,
    0xD8E7, 0xD8E7, 0xD8E7, 0xD8E7, 0xD8E7, 0xD8E7, 0xD8E7, 0xD8E7, 0xD8E7, 0xD8E7, 0xD8E7, 0xD8E7,
    0xD8E7, 0xD8E7, 0xD8E7, 0xD8E7, 0xD8E7, 0xD8E7, 0xD8E7, 0xD8E7, 0xD8E7, 0xD8E7, 0xD8E7, 0xD8E7,
    0xD8E7, 0xD8E7, 0xD8E7, 0xD8E7, 0xD8E7, 0xD8E7, 0xD8E7, 0xD8E7, 0xD8E7, 0xD8E7, 0xD8E7, 0xD8E7,
    0xD8E7, 0xD8E7, 0xD8E7, 0xD8E7, 0xD8E7, 0xD8E7, 0xD8E7, 0xD8E7, 0xD8E7, 0xD8E7, 0xD8E7, 0xD8E7,
    0xD8E7, 0xD8E7, 0xD8E7, 0xD8E7, 0xD8E7, 0xD8E7, 0xD0E7, 0xE908, 0x90A5, 0x0000, 0x0000, 0x0000,
    0x0000, 0x0000, 0x1001, 0x9886, 0xB0A7, 0xA8A7, 0xA8A7, 0xA8A7, 0xA8A7, 0xA8A7, 0xA8A7, 0xA8A7,
    0xA8A7, 0xA8A7, 0xA8A7, 0xA8A7, 0xA8A7, 0xA8A7, 0xA8A7, 0xA8A7, 0xA8A7, 0xA8A7, 0xA8A7, 0xA8A7,
    0xA8A7, 0xA8A7, 0xA8A7, 0xA8A7, 0xA8A7, 0xA8A7, 0xA8A7, 0xA8A7, 0xA8A7, 0xA8A7, 0xA8A7, 0xA8A7,
    0xA8A7, 0xA8A7, 0xA8A7, 0xA8A7, 0xA8A7, 0xA8A7, 0xA8A7, 0xA8A7, 0xA8A7, 0xA8A7, 0xA8A7, 0xA8A7,
    0xA8A7, 0xA8A7, 0xA8A7, 0xA8A7, 0xA8A7, 0xA8A7, 0xA8A7, 0xA8A7, 0xA8A7, 0xA8A7, 0xA8A7, 0xA8A7,
    0xA8A7, 0xA8A7, 0xA8A7, 0xA8A7, 0xA8A7, 0xA8A7, 0xA087, 0x2821, 0x0000, 0x0000, 0x0000, 0x0000,
    0x0000, 0x0000, 0x0000, 0x0000, 0x0000, 0x0000, 0x0000, 0x0000, 0x0000, 0x0000, 0x0000, 0x0000,
    0x0000, 0x0000, 0x0000, 0x0000, 0x0000, 0x0000, 0x0000, 0x0000, 0x0000, 0x0000, 0x0000, 0x0000,
    0x0000, 0x0000, 0x0000, 0x0000, 0x0000, 0x0000, 0x0000, 0x0000, 0x0000, 0x0000, 0x0000, 0x0000,
    0x0000, 0x0000, 0x0000, 0x0000, 0x0000, 0x0000, 0x0000, 0x0000, 0x0000, 0x0000, 0x0000, 0x0000,
    0x0000, 0x0000, 0x0000, 0x0000, 0x3021, 0xD0E7, 0xD8E7, 0xD8E7, 0xD8E7, 0xD8E7, 0xD8E7, 0xD8E7,
    0xD8E7, 0xD8E7, 0xD8E7, 0xD8E7, 0xD8E7, 0xD8E7, 0xD8E7, 0xD8E7, 0xD8E7, 0xD8E7, 0xD8E7, 0xD8E7,
    0xD8E7, 0xD8E7, 0xD8E7, 0xD8E7, 0xD8E7, 0xD8E7, 0xD8E7, 0xD8E7, 0xD8E7, 0xD8E7, 0xD8E7, 0xD8E7,
    0xD8E7, 0xD8E7, 0xD8E7, 0xD8E7, 0xD8E7, 0xD8E7, 0xD8E7, 0xD8E7, 0xD8E7, 0xD8E7, 0xD8E7, 0xD8E7,
    0xD8E7, 0xD8E7, 0xD8E7, 0xD8E7, 0xD8E7, 0xD8E7, 0xD8E7, 0xD8E7, 0xD8E7, 0xD8E7, 0xD8E7, 0xD8E7,
    0xD8E7, 0xD8E7, 0xD8E7, 0xD8E7, 0xD8E7, 0xD8E7, 0xD8E7, 0xD8E7, 0xD8E7, 0xD8E7, 0xD8E7, 0xD8E7,
    0xD8E7, 0xD8E7, 0xD8E7, 0xD8E7, 0xD8E7, 0xD8E7, 0xD8E7, 0xD8E7, 0xD8E7, 0xD8E7, 0xD8E7, 0xD8E7,
    0xD8E7, 0xD8E7, 0xD8E7, 0xD8E7, 0xD8E7, 0xD8E7, 0xD8E7, 0xD8E7, 0xD8E7, 0xD8E7, 0xD8E7, 0xD8E7,
    0xD8E7, 0xD8E7, 0xD8E7, 0xD8E7, 0xD8E7, 0xD8E7, 0xD8E7, 0xD8E7, 0xD8E7, 0xD8E7, 0xD8E7, 0xD8E7,
    0xD8E7, 0xD8E7, 0xD8E7, 0xD8E7, 0xD8E7, 0xD8E7, 0xD8E7, 0xE908, 0x9085, 0x0000, 0x0000, 0x0000,
    0x0000, 0x0000, 0x1001, 0x9886, 0xB0A7, 0xA8A7, 0xA8A7, 0xA8A7, 0xA8A7, 0xA8A7, 0xA8A7, 0xA8A7,
    0xA8A7, 0xA8A7, 0xA8A7, 0xA8A7, 0xA8A7, 0xA8A7, 0xA8A7, 0xA8A7, 0xA8A7, 0xA8A7, 0xA8A7, 0xA8A7,
    0xA8A7, 0xA8A7, 0xA8A7, 0xA8A7, 0xA8A7, 0xA8A7, 0xA8A7, 0xA8A7, 0xA8A7, 0xA8A7, 0xA8A7, 0xA8A7,
    0xA8A7, 0xA8A7, 0xA8A7, 0xA8A7, 0xA8A7, 0xA8A7, 0xA8A7, 0xA8A7, 0xA8A7, 0xA8A7, 0xA8A7, 0xA8A7,
    0xA8A7, 0xA8A7, 0xA8A7, 0xA8A7, 0xA8A7, 0xA8A7, 0xA8A7, 0xA8A7, 0xA8A7, 0xA8A7, 0xA8A7, 0xA8A7,
    0xA8A7, 0xA8A7, 0xA8A7, 0xA8A7, 0xA8A7, 0xA8A7, 0xA087, 0x2821, 0x0000, 0x0000, 0x0000, 0x0000,
    0x0000, 0x0000, 0x0000, 0x0000, 0x0000, 0x0000, 0x0000, 0x0000, 0x0000, 0x0000, 0x0000, 0x0000,
    0x0000, 0x0000, 0x0000, 0x0000, 0x0000, 0x0000, 0x0000, 0x0000, 0x0000, 0x0000, 0x0000, 0x0000,
    0x0000, 0x0000, 0x0000, 0x0000, 0x0000, 0x0000, 0x0000, 0x0000, 0x0000, 0x0000, 0x0000, 0x0000,
    0x0000, 0x0000, 0x0000, 0x0000, 0x0000, 0x0000, 0x0000, 0x0000, 0x0000, 0x0000, 0x0000, 0x0000,
    0x0000, 0x0000, 0x0000, 0x0000, 0x3021, 0xD0E7, 0xD8E7, 0xD8E7, 0xD8E7, 0xD8E7, 0xD8E7, 0xD8E7,
    0xD8E7, 0xD8E7, 0xD8E7, 0xD8E7, 0xD8E7, 0xD8E7, 0xD8E7, 0xD8E7, 0xD8E7, 0xD8E7, 0xD8E7, 0xD8E7,
    0xD8E7, 0xD8E7, 0xD8E7, 0xD8E7, 0xD8E7, 0xD8E7, 0xD8E7, 0xD8E7, 0xD8E7, 0xD8E7, 0xD8E7, 0xD8E7,
    0xD8E7, 0xD8E7, 0xD8E7, 0xD8E7, 0xD8E7, 0xD8E7, 0xD8E7, 0xD8E7, 0xD8E7, 0xD8E7, 0xD8E7, 0xD8E7,
    0xD8E7, 0xD8E7, 0xD8E7, 0xD8E7, 0xD8E7, 0xD8E7, 0xD8E7, 0xD8E7, 0xD8E7, 0xD8E7, 0xD8E7, 0xD8E7,
    0xD8E7, 0xD8E7, 0xD8E7, 0xD8E7, 0xD8E7, 0xD8E7, 0xD8E7, 0xD8E7, 0xD8E7, 0xD8E7, 0xD8E7, 0xD8E7,
    0xD8E7, 0xD8E7, 0xD8E7, 0xD8E7, 0xD8E7, 0xD8E7, 0xD8E7, 0xD8E7, 0xD8E7, 0xD8E7, 0xD8E7, 0xD8E7,
    0xD8E7, 0xD8E7, 0xD8E7, 0xD8E7, 0xD8E7, 0xD8E7, 0xD8E7, 0xD8E7, 0xD8E7, 0xD8E7, 0xD8E7, 0xD8E7,
    0xD8E7, 0xD8E7, 0xD8E7, 0xD8E7, 0xD8E7, 0xD8E7, 0xD8E7, 0xD8E7, 0xD8E7, 0xD8E7, 0xD8E7, 0xD8E7,
    0xD8E7, 0xD8E7, 0xD8E7, 0xD8E7, 0xD8E7, 0xD8E7, 0xD8E7, 0xE908, 0x90A5, 0x0000, 0x0000, 0x0000,
    0x0000, 0x0000, 0x1001, 0x9886, 0xB0A7, 0xA8A7, 0xA8A7, 0xA8A7, 0xA8A7, 0xA8A7, 0xA8A7, 0xA8A7,
    0xA8A7, 0xA8A7, 0xA8A7, 0xA8A7, 0xA8A7, 0xA8A7, 0xA8A7, 0xA8A7, 0xA8A7, 0xA8A7, 0xA8A7, 0xA8A7,
    0xA8A7, 0xA8A7, 0xA8A7, 0xA8A7, 0xA8A7, 0xA8A7, 0xA8A7, 0xA8A7, 0xA8A7, 0xA8A7, 0xA8A7, 0xA8A7,
    0xA8A7, 0xA8A7, 0xA8A7, 0xA8A7, 0xA8A7, 0xA8A7, 0xA8A7, 0xA8A7, 0xA8A7, 0xA8A7, 0xA8A7, 0xA8A7,
    0xA8A7, 0xA8A7, 0xA8A7, 0xA8A7, 0xA8A7, 0xA8A7, 0xA8A7, 0xA8A7, 0xA8A7, 0xA8A7, 0xA8A7, 0xA8A7,
    0xA8A7, 0xA8A7, 0xA8A7, 0xA8A7, 0xA8A7, 0xA8A7, 0xA087, 0x2821, 0x0000, 0x0000, 0x0000, 0x0000,
    0x0000, 0x0000, 0x0000, 0x0000, 0x0000, 0x0000, 0x0000, 0x0000, 0x0000, 0x0000, 0x0000, 0x0000,
    0x0000, 0x0000, 0x0000, 0x0000, 0x0000, 0x0000, 0x0000, 0x0000, 0x0000, 0x0000, 0x0000, 0x0000,
    0x0000, 0x0000, 0x0000, 0x0000, 0x0000, 0x0000, 0x0000, 0x0000, 0x0000, 0x0000, 0x0000, 0x0000,
    0x0000, 0x0000, 0x0000, 0x0000, 0x0000, 0x0000, 0x0000, 0x0000, 0x0000, 0x0000, 0x0000, 0x0000,
    0x0000, 0x0000, 0x0000, 0x0000, 0x3021, 0xD0E7, 0xD8E7, 0xD8E7, 0xD8E7, 0xD8E7, 0xD8E7, 0xD8E7,
    0xD8E7, 0xD8E7, 0xD8E7, 0xD8E7, 0xD8E7, 0xD8E7, 0xD8E7, 0xD8E7, 0xD8E7, 0xD8E7, 0xD8E7, 0xD8E7,
    0xD8E7, 0xD8E7, 0xD8E7, 0xD8E7, 0xD8E7, 0xD8E7, 0xD8E7, 0xD8E7, 0xD8E7, 0xD8E7, 0xD8E7, 0xD8E7,
    0xD8E7, 0xD8E7, 0xD8E7, 0xD8E7, 0xD8E7, 0xD8E7, 0xD8E7, 0xD8E7, 0xD8E7, 0xD8E7, 0xD8E7, 0xD8E7,
    0xD8E7, 0xD8E7, 0xD8E7, 0xD8E7, 0xD8E7, 0xD8E7, 0xD8E7, 0xD8E7, 0xD8E7, 0xD8E7, 0xD8E7, 0xD8E7,
    0xD8E7, 0xD8E7, 0xD8E7, 0xD8E7, 0xD8E7, 0xD8E7, 0xD8E7, 0xD8E7, 0xD8E7, 0xD8E7, 0xD8E7, 0xD8E7,
    0xD8E7, 0xD8E7, 0xD8E7, 0xD8E7, 0xD8E7, 0xD8E7, 0xD8E7, 0xD8E7, 0xD8E7, 0xD8E7, 0xD8E7, 0xD8E7,
    0xD8E7, 0xD8E7, 0xD8E7, 0xD8E7, 0xD8E7, 0xD8E7, 0xD8E7, 0xD8E7, 0xD8E7, 0xD8E7, 0xD8E7, 0xD8E7,
    0xD8E7, 0xD8E7, 0xD8E7, 0xD8E7, 0xD8E7, 0xD8E7, 0xD8E7, 0xD8E7, 0xD8E7, 0xD8E7, 0xD8E7, 0xD8E7,
    0xD8E7, 0xD8E7, 0xD8E7, 0xD8E7, 0xD8E7, 0xD8E7, 0xD8E7, 0xE908, 0x90A5, 0x0000, 0x0000, 0x0000,
    0x0000, 0x0000, 0x1001, 0x9886, 0xB0A7, 0xA8A7, 0xA8A7, 0xA8A7, 0xA8A7, 0xA8A7, 0xA8A7, 0xA8A7,
    0xA8A7, 0xA8A7, 0xA8A7, 0xA8A7, 0xA8A7, 0xA8A7, 0xA8A7, 0xA8A7, 0xA8A7, 0xA8A7, 0xA8A7, 0xA8A7,
    0xA8A7, 0xA8A7, 0xA8A7, 0xA8A7, 0xA8A7, 0xA8A7, 0xA8A7, 0xA8A7, 0xA8A7, 0xA8A7, 0xA8A7, 0xA8A7,
    0xA8A7, 0xA8A7, 0xA8A7, 0xA8A7, 0xA8A7, 0xA8A7, 0xA8A7, 0xA8A7, 0xA8A7, 0xA8A7, 0xA8A7, 0xA8A7,
    0xA8A7, 0xA8A7, 0xA8A7, 0xA8A7, 0xA8A7, 0xA8A7, 0xA8A7, 0xA8A7, 0xA8A7, 0xA8A7, 0xA8A7, 0xA8A7,
    0xA8A7, 0xA8A7, 0xA8A7, 0xA8A7, 0xA8A7, 0xA8A7, 0xA087, 0x2821, 0x0000, 0x0000, 0x0000, 0x0000,
    0x0000, 0x0000, 0x0000, 0x0000, 0x0000, 0x0000, 0x0000, 0x0000, 0x0000, 0x0000, 0x0000, 0x0000,
    0x0000, 0x0000, 0x0000, 0x0000, 0x0000, 0x0000, 0x0000, 0x0000, 0x0000, 0x0000, 0x0000, 0x0000,
    0x0000, 0x0000, 0x0000, 0x0000, 0x0000, 0x0000, 0x0000, 0x0000, 0x0000, 0x0000, 0x0000, 0x0000,
    0x0000, 0x0000, 0x0000, 0x0000, 0x0000, 0x0000, 0x0000, 0x0000, 0x0000, 0x0000, 0x0000, 0x0000,
    0x0000, 0x0000, 0x0000, 0x0000, 0x2821, 0xD0E7, 0xD8E7, 0xD8E7, 0xD8E7, 0xD8E7, 0xD8E7, 0xD8E7,
    0xD8E7, 0xD8E7, 0xD8E7, 0xD8E7, 0xD8E7, 0xD8E7, 0xD8E7, 0xD8E7, 0xD8E7, 0xD8E7, 0xD8E7, 0xD8E7,
    0xD8E7, 0xD8E7, 0xD8E7, 0xD8E7, 0xD8E7, 0xD8E7, 0xD8E7, 0xD8E7, 0xD8E7, 0xD8E7, 0xD8E7, 0xD8E7,
    0xD8E7, 0xD8E7, 0xD8E7, 0xD8E7, 0xD8E7, 0xD8E7, 0xD8E7, 0xD8E7, 0xD8E7, 0xD8E7, 0xD8E7, 0xD8E7,
    0xD8E7, 0xD8E7, 0xD8E7, 0xD8E7, 0xD8E7, 0xD8E7, 0xD8E7, 0xD8E7, 0xD8E7, 0xD8E7, 0xD8E7, 0xD8E7,
    0xD8E7, 0xD8E7, 0xD8E7, 0xD8E7, 0xD8E7, 0xD8E7, 0xD8E7, 0xD8E7, 0xD8E7, 0xD8E7, 0xD8E7, 0xD8E7,
    0xD8E7, 0xD8E7, 0xD8E7, 0xD8E7, 0xD8E7, 0xD8E7, 0xD8E7, 0xD8E7, 0xD8E7, 0xD8E7, 0xD8E7, 0xD8E7,
    0xD8E7, 0xD8E7, 0xD8E7, 0xD8E7, 0xD8E7, 0xD8E7, 0xD8E7, 0xD8E7, 0xD8E7, 0xD8E7, 0xD8E7, 0xD8E7,
    0xD8E7, 0xD8E7, 0xD8E7, 0xD8E7, 0xD8E7, 0xD8E7, 0xD8E7, 0xD8E7, 0xD8E7, 0xD8E7, 0xD8E7, 0xD8E7,
    0xD8E7, 0xD8E7, 0xD8E7, 0xD8E7, 0xD8E7, 0xD8E7, 0xD8E7, 0xE908, 0x90A5, 0x0000, 0x0000, 0x0000,
    0x0000, 0x0000, 0x1000, 0x9886, 0xB0A7, 0xA8A7, 0xA8A7, 0xA8A7, 0xA8A7, 0xA8A7, 0xA8A7, 0xA8A7,
    0xA8A7, 0xA8A7, 0xA8A7, 0xA8A7, 0xA8A7, 0xA8A7, 0xA8A7, 0xA8A7, 0xA8A7, 0xA8A7, 0xA8A7, 0xA8A7,
    0xA8A7, 0xA8A7, 0xA8A7, 0xA8A7, 0xA8A7, 0xA8A7, 0xA8A7, 0xA8A7, 0xA8A7, 0xA8A7, 0xA8A7, 0xA8A7,
    0xA8A7, 0xA8A7, 0xA8A7, 0xA8A7, 0xA8A7, 0xA8A7, 0xA8A7, 0xA8A7, 0xA8A7, 0xA8A7, 0xA8A7, 0xA8A7,
    0xA8A7, 0xA8A7, 0xA8A7, 0xA8A7, 0xA8A7, 0xA8A7, 0xA8A7, 0xA8A7, 0xA8A7, 0xA8A7, 0xA8A7, 0xA8A7,
    0xA8A7, 0xA8A7, 0xA8A7, 0xA8A7, 0xA8A7, 0xA8A7, 0xA087, 0x2021, 0x0000, 0x0000, 0x0000, 0x0000,
    0x0000, 0x0000, 0x0000, 0x0000, 0x0000, 0x0000, 0x0000, 0x0000, 0x0000, 0x0000, 0x0000, 0x0000,
    0x0000, 0x0000, 0x0000, 0x0000, 0x0000, 0x0000, 0x0000, 0x0000, 0x0000, 0x0000, 0x0000, 0x0000,
    0x0000, 0x0000, 0x0000, 0x0000, 0x0000, 0x0000, 0x0000, 0x0000, 0x0000, 0x0000, 0x0000, 0x0000,
    0x0000, 0x0000, 0x0000, 0x0000, 0x0000, 0x0000, 0x0000, 0x0000, 0x0000, 0x0000, 0x0000, 0x0000,
    0x0000, 0x0000, 0x0000, 0x0000, 0x1800, 0xD0E7, 0xD8E7, 0xD8E7, 0xD8E7, 0xD8E7, 0xD8E7, 0xD8E7,
    0xD8E7, 0xD8E7, 0xD8E7, 0xD8E7, 0xD8E7, 0xD8E7, 0xD8E7, 0xD8E7, 0xD8E7, 0xD8E7, 0xD8E7, 0xD8E7,
    0xD8E7, 0xD8E7, 0xD8E7, 0xD8E7, 0xD8E7, 0xD8E7, 0xD8E7, 0xD8E7, 0xD8E7, 0xD8E7, 0xD8E7, 0xD8E7,
    0xD8E7, 0xD8E7, 0xD8E7, 0xD8E7, 0xD8E7, 0xD8E7, 0xD8E7, 0xD8E7, 0xD8E7, 0xD8E7, 0xD8E7, 0xD8E7,
    0xD8E7, 0xD8E7, 0xD8E7, 0xD8E7, 0xD8E7, 0xD8E7, 0xD8E7, 0xD8E7, 0xD8E7, 0xD8E7, 0xD8E7, 0xD8E7,
    0xD8E7, 0xD8E7, 0xD8E7, 0xD8E7, 0xD8E7, 0xD8E7, 0xD8E7, 0xD8E7, 0xD8E7, 0xD8E7, 0xD8E7, 0xD8E7,
    0xD8E7, 0xD8E7, 0xD8E7, 0xD8E7, 0xD8E7, 0xD8E7, 0xD8E7, 0xD8E7, 0xD8E7, 0xD8E7, 0xD8E7, 0xD8E7,
    0xD8E7, 0xD8E7, 0xD8E7, 0xD8E7, 0xD8E7, 0xD8E7, 0xD8E7, 0xD8E7, 0xD8E7, 0xD8E7, 0xD8E7, 0xD8E7,
    0xD8E7, 0xD8E7, 0xD8E7, 0xD8E7, 0xD8E7, 0xD8E7, 0xD8E7, 0xD8E7, 0xD8E7, 0xD8E7, 0xD8E7, 0xD8E7,
    0xD8E7, 0xD8E7, 0xD8E7, 0xD8E7, 0xD8E7, 0xD8E7, 0xD8E7, 0xE908, 0x98A5, 0x0000, 0x0000, 0x0000,
    0x0000, 0x0000, 0x1001, 0x9886, 0xB0A7, 0xA8A7, 0xA8A7, 0xA8A7, 0xA8A7, 0xA8A7, 0xA8A7, 0xA8A7,
    0xA8A7, 0xA8A7, 0xA8A7, 0xA8A7, 0xA8A7, 0xA8A7, 0xA8A7, 0xA8A7, 0xA8A7, 0xA8A7, 0xA8A7, 0xA8A7,
    0xA8A7, 0xA8A7, 0xA8A7, 0xA8A7, 0xA8A7, 0xA8A7, 0xA8A7, 0xA8A7, 0xA8A7, 0xA8A7, 0xA8A7, 0xA8A7,
    0xA8A7, 0xA8A7, 0xA8A7, 0xA8A7, 0xA8A7, 0xA8A7, 0xA8A7, 0xA8A7, 0xA8A7, 0xA8A7, 0xA8A7, 0xA8A7,
    0xA8A7, 0xA8A7, 0xA8A7, 0xA8A7, 0xA8A7, 0xA8A7, 0xA8A7, 0xA8A7, 0xA8A7, 0xA8A7, 0xA8A7, 0xA8A7,
    0xA8A7, 0xA8A7, 0xA8A7, 0xA8A7, 0xA8A7, 0xA8A7, 0xA087, 0x1801, 0x0000, 0x0000, 0x0000, 0x0000,
    0x0000, 0x0000, 0x0000, 0x0000, 0x0000, 0x0000, 0x0000, 0x0000, 0x0000, 0x0000, 0x0000, 0x0000,
    0x0000, 0x0000, 0x0000, 0x0000, 0x0000, 0x0000, 0x0000, 0x0000, 0x0000, 0x0000, 0x0000, 0x0000,
    0x0000, 0x0000, 0x0000, 0x0000, 0x0000, 0x0000, 0x0000, 0x0000, 0x0000, 0x0000, 0x0000, 0x0000,
    0x0000, 0x0000, 0x0000, 0x0000, 0x0000, 0x0000, 0x0000, 0x0000, 0x0000, 0x0000, 0x0000, 0x0000,
    0x0000, 0x0000, 0x0000, 0x0000, 0x0000, 0xD0E7, 0xD907, 0xD8E7, 0xD8E7, 0xD8E7, 0xD8E7, 0xD8E7,
    0xD8E7, 0xD8E7, 0xD8E7, 0xD8E7, 0xD8E7, 0xD8E7, 0xD8E7, 0xD8E7, 0xD8E7, 0xD8E7, 0xD8E7, 0xD8E7,
    0xD8E7, 0xD8E7, 0xD8E7, 0xD8E7, 0xD8E7, 0xD8E7, 0xD8E7, 0xD8E7, 0xD8E7, 0xD8E7, 0xD8E7, 0xD8E7,
    0xD8E7, 0xD8E7, 0xD8E7, 0xD8E7, 0xD8E7, 0xD8E7, 0xD8E7, 0xD8E7, 0xD8E7, 0xD8E7, 0xD8E7, 0xD8E7,
    0xD8E7, 0xD8E7, 0xD8E7, 0xD8E7, 0xD8E7, 0xD8E7, 0xD8E7, 0xD8E7, 0xD8E7, 0xD8E7, 0xD8E7, 0xD8E7,
    0xD8E7, 0xD8E7, 0xD8E7, 0xD8E7, 0xD8E7, 0xD8E7, 0xD8E7, 0xD8E7, 0xD8E7, 0xD8E7, 0xD8E7, 0xD8E7,
    0xD8E7, 0xD8E7, 0xD8E7, 0xD8E7, 0xD8E7, 0xD8E7, 0xD8E7, 0xD8E7, 0xD8E7, 0xD8E7, 0xD8E7, 0xD8E7,
    0xD8E7, 0xD8E7, 0xD8E7, 0xD8E7, 0xD8E7, 0xD8E7, 0xD8E7, 0xD8E7, 0xD8E7, 0xD8E7, 0xD8E7, 0xD8E7,
    0xD8E7, 0xD8E7, 0xD8E7, 0xD8E7, 0xD8E7, 0xD8E7, 0xD8E7, 0xD8E7, 0xD8E7, 0xD8E7, 0xD8E7, 0xD8E7,
    0xD8E7, 0xD8E7, 0xD8E7, 0xD8E7, 0xD8E7, 0xD8E7, 0xD8E7, 0xE908, 0x98A5, 0x0000, 0x0000, 0x0000,
    0x0000, 0x0000, 0x1001, 0x9886, 0xB0A7, 0xA8A7, 0xA8A7, 0xA8A7, 0xA8A7, 0xA8A7, 0xA8A7, 0xA8A7,
    0xA8A7, 0xA8A7, 0xA8A7, 0xA8A7, 0xA8A7, 0xA8A7, 0xA8A7, 0xA8A7, 0xA8A7, 0xA8A7, 0xA8A7, 0xA8A7,
    0xA8A7, 0xA8A7, 0xA8A7, 0xA8A7, 0xA8A7, 0xA8A7, 0xA8A7, 0xA8A7, 0xA8A7, 0xA8A7, 0xA8A7, 0xA8A7,
    0xA8A7, 0xA8A7, 0xA8A7, 0xA8A7, 0xA8A7, 0xA8A7, 0xA8A7, 0xA8A7, 0xA8A7, 0xA8A7, 0xA8A7, 0xA8A7,
    0xA8A7, 0xA8A7, 0xA8A7, 0xA8A7, 0xA8A7, 0xA8A7, 0xA8A7, 0xA8A7, 0xA8A7, 0xA8A7, 0xA8A7, 0xA8A7,
    0xA8A7, 0xA8A7, 0xA8A7, 0xA8A7, 0xA8A7, 0xB0A7, 0xA087, 0x0000, 0x0000, 0x0000, 0x0000, 0x0000,
    0x0000, 0x0000, 0x0000, 0x0000, 0x0000, 0x0000, 0x0000, 0x0000, 0x0000, 0x0000, 0x0000, 0x0000,
    0x0000, 0x0000, 0x0000, 0x0000, 0x0000, 0x0000, 0x0000, 0x0000, 0x0000, 0x0000, 0x0000, 0x0000,
    0x0000, 0x0000, 0x0000, 0x0000, 0x0000, 0x0000, 0x0000, 0x0000, 0x0000, 0x0000, 0x0000, 0x0000,
    0x0000, 0x0000, 0x0000, 0x0000, 0x0000, 0x0000, 0x0000, 0x0000, 0x0000, 0x0000, 0x0000, 0x0000,
    0x0000, 0x0000, 0x0000, 0x0000, 0x0000, 0xC8E7, 0xD8E7, 0xD8E7, 0xD8E7, 0xD8E7, 0xD8E7, 0xD8E7,
    0xD8E7, 0xD8E7, 0xD8E7, 0xD8E7, 0xD8E7, 0xD8E7, 0xD8E7, 0xD8E7, 0xD8E7, 0xD8E7, 0xD8E7, 0xD8E7,
    0xD8E7, 0xD8E7, 0xD8E7, 0xD8E7, 0xD8E7, 0xD8E7, 0xD8E7, 0xD8E7, 0xD8E7, 0xD8E7, 0xD8E7, 0xD8E7,
    0xD8E7, 0xD8E7, 0xD8E7, 0xD8E7, 0xD8E7, 0xD8E7, 0xD8E7, 0xD8E7, 0xD8E7, 0xD8E7, 0xD8E7, 0xD8E7,
    0xD8E7, 0xD8E7, 0xD8E7, 0xD8E7, 0xD8E7, 0xD8E7, 0xD8E7, 0xD8E7, 0xD8E7, 0xD8E7, 0xD8E7, 0xD8E7,
    0xD8E7, 0xD8E7, 0xD8E7, 0xD8E7, 0xD8E7, 0xD8E7, 0xD8E7, 0xD8E7, 0xD8E7, 0xD8E7, 0xD8E7, 0xD8E7,
    0xD8E7, 0xD8E7, 0xD8E7, 0xD8E7, 0xD8E7, 0xD8E7, 0xD8E7, 0xD8E7, 0xD8E7, 0xD8E7, 0xD8E7, 0xD8E7,
    0xD8E7, 0xD8E7, 0xD8E7, 0xD8E7, 0xD8E7, 0xD8E7, 0xD8E7, 0xD8E7, 0xD8E7, 0xD8E7, 0xD8E7, 0xD8E7,
    0xD8E7, 0xD8E7, 0xD8E7, 0xD8E7, 0xD8E7, 0xD8E7, 0xD8E7, 0xD8E7, 0xD8E7, 0xD8E7, 0xD8E7, 0xD8E7,
    0xD8E7, 0xD8E7, 0xD8E7, 0xD8E7, 0xD8E7, 0xD8E7, 0xD8E7, 0xE908, 0x98A5, 0x0000, 0x0000, 0x0000,
    0x0000, 0x0000, 0x1000, 0x9886, 0xB0A7, 0xA8A7, 0xA8A7, 0xA8A7, 0xA8A7, 0xA8A7, 0xA8A7, 0xA8A7,
    0xA8A7, 0xA8A7, 0xA8A7, 0xA8A7, 0xA8A7, 0xA8A7, 0xA8A7, 0xA8A7, 0xA8A7, 0xA8A7, 0xA8A7, 0xA8A7,
    0xA8A7, 0xA8A7, 0xA8A7, 0xA8A7, 0xA8A7, 0xA8A7, 0xA8A7, 0xA8A7, 0xA8A7, 0xA8A7, 0xA8A7, 0xA8A7,
    0xA8A7, 0xA8A7, 0xA8A7, 0xA8A7, 0xA8A7, 0xA8A7, 0xA8A7, 0xA8A7, 0xA8A7, 0xA8A7, 0xA8A7, 0xA8A7,
    0xA8A7, 0xA8A7, 0xA8A7, 0xA8A7, 0xA8A7, 0xA8A7, 0xA8A7, 0xA8A7, 0xA8A7, 0xA8A7, 0xA8A7, 0xA8A7,
    0xA8A7, 0xA8A7, 0xA8A7, 0xA8A7, 0xA8A7, 0xB0A7, 0xA087, 0x0000, 0x0000, 0x0000, 0x0000, 0x0000,
    0x0000, 0x0000, 0x0000, 0x0000, 0x0000, 0x0000, 0x0000, 0x0000, 0x0000, 0x0000, 0x0000, 0x0000,
    0x0000, 0x0000, 0x0000, 0x0000, 0x0000, 0x0000, 0x0000, 0x0000, 0x0000, 0x0000, 0x0000, 0x0000,
    0x0000, 0x0000, 0x0000, 0x0000, 0x0000, 0x0000, 0x0000, 0x0000, 0x0000, 0x0000, 0x0000, 0x0000,
    0x0000, 0x0000, 0x0000, 0x0000, 0x0000, 0x0000, 0x0000, 0x0000, 0x0000, 0x0000, 0x0000, 0x0000,
    0x0000, 0x0000, 0x0000, 0x0000, 0x0000, 0xA0C5, 0xD8E7, 0xD8E7, 0xD8E7, 0xD8E7, 0xD8E7, 0xD8E7,
    0xD8E7, 0xD8E7, 0xD8E7, 0xD8E7, 0xD8E7, 0xD8E7, 0xD8E7, 0xD8E7, 0xD8E7, 0xD8E7, 0xD8E7, 0xD8E7,
    0xD8E7, 0xD8E7, 0xD8E7, 0xD8E7, 0xD8E7, 0xD8E7, 0xD8E7, 0xD8E7, 0xD8E7, 0xD8E7, 0xD8E7, 0xD8E7,
    0xD8E7, 0xD8E7, 0xD8E7, 0xD8E7, 0xD8E7, 0xD8E7, 0xD8E7, 0xD8E7, 0xD8E7, 0xD8E7, 0xD8E7, 0xD8E7,
    0xD8E7, 0xD8E7, 0xD8E7, 0xD8E7, 0xD8E7, 0xD8E7, 0xD8E7, 0xD8E7, 0xD8E7, 0xD8E7, 0xD8E7, 0xD8E7,
    0xD8E7, 0xD8E7, 0xD8E7, 0xD8E7, 0xD8E7, 0xD8E7, 0xD8E7, 0xD8E7, 0xD8E7, 0xD8E7, 0xD8E7, 0xD8E7,
    0xD8E7, 0xD8E7, 0xD8E7, 0xD8E7, 0xD8E7, 0xD8E7, 0xD8E7, 0xD8E7, 0xD8E7, 0xD8E7, 0xD8E7, 0xD8E7,
    0xD8E7, 0xD8E7, 0xD8E7, 0xD8E7, 0xD8E7, 0xD8E7, 0xD8E7, 0xD8E7, 0xD8E7, 0xD8E7, 0xD8E7, 0xD8E7,
    0xD8E7, 0xD8E7, 0xD8E7, 0xD8E7, 0xD8E7, 0xD8E7, 0xD8E7, 0xD8E7, 0xD8E7, 0xD8E7, 0xD8E7, 0xD8E7,
    0xD8E7, 0xD8E7, 0xD8E7, 0xD8E7, 0xD8E7, 0xD8E7, 0xD8E7, 0xE908, 0x98A5, 0x0000, 0x0000, 0x0000,
    0x0000, 0x0000, 0x1001, 0x9886, 0xB0A7, 0xA8A7, 0xA8A7, 0xA8A7, 0xA8A7, 0xA8A7, 0xA8A7, 0xA8A7,
    0xA8A7, 0xA8A7, 0xA8A7, 0xA8A7, 0xA8A7, 0xA8A7, 0xA8A7, 0xA8A7, 0xA8A7, 0xA8A7, 0xA8A7, 0xA8A7,
    0xA8A7, 0xA8A7, 0xA8A7, 0xA8A7, 0xA8A7, 0xA8A7, 0xA8A7, 0xA8A7, 0xA8A7, 0xA8A7, 0xA8A7, 0xA8A7,
    0xA8A7, 0xA8A7, 0xA8A7, 0xA8A7, 0xA8A7, 0xA8A7, 0xA8A7, 0xA8A7, 0xA8A7, 0xA8A7, 0xA8A7, 0xA8A7,
    0xA8A7, 0xA8A7, 0xA8A7, 0xA8A7, 0xA8A7, 0xA8A7, 0xA8A7, 0xA8A7, 0xA8A7, 0xA8A7, 0xA8A7, 0xA8A7,
    0xA8A7, 0xA8A7, 0xA8A7, 0xA8A7, 0xA8A7, 0xA8A7, 0x8885, 0x0000, 0x0000, 0x0000, 0x0000, 0x0000,
    0x0000, 0x0000, 0x0000, 0x0000, 0x0000, 0x0000, 0x0000, 0x0000, 0x0000, 0x0000, 0x0000, 0x0000,
    0x0000, 0x0000, 0x0000, 0x0000, 0x0000, 0x0000, 0x0000, 0x0000, 0x0000, 0x0000, 0x0000, 0x0000,
    0x0000, 0x0000, 0x0000, 0x0000, 0x0000, 0x0000, 0x0000, 0x0000, 0x0000, 0x0000, 0x0000, 0x0000,
    0x0000, 0x0000, 0x0000, 0x0000, 0x0000, 0x0000, 0x0000, 0x0000, 0x0000, 0x0000, 0x0000, 0x0000,
    0x0000, 0x0000, 0x0000, 0x0000, 0x0000, 0x7064, 0xD8E7, 0xD8E7, 0xD8E7, 0xD8E7, 0xD8E7, 0xD8E7,
    0xD8E7, 0xD8E7, 0xD8E7, 0xD8E7, 0xD8E7, 0xD8E7, 0xD8E7, 0xD8E7, 0xD8E7, 0xD8E7, 0xD8E7, 0xD8E7,
    0xD8E7, 0xD8E7, 0xD8E7, 0xD8E7, 0xD8E7, 0xD8E7, 0xD8E7, 0xD8E7, 0xD8E7, 0xD8E7, 0xD8E7, 0xD8E7,
    0xD8E7, 0xD8E7, 0xD8E7, 0xD8E7, 0xD8E7, 0xD8E7, 0xD8E7, 0xD8E7, 0xD8E7, 0xD8E7, 0xD8E7, 0xD8E7,
    0xD8E7, 0xD8E7, 0xD8E7, 0xD8E7, 0xD8E7, 0xD8E7, 0xD8E7, 0xD8E7, 0xD8E7, 0xD8E7, 0xD8E7, 0xD8E7,
    0xD8E7, 0xD8E7, 0xD8E7, 0xD8E7, 0xD8E7, 0xD8E7, 0xD8E7, 0xD8E7, 0xD8E7, 0xD8E7, 0xD8E7, 0xD8E7,
    0xD8E7, 0xD8E7, 0xD8E7, 0xD8E7, 0xD8E7, 0xD8E7, 0xD8E7, 0xD8E7, 0xD8E7, 0xD8E7, 0xD8E7, 0xD8E7,
    0xD8E7, 0xD8E7, 0xD8E7, 0xD8E7, 0xD8E7, 0xD8E7, 0xD8E7, 0xD8E7, 0xD8E7, 0xD8E7, 0xD8E7, 0xD8E7,
    0xD8E7, 0xD8E7, 0xD8E7, 0xD8E7, 0xD8E7, 0xD8E7, 0xD8E7, 0xD8E7, 0xD8E7, 0xD8E7, 0xD8E7, 0xD8E7,
    0xD8E7, 0xD8E7, 0xD8E7, 0xD8E7, 0xD8E7, 0xD8E7, 0xD8E7, 0xE908, 0x98A5, 0x0000, 0x0000, 0x0000,
    0x0000, 0x0000, 0x1001, 0x9886, 0xB0A7, 0xA8A7, 0xA8A7, 0xA8A7, 0xA8A7, 0xA8A7, 0xA8A7, 0xA8A7,
    0xA8A7, 0xA8A7, 0xA8A7, 0xA8A7, 0xA8A7, 0xA8A7, 0xA8A7, 0xA8A7, 0xA8A7, 0xA8A7, 0xA8A7, 0xA8A7,
    0xA8A7, 0xA8A7, 0xA8A7, 0xA8A7, 0xA8A7, 0xA8A7, 0xA8A7, 0xA8A7, 0xA8A7, 0xA8A7, 0xA8A7, 0xA8A7,
    0xA8A7, 0xA8A7, 0xA8A7, 0xA8A7, 0xA8A7, 0xA8A7, 0xA8A7, 0xA8A7, 0xA8A7, 0xA8A7, 0xA8A7, 0xA8A7,
    0xA8A7, 0xA8A7, 0xA8A7, 0xA8A7, 0xA8A7, 0xA8A7, 0xA8A7, 0xA8A7, 0xA8A7, 0xA8A7, 0xA8A7, 0xA8A7,
    0xA8A7, 0xA8A7, 0xA8A7, 0xA8A7, 0xA8A7, 0xA8A7, 0x6044, 0x0000, 0x0000, 0x0000, 0x0000, 0x0000,
    0x0000, 0x0000, 0x0000, 0x0000, 0x0000, 0x0000, 0x0000, 0x0000, 0x0000, 0x0000, 0x0000, 0x0000,
    0x0000, 0x0000, 0x0000, 0x0000, 0x0000, 0x0000, 0x0000, 0x0000, 0x0000, 0x0000, 0x0000, 0x0000,
    0x0000, 0x0000, 0x0000, 0x0000, 0x0000, 0x0000, 0x0000, 0x0000, 0x0000, 0x0000, 0x0000, 0x0000,
    0x0000, 0x0000, 0x0000, 0x0000, 0x0000, 0x0000, 0x0000, 0x0000, 0x0000, 0x0000, 0x0000, 0x0000,
    0x0000, 0x0000, 0x0000, 0x0000, 0x0000, 0x3842, 0xD8E7, 0xD8E7, 0xD8E7, 0xD8E7, 0xD8E7, 0xD8E7,
    0xD8E7, 0xD8E7, 0xD8E7, 0xD8E7, 0xD8E7, 0xD8E7, 0xD8E7, 0xD8E7, 0xD8E7, 0xD8E7, 0xD8E7, 0xD8E7,
    0xD8E7, 0xD8E7, 0xD8E7, 0xD8E7, 0xD8E7, 0xD8E7, 0xD8E7, 0xD8E7, 0xD8E7, 0xD8E7, 0xD8E7, 0xD8E7,
    0xD8E7, 0xD8E7, 0xD8E7, 0xD8E7, 0xD8E7, 0xD8E7, 0xD8E7, 0xD8E7, 0xD8E7, 0xD8E7, 0xD8E7, 0xD8E7,
    0xD8E7, 0xD8E7, 0xD8E7, 0xD8E7, 0xD8E7, 0xD8E7, 0xD8E7, 0xD8E7, 0xD8E7, 0xD8E7, 0xD8E7, 0xD8E7,
    0xD8E7, 0xD8E7, 0xD8E7, 0xD8E7, 0xD8E7, 0xD8E7, 0xD8E7, 0xD8E7, 0xD8E7, 0xD8E7, 0xD8E7, 0xD8E7,
    0xD8E7, 0xD8E7, 0xD8E7, 0xD8E7, 0xD8E7, 0xD8E7, 0xD8E7, 0xD8E7, 0xD8E7, 0xD8E7, 0xD8E7, 0xD8E7,
    0xD8E7, 0xD8E7, 0xD8E7, 0xD8E7, 0xD8E7, 0xD8E7, 0xD8E7, 0xD8E7, 0xD8E7, 0xD8E7, 0xD8E7, 0xD8E7,
    0xD8E7, 0xD8E7, 0xD8E7, 0xD8E7, 0xD8E7, 0xD8E7, 0xD8E7, 0xD8E7, 0xD8E7, 0xD8E7, 0xD8E7, 0xD8E7,
    0xD8E7, 0xD8E7, 0xD8E7, 0xD8E7, 0xD8E7, 0xD8E7, 0xD0E7, 0xE908, 0xA0A5, 0x0000, 0x0000, 0x0000,
    0x0000, 0x0000, 0x1001, 0x9886, 0xB0A7, 0xA8A7, 0xA8A7, 0xA8A7, 0xA8A7, 0xA8A7, 0xA8A7, 0xA8A7,
    0xA8A7, 0xA8A7, 0xA8A7, 0xA8A7, 0xA8A7, 0xA8A7, 0xA8A7, 0xA8A7, 0xA8A7, 0xA8A7, 0xA8A7, 0xA8A7,
    0xA8A7, 0xA8A7, 0xA8A7, 0xA8A7, 0xA8A7, 0xA8A7, 0xA8A7, 0xA8A7, 0xA8A7, 0xA8A7, 0xA8A7, 0xA8A7,
    0xA8A7, 0xA8A7, 0xA8A7, 0xA8A7, 0xA8A7, 0xA8A7, 0xA8A7, 0xA8A7, 0xA8A7, 0xA8A7, 0xA8A7, 0xA8A7,
    0xA8A7, 0xA8A7, 0xA8A7, 0xA8A7, 0xA8A7, 0xA8A7, 0xA8A7, 0xA8A7, 0xA8A7, 0xA8A7, 0xA8A7, 0xA8A7,
    0xA8A7, 0xA8A7, 0xA8A7, 0xA8A7, 0xA8A7, 0xA8A7, 0x3022, 0x0000, 0x0000, 0x0000, 0x0000, 0x0000,
    0x0000, 0x0000, 0x0000, 0x0000, 0x0000, 0x0000, 0x0000, 0x0000, 0x0000, 0x0000, 0x0000, 0x0000,
    0x0000, 0x0000, 0x0000, 0x0000, 0x0000, 0x0000, 0x0000, 0x0000, 0x0000, 0x0000, 0x0000, 0x0000,
    0x0000, 0x0000, 0x0000, 0x0000, 0x0000, 0x0000, 0x0000, 0x0000, 0x0000, 0x0000, 0x0000, 0x0000,
    0x0000, 0x0000, 0x0000, 0x0000, 0x0000, 0x0000, 0x0000, 0x0000, 0x0000, 0x0000, 0x0000, 0x0000,
    0x0000, 0x0000, 0x0000, 0x0000, 0x0000, 0x0000, 0xD0E7, 0xD8E7, 0xD8E7, 0xD8E7, 0xD8E7, 0xD8E7,
    0xD8E7, 0xD8E7, 0xD8E7, 0xD8E7, 0xD8E7, 0xD8E7, 0xD8E7, 0xD8E7, 0xD8E7, 0xD8E7, 0xD8E7, 0xD8E7,
    0xD8E7, 0xD8E7, 0xD8E7, 0xD8E7, 0xD8E7, 0xD8E7, 0xD8E7, 0xD8E7, 0xD8E7, 0xD8E7, 0xD8E7, 0xD8E7,
    0xD8E7, 0xD8E7, 0xD8E7, 0xD8E7, 0xD8E7, 0xD8E7, 0xD8E7, 0xD8E7, 0xD8E7, 0xD8E7, 0xD8E7, 0xD8E7,
    0xD8E7, 0xD8E7, 0xD8E7, 0xD8E7, 0xD8E7, 0xD8E7, 0xD8E7, 0xD8E7, 0xD8E7, 0xD8E7, 0xD8E7, 0xD8E7,
    0xD8E7, 0xD8E7, 0xD8E7, 0xD8E7, 0xD8E7, 0xD8E7, 0xD8E7, 0xD8E7, 0xD8E7, 0xD8E7, 0xD8E7, 0xD8E7,
    0xD8E7, 0xD8E7, 0xD8E7, 0xD8E7, 0xD8E7, 0xD8E7, 0xD8E7, 0xD8E7, 0xD8E7, 0xD8E7, 0xD8E7, 0xD8E7,
    0xD8E7, 0xD8E7, 0xD8E7, 0xD8E7, 0xD8E7, 0xD8E7, 0xD8E7, 0xD8E7, 0xD8E7, 0xD8E7, 0xD8E7, 0xD8E7,
    0xD8E7, 0xD8E7, 0xD8E7, 0xD8E7, 0xD8E7, 0xD8E7, 0xD8E7, 0xD8E7, 0xD8E7, 0xD8E7, 0xD8E7, 0xD8E7,
    0xD8E7, 0xD8E7, 0xD8E7, 0xD8E7, 0xD8E7, 0xD8E7, 0xD0E7, 0xE908, 0xA0A5, 0x0000, 0x0000, 0x0000,
    0x0000, 0x0000, 0x1000, 0x9886, 0xB0A7, 0xA8A7, 0xA8A7, 0xA8A7, 0xA8A7, 0xA8A7, 0xA8A7, 0xA8A7,
    0xA8A7, 0xA8A7, 0xA8A7, 0xA8A7, 0xA8A7, 0xA8A7, 0xA8A7, 0xA8A7, 0xA8A7, 0xA8A7, 0xA8A7, 0xA8A7,
    0xA8A7, 0xA8A7, 0xA8A7, 0xA8A7, 0xA8A7, 0xA8A7, 0xA8A7, 0xA8A7, 0xA8A7, 0xA8A7, 0xA8A7, 0xA8A7,
    0xA8A7, 0xA8A7, 0xA8A7, 0xA8A7, 0xA8A7, 0xA8A7, 0xA8A7, 0xA8A7, 0xA8A7, 0xA8A7, 0xA8A7, 0xA8A7,
    0xA8A7, 0xA8A7, 0xA8A7, 0xA8A7, 0xA8A7, 0xA8A7, 0xA8A7, 0xA8A7, 0xA8A7, 0xA8A7, 0xA8A7, 0xA8A7,
    0xA8A7, 0xA8A7, 0xA8A7, 0xA8A7, 0xA8A7, 0xA8A7, 0x0800, 0x0000, 0x0000, 0x0000, 0x0000, 0x0000,
    0x0000, 0x0000, 0x0000, 0x0000, 0x0000, 0x0000, 0x0000, 0x0000, 0x0000, 0x0000, 0x0000, 0x0000,
    0x0000, 0x0000, 0x0000, 0x0000, 0x0000, 0x0000, 0x0000, 0x0000, 0x0000, 0x0000, 0x0000, 0x0000,
    0x0000, 0x0000, 0x0000, 0x0000, 0x0000, 0x0000, 0x0000, 0x0000, 0x0000, 0x0000, 0x0000, 0x0000,
    0x0000, 0x0000, 0x0000, 0x0000, 0x0000, 0x0000, 0x0000, 0x0000, 0x0000, 0x0000, 0x0000, 0x0000,
    0x0000, 0x0000, 0x0000, 0x0000, 0x0000, 0x0000, 0x8884, 0xD8E7, 0xD8E7, 0xD8E7, 0xD8E7, 0xD8E7,
    0xD8E7, 0xD8E7, 0xD8E7, 0xD8E7, 0xD8E7, 0xD8E7, 0xD8E7, 0xD8E7, 0xD8E7, 0xD8E7, 0xD8E7, 0xD8E7,
    0xD8E7, 0xD8E7, 0xD8E7, 0xD8E7, 0xD8E7, 0xD8E7, 0xD8E7, 0xD8E7, 0xD8E7, 0xD8E7, 0xD8E7, 0xD8E7,
    0xD8E7, 0xD8E7, 0xD8E7, 0xD8E7, 0xD8E7, 0xD8E7, 0xD8E7, 0xD8E7, 0xD8E7, 0xD8E7, 0xD8E7, 0xD8E7,
    0xD8E7, 0xD8E7, 0xD8E7, 0xD8E7, 0xD8E7, 0xD8E7, 0xD8E7, 0xD8E7, 0xD8E7, 0xD8E7, 0xD8E7, 0xD8E7,
    0xD8E7, 0xD8E7, 0xD8E7, 0xD8E7, 0xD8E7, 0xD8E7, 0xD8E7, 0xD8E7, 0xD8E7, 0xD8E7, 0xD8E7, 0xD8E7,
    0xD8E7, 0xD8E7, 0xD8E7, 0xD8E7, 0xD8E7, 0xD8E7, 0xD8E7, 0xD8E7, 0xD8E7, 0xD8E7, 0xD8E7, 0xD8E7,
    0xD8E7, 0xD8E7, 0xD8E7, 0xD8E7, 0xD8E7, 0xD8E7, 0xD8E7, 0xD8E7, 0xD8E7, 0xD8E7, 0xD8E7, 0xD8E7,
    0xD8E7, 0xD8E7, 0xD8E7, 0xD8E7, 0xD8E7, 0xD8E7, 0xD8E7, 0xD8E7, 0xD8E7, 0xD8E7, 0xD8E7, 0xD8E7,
    0xD8E7, 0xD8E7, 0xD8E7, 0xD8E7, 0xD8E7, 0xD8E7, 0xD0E7, 0xE908, 0xA0A5, 0x0800, 0x0000, 0x0000,
    0x0000, 0x0000, 0x1001, 0x9886, 0xB0A7, 0xA8A7, 0xA8A7, 0xA8A7, 0xA8A7, 0xA8A7, 0xA8A7, 0xA8A7,
    0xA8A7, 0xA8A7, 0xA8A7, 0xA8A7, 0xA8A7, 0xA8A7, 0xA8A7, 0xA8A7, 0xA8A7, 0xA8A7, 0xA8A7, 0xA8A7,
    0xA8A7, 0xA8A7, 0xA8A7, 0xA8A7, 0xA8A7, 0xA8A7, 0xA8A7, 0xA8A7, 0xA8A7, 0xA8A7, 0xA8A7, 0xA8A7,
    0xA8A7, 0xA8A7, 0xA8A7, 0xA8A7, 0xA8A7, 0xA8A7, 0xA8A7, 0xA8A7, 0xA8A7, 0xA8A7, 0xA8A7, 0xA8A7,
    0xA8A7, 0xA8A7, 0xA8A7, 0xA8A7, 0xA8A7, 0xA8A7, 0xA8A7, 0xA8A7, 0xA8A7, 0xA8A7, 0xA8A7, 0xA8A7,
    0xA8A7, 0xA8A7, 0xA8A7, 0xA8A7, 0xA8A7, 0x7065, 0x0000, 0x0000, 0x0000, 0x0000, 0x0000, 0x0000,
    0x0000, 0x0000, 0x0000, 0x0000, 0x0000, 0x0000, 0x0000, 0x0000, 0x0000, 0x0000, 0x0000, 0x0000,
    0x0000, 0x0000, 0x0000, 0x0000, 0x0000, 0x0000, 0x0000, 0x0000, 0x0000, 0x0000, 0x0000, 0x0000,
    0x0000, 0x0000, 0x0000, 0x0000, 0x0000, 0x0000, 0x0000, 0x0000, 0x0000, 0x0000, 0x0000, 0x0000,
    0x0000, 0x0000, 0x0000, 0x0000, 0x0000, 0x0000, 0x0000, 0x0000, 0x0000, 0x0000, 0x0000, 0x0000,
    0x0000, 0x0000, 0x0000, 0x0000, 0x0000, 0x0000, 0x2021, 0xE0E7, 0xD8E7, 0xD8E7, 0xD8E7, 0xD8E7,
    0xD8E7, 0xD8E7, 0xD8E7, 0xD8E7, 0xD8E7, 0xD8E7, 0xD8E7, 0xD8E7, 0xD8E7, 0xD8E7, 0xD8E7, 0xD8E7,
    0xD8E7, 0xD8E7, 0xD8E7, 0xD8E7, 0xD8E7, 0xD8E7, 0xD8E7, 0xD8E7, 0xD8E7, 0xD8E7, 0xD8E7, 0xD8E7,
    0xD8E7, 0xD8E7, 0xD8E7, 0xD8E7, 0xD8E7, 0xD8E7, 0xD8E7, 0xD8E7, 0xD8E7, 0xD8E7, 0xD8E7, 0xD8E7,
    0xD8E7, 0xD8E7, 0xD8E7, 0xD8E7, 0xD8E7, 0xD8E7, 0xD8E7, 0xD8E7, 0xD8E7, 0xD8E7, 0xD8E7, 0xD8E7,
    0xD8E7, 0xD8E7, 0xD8E7, 0xD8E7, 0xD8E7, 0xD8E7, 0xD8E7, 0xD8E7, 0xD8E7, 0xD8E7, 0xD8E7, 0xD8E7,
    0xD8E7, 0xD8E7, 0xD8E7, 0xD8E7, 0xD8E7, 0xD8E7, 0xD8E7, 0xD8E7, 0xD8E7, 0xD8E7, 0xD8E7, 0xD8E7,
    0xD8E7, 0xD8E7, 0xD8E7, 0xD8E7, 0xD8E7, 0xD8E7, 0xD8E7, 0xD8E7, 0xD8E7, 0xD8E7, 0xD8E7, 0xD8E7,
    0xD8E7, 0xD8E7, 0xD8E7, 0xD8E7, 0xD8E7, 0xD8E7, 0xD8E7, 0xD8E7, 0xD8E7, 0xD8E7, 0xD8E7, 0xD8E7,
    0xD8E7, 0xD8E7, 0xD8E7, 0xD8E7, 0xD8E7, 0xD8E7, 0xD0E7, 0xE908, 0xA0A5, 0x0800, 0x0000, 0x0000,
    0x0000, 0x0000, 0x1001, 0x9886, 0xB0A7, 0xA8A7, 0xA8A7, 0xA8A7, 0xA8A7, 0xA8A7, 0xA8A7, 0xA8A7,
    0xA8A7, 0xA8A7, 0xA8A7, 0xA8A7, 0xA8A7, 0xA8A7, 0xA8A7, 0xA8A7, 0xA8A7, 0xA8A7, 0xA8A7, 0xA8A7,
    0xA8A7, 0xA8A7, 0xA8A7, 0xA8A7, 0xA8A7, 0xA8A7, 0xA8A7, 0xA8A7, 0xA8A7, 0xA8A7, 0xA8A7, 0xA8A7,
    0xA8A7, 0xA8A7, 0xA8A7, 0xA8A7, 0xA8A7, 0xA8A7, 0xA8A7, 0xA8A7, 0xA8A7, 0xA8A7, 0xA8A7, 0xA8A7,
    0xA8A7, 0xA8A7, 0xA8A7, 0xA8A7, 0xA8A7, 0xA8A7, 0xA8A7, 0xA8A7, 0xA8A7, 0xA8A7, 0xA8A7, 0xA8A7,
    0xA8A7, 0xA8A7, 0xA8A7, 0xA8A7, 0xB0A7, 0x2821, 0x0000, 0x0000, 0x0000, 0x0000, 0x0000, 0x0000,
    0x0000, 0x0000, 0x0000, 0x0000, 0x0000, 0x0000, 0x0000, 0x0000, 0x0000, 0x0000, 0x0000, 0x0000,
    0x0000, 0x0000, 0x0000, 0x0000, 0x0000, 0x0000, 0x0000, 0x0000, 0x0000, 0x0000, 0x0000, 0x0000,
    0x0000, 0x0000, 0x0000, 0x0000, 0x0000, 0x0000, 0x0000, 0x0000, 0x0000, 0x0000, 0x0000, 0x0000,
    0x0000, 0x0000, 0x0000, 0x0000, 0x0000, 0x0000, 0x0000, 0x0000, 0x0000, 0x0000, 0x0000, 0x0000,
    0x0000, 0x0000, 0x0000, 0x0000, 0x0000, 0x0000, 0x0000, 0x98A5, 0xE108, 0xD8E7, 0xD8E7, 0xD8E7,
    0xD8E7, 0xD8E7, 0xD8E7, 0xD8E7, 0xD8E7, 0xD8E7, 0xD8E7, 0xD8E7, 0xD8E7, 0xD8E7, 0xD8E7, 0xD8E7,
    0xD8E7, 0xD8E7, 0xD8E7, 0xD8E7, 0xD8E7, 0xD8E7, 0xD8E7, 0xD8E7, 0xD8E7, 0xD8E7, 0xD8E7, 0xD8E7,
    0xD8E7, 0xD8E7, 0xD8E7, 0xD8E7, 0xD8E7, 0xD8E7, 0xD8E7, 0xD8E7, 0xD8E7, 0xD8E7, 0xD8E7, 0xD8E7,
    0xD8E7, 0xD8E7, 0xD8E7, 0xD8E7, 0xD8E7, 0xD8E7, 0xD8E7, 0xD8E7, 0xD8E7, 0xD8E7, 0xD8E7, 0xD8E7,
    0xD8E7, 0xD8E7, 0xD8E7, 0xD8E7, 0xD8E7, 0xD8E7, 0xD8E7, 0xD8E7, 0xD8E7, 0xD8E7, 0xD8E7, 0xD8E7,
    0xD8E7, 0xD8E7, 0xD8E7, 0xD8E7, 0xD8E7, 0xD8E7, 0xD8E7, 0xD8E7, 0xD8E7, 0xD8E7, 0xD8E7, 0xD8E7,
    0xD8E7, 0xD8E7, 0xD8E7, 0xD8E7, 0xD8E7, 0xD8E7, 0xD8E7, 0xD8E7, 0xD8E7, 0xD8E7, 0xD8E7, 0xD8E7,
    0xD8E7, 0xD8E7, 0xD8E7, 0xD8E7, 0xD8E7, 0xD8E7, 0xD8E7, 0xD8E7, 0xD8E7, 0xD8E7, 0xD8E7, 0xD8E7,
    0xD8E7, 0xD8E7, 0xD8E7, 0xD8E7, 0xD8E7, 0xD8E7, 0xD0E7, 0xE908, 0xA0A5, 0x0800, 0x0000, 0x0000,
    0x0000, 0x0000, 0x1001, 0x9886, 0xB0A7, 0xA8A7, 0xA8A7, 0xA8A7, 0xA8A7, 0xA8A7, 0xA8A7, 0xA8A7,
    0xA8A7, 0xA8A7, 0xA8A7, 0xA8A7, 0xA8A7, 0xA8A7, 0xA8A7, 0xA8A7, 0xA8A7, 0xA8A7, 0xA8A7, 0xA8A7,
    0xA8A7, 0xA8A7, 0xA8A7, 0xA8A7, 0xA8A7, 0xA8A7, 0xA8A7, 0xA8A7, 0xA8A7, 0xA8A7, 0xA8A7, 0xA8A7,
    0xA8A7, 0xA8A7, 0xA8A7, 0xA8A7, 0xA8A7, 0xA8A7, 0xA8A7, 0xA8A7, 0xA8A7, 0xA8A7, 0xA8A7, 0xA8A7,
    0xA8A7, 0xA8A7, 0xA8A7, 0xA8A7, 0xA8A7, 0xA8A7, 0xA8A7, 0xA8A7, 0xA8A7, 0xA8A7, 0xA8A7, 0xA8A7,
    0xA8A7, 0xA8A7, 0xA8A7, 0xB0A7, 0x8065, 0x0000, 0x0000, 0x0000, 0x0000, 0x0000, 0x0000, 0x0000,
    0x0000, 0x0000, 0x0000, 0x0000, 0x0000, 0x0000, 0x0000, 0x0000, 0x0000, 0x0000, 0x0000, 0x0000,
    0x0000, 0x0000, 0x0000, 0x0000, 0x0000, 0x0000, 0x0000, 0x0000, 0x0000, 0x0000, 0x0000, 0x0000,
    0x0000, 0x0000, 0x0000, 0x0000, 0x0000, 0x0000, 0x0000, 0x0000, 0x0000, 0x0000, 0x0000, 0x0000,
    0x0000, 0x0000, 0x0000, 0x0000, 0x0000, 0x0000, 0x0000, 0x0000, 0x0000, 0x0000, 0x0000, 0x0000,
    0x0000, 0x0000, 0x0000, 0x0000, 0x0000, 0x0000, 0x0000, 0x2821, 0xD8E7, 0xD8E7, 0xD8E7, 0xD8E7,
    0xD8E7, 0xD8E7, 0xD8E7, 0xD8E7, 0xD8E7, 0xD8E7, 0xD8E7, 0xD8E7, 0xD8E7, 0xD8E7, 0xD8E7, 0xD8E7,
    0xD8E7, 0xD8E7, 0xD8E7, 0xD8E7, 0xD8E7, 0xD8E7, 0xD8E7, 0xD8E7, 0xD8E7, 0xD8E7, 0xD8E7, 0xD8E7,
    0xD8E7, 0xD8E7, 0xD8E7, 0xD8E7, 0xD8E7, 0xD8E7, 0xD8E7, 0xD8E7, 0xD8E7, 0xD8E7, 0xD8E7, 0xD8E7,
    0xD8E7, 0xD8E7, 0xD8E7, 0xD8E7, 0xD8E7, 0xD8E7, 0xD8E7, 0xD8E7, 0xD8E7, 0xD8E7, 0xD8E7, 0xD8E7,
    0xD8E7, 0xD8E7, 0xD8E7, 0xD8E7, 0xD8E7, 0xD8E7, 0xD8E7, 0xD8E7, 0xD8E7, 0xD8E7, 0xD8E7, 0xD8E7,
    0xD8E7, 0xD8E7, 0xD8E7, 0xD8E7, 0xD8E7, 0xD8E7, 0xD8E7, 0xD8E7, 0xD8E7, 0xD8E7, 0xD8E7, 0xD8E7,
    0xD8E7, 0xD8E7, 0xD8E7, 0xD8E7, 0xD8E7, 0xD8E7, 0xD8E7, 0xD8E7, 0xD8E7, 0xD8E7, 0xD8E7, 0xD8E7,
    0xD8E7, 0xD8E7, 0xD8E7, 0xD8E7, 0xD8E7, 0xD8E7, 0xD8E7, 0xD8E7, 0xD8E7, 0xD8E7, 0xD8E7, 0xD8E7,
    0xD8E7, 0xD8E7, 0xD8E7, 0xD8E7, 0xD8E7, 0xD8E7, 0xD0E7, 0xE908, 0xA0A5, 0x0800, 0x0000, 0x0000,
    0x0000, 0x0000, 0x1000, 0x9886, 0xB0A7, 0xA8A7, 0xA8A7, 0xA8A7, 0xA8A7, 0xA8A7, 0xA8A7, 0xA8A7,
    0xA8A7, 0xA8A7, 0xA8A7, 0xA8A7, 0xA8A7, 0xA8A7, 0xA8A7, 0xA8A7, 0xA8A7, 0xA8A7, 0xA8A7, 0xA8A7,
    0xA8A7, 0xA8A7, 0xA8A7, 0xA8A7, 0xA8A7, 0xA8A7, 0xA8A7, 0xA8A7, 0xA8A7, 0xA8A7, 0xA8A7, 0xA8A7,
    0xA8A7, 0xA8A7, 0xA8A7, 0xA8A7, 0xA8A7, 0xA8A7, 0xA8A7, 0xA8A7, 0xA8A7, 0xA8A7, 0xA8A7, 0xA8A7,
    0xA8A7, 0xA8A7, 0xA8A7, 0xA8A7, 0xA8A7, 0xA8A7, 0xA8A7, 0xA8A7, 0xA8A7, 0xA8A7, 0xA8A7, 0xA8A7,
    0xA8A7, 0xA8A7, 0xA8A7, 0xB0A8, 0x3022, 0x0000, 0x0000, 0x0000, 0x0000, 0x0000, 0x0000, 0x0000,
    0x0000, 0x0000, 0x0000, 0x0000, 0x0000, 0x0000, 0x0000, 0x0000, 0x0000, 0x0000, 0x0000, 0x0000,
    0x0000, 0x0000, 0x0000, 0x0000, 0x0000, 0x0000, 0x0000, 0x0000, 0x0000, 0x0000, 0x0000, 0x0000,
    0x0000, 0x0000, 0x0000, 0x0000, 0x0000, 0x0000, 0x0000, 0x0000, 0x0000, 0x0000, 0x0000, 0x0000,
    0x0000, 0x0000, 0x0000, 0x0000, 0x0000, 0x0000, 0x0000, 0x0000, 0x0000, 0x0000, 0x0000, 0x0000,
    0x0000, 0x0000, 0x0000, 0x0000, 0x0000, 0x0000, 0x0000, 0x0000, 0x7884, 0xE108, 0xD0E7, 0xD8E7,
    0xD8E7, 0xD8E7, 0xD8E7, 0xD8E7, 0xD8E7, 0xD8E7, 0xD8E7, 0xD8E7, 0xD8E7, 0xD8E7, 0xD8E7, 0xD8E7,
    0xD8E7, 0xD8E7, 0xD8E7, 0xD8E7, 0xD8E7, 0xD8E7, 0xD8E7, 0xD8E7, 0xD8E7, 0xD8E7, 0xD8E7, 0xD8E7,
    0xD8E7, 0xD8E7, 0xD8E7, 0xD8E7, 0xD8E7, 0xD8E7, 0xD8E7, 0xD8E7, 0xD8E7, 0xD8E7, 0xD8E7, 0xD8E7,
    0xD8E7, 0xD8E7, 0xD8E7, 0xD8E7, 0xD8E7, 0xD8E7, 0xD8E7, 0xD8E7, 0xD8E7, 0xD8E7, 0xD8E7, 0xD8E7,
    0xD8E7, 0xD8E7, 0xD8E7, 0xD8E7, 0xD8E7, 0xD8E7, 0xD8E7, 0xD8E7, 0xD8E7, 0xD8E7, 0xD8E7, 0xD8E7,
    0xD8E7, 0xD8E7, 0xD8E7, 0xD8E7, 0xD8E7, 0xD8E7, 0xD8E7, 0xD8E7, 0xD8E7, 0xD8E7, 0xD8E7, 0xD8E7,
    0xD8E7, 0xD8E7, 0xD8E7, 0xD8E7, 0xD8E7, 0xD8E7, 0xD8E7, 0xD8E7, 0xD8E7, 0xD8E7, 0xD8E7, 0xD8E7,
    0xD8E7, 0xD8E7, 0xD8E7, 0xD8E7, 0xD8E7, 0xD8E7, 0xD8E7, 0xD8E7, 0xD8E7, 0xD8E7, 0xD8E7, 0xD8E7,
    0xD8E7, 0xD8E7, 0xD8E7, 0xD8E7, 0xD8E7, 0xD8E7, 0xD0E7, 0xE908, 0xA0C5, 0x1000, 0x0000, 0x0000,
    0x0000, 0x0000, 0x1001, 0x9886, 0xB0A7, 0xA8A7, 0xA8A7, 0xA8A7, 0xA8A7, 0xA8A7, 0xA8A7, 0xA8A7,
    0xA8A7, 0xA8A7, 0xA8A7, 0xA8A7, 0xA8A7, 0xA8A7, 0xA8A7, 0xA8A7, 0xA8A7, 0xA8A7, 0xA8A7, 0xA8A7,
    0xA8A7, 0xA8A7, 0xA8A7, 0xA8A7, 0xA8A7, 0xA8A7, 0xA8A7, 0xA8A7, 0xA8A7, 0xA8A7, 0xA8A7, 0xA8A7,
    0xA8A7, 0xA8A7, 0xA8A7, 0xA8A7, 0xA8A7, 0xA8A7, 0xA8A7, 0xA8A7, 0xA8A7, 0xA8A7, 0xA8A7, 0xA8A7,
    0xA8A7, 0xA8A7, 0xA8A7, 0xA8A7, 0xA8A7, 0xA8A7, 0xA8A7, 0xA8A7, 0xA8A7, 0xA8A7, 0xA8A7, 0xA8A7,
    0xA8A7, 0xA8A7, 0xB0A7, 0x7065, 0x0000, 0x0000, 0x0000, 0x0000, 0x0000, 0x0000, 0x0000, 0x0000,
    0x0000, 0x0000, 0x0000, 0x0000, 0x0000, 0x0000, 0x0000, 0x0000, 0x0000, 0x0000, 0x0000, 0x0000,
    0x0000, 0x0000, 0x0000, 0x0000, 0x0000, 0x0000, 0x0000, 0x0000, 0x0000, 0x0000, 0x0000, 0x0000,
    0x0000, 0x0000, 0x0000, 0x0000, 0x0000, 0x0000, 0x0000, 0x0000, 0x0000, 0x0000, 0x0000, 0x0000,
    0x0000, 0x0000, 0x0000, 0x0000, 0x0000, 0x0000, 0x0000, 0x0000, 0x0000, 0x0000, 0x0000, 0x0000,
    0x0000, 0x0000, 0x0000, 0x0000, 0x0000, 0x0000, 0x0000, 0x0000, 0x1800, 0xC0C7, 0xE107, 0xD0E7,
    0xD8E7, 0xD8E7, 0xD8E7, 0xD8E7, 0xD8E7, 0xD8E7, 0xD8E7, 0xD8E7, 0xD8E7, 0xD8E7, 0xD8E7, 0xD8E7,
    0xD8E7, 0xD8E7, 0xD8E7, 0xD8E7, 0xD8E7, 0xD8E7, 0xD8E7, 0xD8E7, 0xD8E7, 0xD8E7, 0xD8E7, 0xD8E7,
    0xD8E7, 0xD8E7, 0xD8E7, 0xD8E7, 0xD8E7, 0xD8E7, 0xD8E7, 0xD8E7, 0xD8E7, 0xD8E7, 0xD8E7, 0xD8E7,
    0xD8E7, 0xD8E7, 0xD8E7, 0xD8E7, 0xD8E7, 0xD8E7, 0xD8E7, 0xD8E7, 0xD8E7, 0xD8E7, 0xD8E7, 0xD8E7,
    0xD8E7, 0xD8E7, 0xD8E7, 0xD8E7, 0xD8E7, 0xD8E7, 0xD8E7, 0xD8E7, 0xD8E7, 0xD8E7, 0xD8E7, 0xD8E7,
    0xD8E7, 0xD8E7, 0xD8E7, 0xD8E7, 0xD8E7, 0xD8E7, 0xD8E7, 0xD8E7, 0xD8E7, 0xD8E7, 0xD8E7, 0xD8E7,
    0xD8E7, 0xD8E7, 0xD8E7, 0xD8E7, 0xD8E7, 0xD8E7, 0xD8E7, 0xD8E7, 0xD8E7, 0xD8E7, 0xD8E7, 0xD8E7,
    0xD8E7, 0xD8E7, 0xD8E7, 0xD8E7, 0xD8E7, 0xD8E7, 0xD8E7, 0xD8E7, 0xD8E7, 0xD8E7, 0xD8E7, 0xD8E7,
    0xD8E7, 0xD8E7, 0xD8E7, 0xD8E7, 0xD8E7, 0xD8E7, 0xD0E7, 0xE108, 0xA8C6, 0x1000, 0x0000, 0x0000,
    0x0000, 0x0000, 0x1001, 0x9886, 0xB0A7, 0xA8A7, 0xA8A7, 0xA8A7, 0xA8A7, 0xA8A7, 0xA8A7, 0xA8A7,
    0xA8A7, 0xA8A7, 0xA8A7, 0xA8A7, 0xA8A7, 0xA8A7, 0xA8A7, 0xA8A7, 0xA8A7, 0xA8A7, 0xA8A7, 0xA8A7,
    0xA8A7, 0xA8A7, 0xA8A7, 0xA8A7, 0xA8A7, 0xA8A7, 0xA8A7, 0xA8A7, 0xA8A7, 0xA8A7, 0xA8A7, 0xA8A7,
    0xA8A7, 0xA8A7, 0xA8A7, 0xA8A7, 0xA8A7, 0xA8A7, 0xA8A7, 0xA8A7, 0xA8A7, 0xA8A7, 0xA8A7, 0xA8A7,
    0xA8A7, 0xA8A7, 0xA8A7, 0xA8A7, 0xA8A7, 0xA8A7, 0xA8A7, 0xA8A7, 0xA8A7, 0xA8A7, 0xA8A7, 0xA8A7,
    0xA8A7, 0xA8A7, 0xA0A7, 0x1801, 0x0000, 0x0000, 0x0000, 0x0000, 0x0000, 0x0000, 0x0000, 0x0000,
    0x0000, 0x0000, 0x0000, 0x0000, 0x0000, 0x0000, 0x0000, 0x0000, 0x0000, 0x0000, 0x0000, 0x0000,
    0x0000, 0x0000, 0x0000, 0x0000, 0x0000, 0x0000, 0x0000, 0x0000, 0x0000, 0x0000, 0x0000, 0x0000,
    0x0000, 0x0000, 0x0000, 0x0000, 0x0000, 0x0000, 0x0000, 0x0000, 0x0000, 0x0000, 0x0000, 0x0000,
    0x0000, 0x0000, 0x0000, 0x0000, 0x0000, 0x0000, 0x0000, 0x0000, 0x0000, 0x0000, 0x0000, 0x0000,
    0x0000, 0x0000, 0x0000, 0x0000, 0x0000, 0x0000, 0x0000, 0x0000, 0x0000, 0x4842, 0xD8E7, 0xD8E7,
    0xD8E7, 0xD8E7, 0xD8E7, 0xD8E7, 0xD8E7, 0xD8E7, 0xD8E7, 0xD8E7, 0xD8E7, 0xD8E7, 0xD8E7, 0xD8E7,
    0xD8E7, 0xD8E7, 0xD8E7, 0xD8E7, 0xD8E7, 0xD8E7, 0xD8E7, 0xD8E7, 0xD8E7, 0xD8E7, 0xD8E7, 0xD8E7,
    0xD8E7, 0xD8E7, 0xD8E7, 0xD8E7, 0xD8E7, 0xD8E7, 0xD8E7, 0xD8E7, 0xD8E7, 0xD8E7, 0xD8E7, 0xD8E7,
    0xD8E7, 0xD8E7, 0xD8E7, 0xD8E7, 0xD8E7, 0xD8E7, 0xD8E7, 0xD8E7, 0xD8E7, 0xD8E7, 0xD8E7, 0xD8E7,
    0xD8E7, 0xD8E7, 0xD8E7, 0xD8E7, 0xD8E7, 0xD8E7, 0xD8E7, 0xD8E7, 0xD8E7, 0xD8E7, 0xD8E7, 0xD8E7,
    0xD8E7, 0xD8E7, 0xD8E7, 0xD8E7, 0xD8E7, 0xD8E7, 0xD8E7, 0xD8E7, 0xD8E7, 0xD8E7, 0xD8E7, 0xD8E7,
    0xD8E7, 0xD8E7, 0xD8E7, 0xD8E7, 0xD8E7, 0xD8E7, 0xD8E7, 0xD8E7, 0xD8E7, 0xD8E7, 0xD8E7, 0xD8E7,
    0xD8E7, 0xD8E7, 0xD8E7, 0xD8E7, 0xD8E7, 0xD8E7, 0xD8E7, 0xD8E7, 0xD8E7, 0xD8E7, 0xD8E7, 0xD8E7,
    0xD8E7, 0xD8E7, 0xD8E7, 0xD8E7, 0xD8E7, 0xD8E7, 0xD0E7, 0xE108, 0xA8A5, 0x1000, 0x0000, 0x0000,
    0x0000, 0x0000, 0x1000, 0x9886, 0xB0A7, 0xA8A7, 0xA8A7, 0xA8A7, 0xA8A7, 0xA8A7, 0xA8A7, 0xA8A7,
    0xA8A7, 0xA8A7, 0xA8A7, 0xA8A7, 0xA8A7, 0xA8A7, 0xA8A7, 0xA8A7, 0xA8A7, 0xA8A7, 0xA8A7, 0xA8A7,
    0xA8A7, 0xA8A7, 0xA8A7, 0xA8A7, 0xA8A7, 0xA8A7, 0xA8A7, 0xA8A7, 0xA8A7, 0xA8A7, 0xA8A7, 0xA8A7,
    0xA8A7, 0xA8A7, 0xA8A7, 0xA8A7, 0xA8A7, 0xA8A7, 0xA8A7, 0xA8A7, 0xA8A7, 0xA8A7, 0xA8A7, 0xA8A7,
    0xA8A7, 0xA8A7, 0xA8A7, 0xA8A7, 0xA8A7, 0xA8A7, 0xA8A7, 0xA8A7, 0xA8A7, 0xA8A7, 0xA8A7, 0xA8A7,
    0xA8A7, 0xB0A7, 0x4843, 0x0000, 0x0000, 0x0000, 0x0000, 0x0000, 0x0000, 0x0000, 0x0000, 0x0000,
    0x0000, 0x0000, 0x0000, 0x0000, 0x0000, 0x0000, 0x0000, 0x0000, 0x0000, 0x0000, 0x0000, 0x0000,
    0x0000, 0x0000, 0x0000, 0x0000, 0x0000, 0x0000, 0x0000, 0x0000, 0x0000, 0x0000, 0x0000, 0x0000,
    0x0000, 0x0000, 0x0000, 0x0000, 0x0000, 0x0000, 0x0000, 0x0000, 0x0000, 0x0000, 0x0000, 0x0000,
    0x0000, 0x0000, 0x0000, 0x0000, 0x0000, 0x0000, 0x0000, 0x0000, 0x0000, 0x0000, 0x0000, 0x0000,
    0x0000, 0x0000, 0x0000, 0x0000, 0x0000, 0x0000, 0x0000, 0x0000, 0x0000, 0x0000, 0x6063, 0xD8E7,
    0xD8E7, 0xD8E7, 0xD8E7, 0xD8E7, 0xD8E7, 0xD8E7, 0xD8E7, 0xD8E7, 0xD8E7, 0xD8E7, 0xD8E7, 0xD8E7,
    0xD8E7, 0xD8E7, 0xD8E7, 0xD8E7, 0xD8E7, 0xD8E7, 0xD8E7, 0xD8E7, 0xD8E7, 0xD8E7, 0xD8E7, 0xD8E7,
    0xD8E7, 0xD8E7, 0xD8E7, 0xD8E7, 0xD8E7, 0xD8E7, 0xD8E7, 0xD8E7, 0xD8E7, 0xD8E7, 0xD8E7, 0xD8E7,
    0xD8E7, 0xD8E7, 0xD8E7, 0xD8E7, 0xD8E7, 0xD8E7, 0xD8E7, 0xD8E7, 0xD8E7, 0xD8E7, 0xD8E7, 0xD8E7,
    0xD8E7, 0xD8E7, 0xD8E7, 0xD8E7, 0xD8E7, 0xD8E7, 0xD8E7, 0xD8E7, 0xD8E7, 0xD8E7, 0xD8E7, 0xD8E7,
    0xD8E7, 0xD8E7, 0xD8E7, 0xD8E7, 0xD8E7, 0xD8E7, 0xD8E7, 0xD8E7, 0xD8E7, 0xD8E7, 0xD8E7, 0xD8E7,
    0xD8E7, 0xD8E7, 0xD8E7, 0xD8E7, 0xD8E7, 0xD8E7, 0xD8E7, 0xD8E7, 0xD8E7, 0xD8E7, 0xD8E7, 0xD8E7,
    0xD8E7, 0xD8E7, 0xD8E7, 0xD8E7, 0xD8E7, 0xD8E7, 0xD8E7, 0xD8E7, 0xD8E7, 0xD8E7, 0xD8E7, 0xD8E7,
    0xD8E7, 0xD8E7, 0xD8E7, 0xD8E7, 0xD8E7, 0xD8E7, 0xD0E7, 0xE108, 0xA8A6, 0x1000, 0x0000, 0x0000,
    0x0000, 0x0000, 0x1001, 0x9886, 0xB0A7, 0xA8A7, 0xA8A7, 0xA8A7, 0xA8A7, 0xA8A7, 0xA8A7, 0xA8A7,
    0xA8A7, 0xA8A7, 0xA8A7, 0xA8A7, 0xA8A7, 0xA8A7, 0xA8A7, 0xA8A7, 0xA8A7, 0xA8A7, 0xA8A7, 0xA8A7,
    0xA8A7, 0xA8A7, 0xA8A7, 0xA8A7, 0xA8A7, 0xA8A7, 0xA8A7, 0xA8A7, 0xA8A7, 0xA8A7, 0xA8A7, 0xA8A7,
    0xA8A7, 0xA8A7, 0xA8A7, 0xA8A7, 0xA8A7, 0xA8A7, 0xA8A7, 0xA8A7, 0xA8A7, 0xA8A7, 0xA8A7, 0xA8A7,
    0xA8A7, 0xA8A7, 0xA8A7, 0xA8A7, 0xA8A7, 0xA8A7, 0xA8A7, 0xA8A7, 0xA8A7, 0xA8A7, 0xA8A7, 0xA8A7,
    0xB0A7, 0x6844, 0x0000, 0x0000, 0x0000, 0x0000, 0x0000, 0x0000, 0x0000, 0x0000, 0x0000, 0x0000,
    0x0000, 0x0000, 0x0000, 0x0000, 0x0000, 0x0000, 0x0000, 0x0000, 0x0000, 0x0000, 0x0000, 0x0000,
    0x0000, 0x0000, 0x0000, 0x0000, 0x0000, 0x0000, 0x0000, 0x0000, 0x0000, 0x0000, 0x0000, 0x0000,
    0x0000, 0x0000, 0x0000, 0x0000, 0x0000, 0x0000, 0x0000, 0x0000, 0x0000, 0x0000, 0x0000, 0x0000,
    0x0000, 0x0000, 0x0000, 0x0000, 0x0000, 0x0000, 0x0000, 0x0000, 0x0000, 0x0000, 0x0000, 0x0000,
    0x0000, 0x0000, 0x0000, 0x0000, 0x0000, 0x0000, 0x0000, 0x0000, 0x0000, 0x0000, 0x0800, 0x7884,
    0xE108, 0xD8E7, 0xD0E7, 0xD8E7, 0xD8E7, 0xD8E7, 0xD8E7, 0xD8E7, 0xD8E7, 0xD8E7, 0xD8E7, 0xD8E7,
    0xD8E7, 0xD8E7, 0xD8E7, 0xD8E7, 0xD8E7, 0xD8E7, 0xD8E7, 0xD8E7, 0xD8E7, 0xD8E7, 0xD8E7, 0xD8E7,
    0xD8E7, 0xD8E7, 0xD8E7, 0xD8E7, 0xD8E7, 0xD8E7, 0xD8E7, 0xD8E7, 0xD8E7, 0xD8E7, 0xD8E7, 0xD8E7,
    0xD8E7, 0xD8E7, 0xD8E7, 0xD8E7, 0xD8E7, 0xD8E7, 0xD8E7, 0xD8E7, 0xD8E7, 0xD8E7, 0xD8E7, 0xD8E7,
    0xD8E7, 0xD8E7, 0xD8E7, 0xD8E7, 0xD8E7, 0xD8E7, 0xD8E7, 0xD8E7, 0xD8E7, 0xD8E7, 0xD8E7, 0xD8E7,
    0xD8E7, 0xD8E7, 0xD8E7, 0xD8E7, 0xD8E7, 0xD8E7, 0xD8E7, 0xD8E7, 0xD8E7, 0xD8E7, 0xD8E7, 0xD8E7,
    0xD8E7, 0xD8E7, 0xD8E7, 0xD8E7, 0xD8E7, 0xD8E7, 0xD8E7, 0xD8E7, 0xD8E7, 0xD8E7, 0xD8E7, 0xD8E7,
    0xD8E7, 0xD8E7, 0xD8E7, 0xD8E7, 0xD8E7, 0xD8E7, 0xD8E7, 0xD8E7, 0xD8E7, 0xD8E7, 0xD8E7, 0xD8E7,
    0xD8E7, 0xD8E7, 0xD8E7, 0xD8E7, 0xD8E7, 0xD8E7, 0xD0E7, 0xE108, 0xA8C6, 0x1800, 0x0000, 0x0000,
    0x0000, 0x0000, 0x1000, 0x9886, 0xB0A7, 0xA8A7, 0xA8A7, 0xA8A7, 0xA8A7, 0xA8A7, 0xA8A7, 0xA8A7,
    0xA8A7, 0xA8A7, 0xA8A7, 0xA8A7, 0xA8A7, 0xA8A7, 0xA8A7, 0xA8A7, 0xA8A7, 0xA8A7, 0xA8A7, 0xA8A7,
    0xA8A7, 0xA8A7, 0xA8A7, 0xA8A7, 0xA8A7, 0xA8A7, 0xA8A7, 0xA8A7, 0xA8A7, 0xA8A7, 0xA8A7, 0xA8A7,
    0xA8A7, 0xA8A7, 0xA8A7, 0xA8A7, 0xA8A7, 0xA8A7, 0xA8A7, 0xA8A7, 0xA8A7, 0xA8A7, 0xA8A7, 0xA8A7,
    0xA8A7, 0xA8A7, 0xA8A7, 0xA8A7, 0xA8A7, 0xA8A7, 0xA8A7, 0xA8A7, 0xA8A7, 0xA8A7, 0xA8A7, 0xB0A8,
    0x7065, 0x0800, 0x0000, 0x0000, 0x0000, 0x0000, 0x0000, 0x0000, 0x0000, 0x0000, 0x0000, 0x0000,
    0x0000, 0x0000, 0x0000, 0x0000, 0x0000, 0x0000, 0x0000, 0x0000, 0x0000, 0x0000, 0x0000, 0x0000,
    0x0000, 0x0000, 0x0000, 0x0000, 0x0000, 0x0000, 0x0000, 0x0000, 0x0000, 0x0000, 0x0000, 0x0000,
    0x0000, 0x0000, 0x0000, 0x0000, 0x0000, 0x0000, 0x0000, 0x0000, 0x0000, 0x0000, 0x0000, 0x0000,
    0x0000, 0x0000, 0x0000, 0x0000, 0x0000, 0x0000, 0x0000, 0x0000, 0x0000, 0x0000, 0x0000, 0x0000,
    0x0000, 0x0000, 0x0000, 0x0000, 0x0000, 0x0000, 0x0000, 0x0000, 0x0000, 0x0000, 0x0000, 0x0800,
    0x7084, 0xD8E7, 0xE107, 0xD0E7, 0xD8E7, 0xD8E7, 0xD8E7, 0xD8E7, 0xD8E7, 0xD8E7, 0xD8E7, 0xD8E7,
    0xD8E7, 0xD8E7, 0xD8E7, 0xD8E7, 0xD8E7, 0xD8E7, 0xD8E7, 0xD8E7, 0xD8E7, 0xD8E7, 0xD8E7, 0xD8E7,
    0xD8E7, 0xD8E7, 0xD8E7, 0xD8E7, 0xD8E7, 0xD8E7, 0xD8E7, 0xD8E7, 0xD8E7, 0xD8E7, 0xD8E7, 0xD8E7,
    0xD8E7, 0xD8E7, 0xD8E7, 0xD8E7, 0xD8E7, 0xD8E7, 0xD8E7, 0xD8E7, 0xD8E7, 0xD8E7, 0xD8E7, 0xD8E7,
    0xD8E7, 0xD8E7, 0xD8E7, 0xD8E7, 0xD8E7, 0xD8E7, 0xD8E7, 0xD8E7, 0xD8E7, 0xD8E7, 0xD8E7, 0xD8E7,
    0xD8E7, 0xD8E7, 0xD8E7, 0xD8E7, 0xD8E7, 0xD8E7, 0xD8E7, 0xD8E7, 0xD8E7, 0xD8E7, 0xD8E7, 0xD8E7,
    0xD8E7, 0xD8E7, 0xD8E7, 0xD8E7, 0xD8E7, 0xD8E7, 0xD8E7, 0xD8E7, 0xD8E7, 0xD8E7, 0xD8E7, 0xD8E7,
    0xD8E7, 0xD8E7, 0xD8E7, 0xD8E7, 0xD8E7, 0xD8E7, 0xD8E7, 0xD8E7, 0xD8E7, 0xD8E7, 0xD8E7, 0xD8E7,
    0xD8E7, 0xD8E7, 0xD8E7, 0xD8E7, 0xD8E7, 0xD8E7, 0xD8E7, 0xE108, 0xA8C6, 0x1800, 0x0000, 0x0000,
    0x0000, 0x0000, 0x1000, 0x9886, 0xB0A7, 0xA8A7, 0xA8A7, 0xA8A7, 0xA8A7, 0xA8A7, 0xA8A7, 0xA8A7,
    0xA8A7, 0xA8A7, 0xA8A7, 0xA8A7, 0xA8A7, 0xA8A7, 0xA8A7, 0xA8A7, 0xA8A7, 0xA8A7, 0xA8A7, 0xA8A7,
    0xA8A7, 0xA8A7, 0xA8A7, 0xA8A7, 0xA8A7, 0xA8A7, 0xA8A7, 0xA8A7, 0xA8A7, 0xA8A7, 0xA8A7, 0xA8A7,
    0xA8A7, 0xA8A7, 0xA8A7, 0xA8A7, 0xA8A7, 0xA8A7, 0xA8A7, 0xA8A7, 0xA8A7, 0xA8A7, 0xA8A7, 0xA8A7,
    0xA8A7, 0xA8A7, 0xA8A7, 0xA8A7, 0xA8A7, 0xA8A7, 0xA8A7, 0xA8A7, 0xA8A7, 0xA8A7, 0xB0A7, 0x7065,
    0x1000, 0x0000, 0x0000, 0x0000, 0x0000, 0x0000, 0x0000, 0x0000, 0x0000, 0x0000, 0x0000, 0x0000,
    0x0000, 0x0000, 0x0000, 0x0000, 0x0000, 0x0000, 0x0000, 0x0000, 0x0000, 0x0000, 0x0000, 0x0000,
    0x0000, 0x0000, 0x0000, 0x0000, 0x0000, 0x0000, 0x0000, 0x0000, 0x0000, 0x0000, 0x0000, 0x0000,
    0x0000, 0x0000, 0x0000, 0x0000, 0x0000, 0x0000, 0x0000, 0x0000, 0x0000, 0x0000, 0x0000, 0x0000,
    0x0000, 0x0000, 0x0000, 0x0000, 0x0000, 0x0000, 0x0000, 0x0000, 0x0000, 0x0000, 0x0000, 0x0000,
    0x0000, 0x0000, 0x0000, 0x0000, 0x0000, 0x0000, 0x0000, 0x0000, 0x0000, 0x0000, 0x0000, 0x0000,
    0x0000, 0x5063, 0xC8E7, 0xE908, 0xD0E7, 0xD8E7, 0xD8E7, 0xD8E7, 0xD8E7, 0xD8E7, 0xD8E7, 0xD8E7,
    0xD8E7, 0xD8E7, 0xD8E7, 0xD8E7, 0xD8E7, 0xD8E7, 0xD8E7, 0xD8E7, 0xD8E7, 0xD8E7, 0xD8E7, 0xD8E7,
    0xD8E7, 0xD8E7, 0xD8E7, 0xD8E7, 0xD8E7, 0xD8E7, 0xD8E7, 0xD8E7, 0xD8E7, 0xD8E7, 0xD8E7, 0xD8E7,
    0xD8E7, 0xD8E7, 0xD8E7, 0xD8E7, 0xD8E7, 0xD8E7, 0xD8E7, 0xD8E7, 0xD8E7, 0xD8E7, 0xD8E7, 0xD8E7,
    0xD8E7, 0xD8E7, 0xD8E7, 0xD8E7, 0xD8E7, 0xD8E7, 0xD8E7, 0xD8E7, 0xD8E7, 0xD8E7, 0xD8E7, 0xD8E7,
    0xD8E7, 0xD8E7, 0xD8E7, 0xD8E7, 0xD8E7, 0xD8E7, 0xD8E7, 0xD8E7, 0xD8E7, 0xD8E7, 0xD8E7, 0xD8E7,
    0xD8E7, 0xD8E7, 0xD8E7, 0xD8E7, 0xD8E7, 0xD8E7, 0xD8E7, 0xD8E7, 0xD8E7, 0xD8E7, 0xD8E7, 0xD8E7,
    0xD8E7, 0xD8E7, 0xD8E7, 0xD8E7, 0xD8E7, 0xD8E7, 0xD8E7, 0xD8E7, 0xD8E7, 0xD8E7, 0xD8E7, 0xD8E7,
    0xD8E7, 0xD8E7, 0xD8E7, 0xD8E7, 0xD8E7, 0xD8E7, 0xD8E7, 0xE108, 0xA8C6, 0x1800, 0x0000, 0x0000,
    0x0000, 0x0000, 0x1001, 0x9886, 0xB0A7, 0xA8A7, 0xA8A7, 0xA8A7, 0xA8A7, 0xA8A7, 0xA8A7, 0xA8A7,
    0xA8A7, 0xA8A7, 0xA8A7, 0xA8A7, 0xA8A7, 0xA8A7, 0xA8A7, 0xA8A7, 0xA8A7, 0xA8A7, 0xA8A7, 0xA8A7,
    0xA8A7, 0xA8A7, 0xA8A7, 0xA8A7, 0xA8A7, 0xA8A7, 0xA8A7, 0xA8A7, 0xA8A7, 0xA8A7, 0xA8A7, 0xA8A7,
    0xA8A7, 0xA8A7, 0xA8A7, 0xA8A7, 0xA8A7, 0xA8A7, 0xA8A7, 0xA8A7, 0xA8A7, 0xA8A7, 0xA8A7, 0xA8A7,
    0xA8A7, 0xA8A7, 0xA8A7, 0xA8A7, 0xA8A7, 0xA8A7, 0xA8A7, 0xA0A7, 0xB0A7, 0xA8A7, 0x5844, 0x0800,
    0x0000, 0x0000, 0x0000, 0x0000, 0x0000, 0x0000, 0x0000, 0x0000, 0x0000, 0x0000, 0x0000, 0x0000,
    0x0000, 0x0000, 0x0000, 0x0000, 0x0000, 0x0000, 0x0000, 0x0000, 0x0000, 0x0000, 0x0000, 0x0000,
    0x0000, 0x0000, 0x0000, 0x0000, 0x0000, 0x0000, 0x0000, 0x0000, 0x0000, 0x0000, 0x0000, 0x0000,
    0x0000, 0x0000, 0x0000, 0x0000, 0x0000, 0x0000, 0x0000, 0x0000, 0x0000, 0x0000, 0x0000, 0x0000,
    0x0000, 0x0000, 0x0000, 0x0000, 0x0000, 0x0000, 0x0000, 0x0000, 0x0000, 0x0000, 0x0000, 0x0000,
    0x0000, 0x0000, 0x0000, 0x0000, 0x0000, 0x0000, 0x0000, 0x0000, 0x0000, 0x0000, 0x0000, 0x0000,
    0x0000, 0x0000, 0x3021, 0x98A5, 0xE108, 0xE108, 0xD0E7, 0xD8E7, 0xD8E7, 0xD8E7, 0xD8E7, 0xD8E7,
    0xD8E7, 0xD8E7, 0xD8E7, 0xD8E7, 0xD8E7, 0xD8E7, 0xD8E7, 0xD8E7, 0xD8E7, 0xD8E7, 0xD8E7, 0xD8E7,
    0xD8E7, 0xD8E7, 0xD8E7, 0xD8E7, 0xD8E7, 0xD8E7, 0xD8E7, 0xD8E7, 0xD8E7, 0xD8E7, 0xD8E7, 0xD8E7,
    0xD8E7, 0xD8E7, 0xD8E7, 0xD8E7, 0xD8E7, 0xD8E7, 0xD8E7, 0xD8E7, 0xD8E7, 0xD8E7, 0xD8E7, 0xD8E7,
    0xD8E7, 0xD8E7, 0xD8E7, 0xD8E7, 0xD8E7, 0xD8E7, 0xD8E7, 0xD8E7, 0xD8E7, 0xD8E7, 0xD8E7, 0xD8E7,
    0xD8E7, 0xD8E7, 0xD8E7, 0xD8E7, 0xD8E7, 0xD8E7, 0xD8E7, 0xD8E7, 0xD8E7, 0xD8E7, 0xD8E7, 0xD8E7,
    0xD8E7, 0xD8E7, 0xD8E7, 0xD8E7, 0xD8E7, 0xD8E7, 0xD8E7, 0xD8E7, 0xD8E7, 0xD8E7, 0xD8E7, 0xD8E7,
    0xD8E7, 0xD8E7, 0xD8E7, 0xD8E7, 0xD8E7, 0xD8E7, 0xD8E7, 0xD8E7, 0xD8E7, 0xD8E7, 0xD8E7, 0xD8E7,
    0xD8E7, 0xD8E7, 0xD8E7, 0xD8E7, 0xD8E7, 0xD8E7, 0xD8E7, 0xE108, 0xC0C6, 0x3842, 0x0000, 0x0000,
    0x0000, 0x0000, 0x1000, 0x9886, 0xB0A7, 0xA8A7, 0xA8A7, 0xA8A7, 0xA8A7, 0xA8A7, 0xA8A7, 0xA8A7,
    0xA8A7, 0xA8A7, 0xA8A7, 0xA8A7, 0xA8A7, 0xA8A7, 0xA8A7, 0xA8A7, 0xA8A7, 0xA8A7, 0xA8A7, 0xA8A7,
    0xA8A7, 0xA8A7, 0xA8A7, 0xA8A7, 0xA8A7, 0xA8A7, 0xA8A7, 0xA8A7, 0xA8A7, 0xA8A7, 0xA8A7, 0xA8A7,
    0xA8A7, 0xA8A7, 0xA8A7, 0xA8A7, 0xA8A7, 0xA8A7, 0xA8A7, 0xA8A7, 0xA8A7, 0xA8A7, 0xA8A7, 0xA8A7,
    0xA8A7, 0xA8A7, 0xA8A7, 0xA8A7, 0xA8A7, 0xA8A7, 0xA8A7, 0xB8A8, 0x9886, 0x3822, 0x0000, 0x0000,
    0x0000, 0x0000, 0x0000, 0x0000, 0x0000, 0x0000, 0x0000, 0x0000, 0x0000, 0x0000, 0x0000, 0x0000,
    0x0000, 0x0000, 0x0000, 0x0000, 0x0000, 0x0000, 0x0000, 0x0000, 0x0000, 0x0000, 0x0000, 0x0000,
    0x0000, 0x0000, 0x0000, 0x0000, 0x0000, 0x0000, 0x0000, 0x0000, 0x0000, 0x0000, 0x0000, 0x0000,
    0x0000, 0x0000, 0x0000, 0x0000, 0x0000, 0x0000, 0x0000, 0x0000, 0x0000, 0x0000, 0x0000, 0x0000,
    0x0000, 0x0000, 0x0000, 0x0000, 0x0000, 0x0000, 0x0000, 0x0000, 0x0000, 0x0000, 0x0000, 0x0000,
    0x0000, 0x0000, 0x0000, 0x0000, 0x0000, 0x0000, 0x0000, 0x0000, 0x0000, 0x0000, 0x0000, 0x0000,
    0x0000, 0x0000, 0x0000, 0x1000, 0x4842, 0xB8C6, 0xE908, 0xE108, 0xD0E7, 0xD0E7, 0xD8E7, 0xD8E7,
    0xD8E7, 0xD8E7, 0xD8E7, 0xD8E7, 0xD8E7, 0xD8E7, 0xD8E7, 0xD8E7, 0xD8E7, 0xD8E7, 0xD8E7, 0xD8E7,
    0xD8E7, 0xD8E7, 0xD8E7, 0xD8E7, 0xD8E7, 0xD8E7, 0xD8E7, 0xD8E7, 0xD8E7, 0xD8E7, 0xD8E7, 0xD8E7,
    0xD8E7, 0xD8E7, 0xD8E7, 0xD8E7, 0xD8E7, 0xD8E7, 0xD8E7, 0xD8E7, 0xD8E7, 0xD8E7, 0xD8E7, 0xD8E7,
    0xD8E7, 0xD8E7, 0xD8E7, 0xD8E7, 0xD8E7, 0xD8E7, 0xD8E7, 0xD8E7, 0xD8E7, 0xD8E7, 0xD8E7, 0xD8E7,
    0xD8E7, 0xD8E7, 0xD8E7, 0xD8E7, 0xD8E7, 0xD8E7, 0xD8E7, 0xD8E7, 0xD8E7, 0xD8E7, 0xD8E7, 0xD8E7,
    0xD8E7, 0xD8E7, 0xD8E7, 0xD8E7, 0xD8E7, 0xD8E7, 0xD8E7, 0xD8E7, 0xD8E7, 0xD8E7, 0xD8E7, 0xD8E7,
    0xD8E7, 0xD8E7, 0xD8E7, 0xD8E7, 0xD8E7, 0xD8E7, 0xD8E7, 0xD8E7, 0xD8E7, 0xD8E7, 0xD8E7, 0xD8E7,
    0xD8E7, 0xD8E7, 0xD8E7, 0xD8E7, 0xD8E7, 0xD8E7, 0xD8E7, 0xD907, 0xC8E7, 0x4042, 0x0000, 0x0000,
    0x0000, 0x0000, 0x1001, 0x9886, 0xB0A7, 0xA8A7, 0xA8A7, 0xA8A7, 0xA8A7, 0xA8A7, 0xA8A7, 0xA8A7,
    0xA8A7, 0xA8A7, 0xA8A7, 0xA8A7, 0xA8A7, 0xA8A7, 0xA8A7, 0xA8A7, 0xA8A7, 0xA8A7, 0xA8A7, 0xA8A7,
    0xA8A7, 0xA8A7, 0xA8A7, 0xA8A7, 0xA8A7, 0xA8A7, 0xA8A7, 0xA8A7, 0xA8A7, 0xA8A7, 0xA8A7, 0xA8A7,
    0xA8A7, 0xA8A7, 0xA8A7, 0xA8A7, 0xA8A7, 0xA8A7, 0xA8A7, 0xA8A7, 0xA8A7, 0xA8A7, 0xA8A7, 0xA8A7,
    0xA8A7, 0xA8A7, 0xA8A7, 0xA8A7, 0xA8A7, 0xB0A7, 0xB0A7, 0x6864, 0x1801, 0x0000, 0x0000, 0x0000,
    0x0000, 0x0000, 0x0000, 0x0000, 0x0000, 0x0000, 0x0000, 0x0000, 0x0000, 0x0000, 0x0000, 0x0000,
    0x0000, 0x0000, 0x0000, 0x0000, 0x0000, 0x0000, 0x0000, 0x0000, 0x0000, 0x0000, 0x0000, 0x0000,
    0x0000, 0x0000, 0x0000, 0x0000, 0x0000, 0x0000, 0x0000, 0x0000, 0x0000, 0x0000, 0x0000, 0x0000,
    0x0000, 0x0000, 0x0000, 0x0000, 0x0000, 0x0000, 0x0000, 0x0000, 0x0000, 0x0000, 0x0000, 0x0000,
    0x0000, 0x0000, 0x0000, 0x0000, 0x0000, 0x0000, 0x0000, 0x0000, 0x0000, 0x0000, 0x0000, 0x0000,
    0x0000, 0x0000, 0x0000, 0x0000, 0x0000, 0x0000, 0x0000, 0x0000, 0x0000, 0x0000, 0x0000, 0x0000,
    0x0000, 0x0000, 0x0000, 0x0000, 0x0000, 0x1821, 0x5042, 0xA0A5, 0xE108, 0xE108, 0xD8E7, 0xD8E7,
    0xD8E7, 0xD8E7, 0xD8E7, 0xD8E7, 0xD8E7, 0xD8E7, 0xD8E7, 0xD8E7, 0xD8E7, 0xD8E7, 0xD8E7, 0xD8E7,
    0xD8E7, 0xD8E7, 0xD8E7, 0xD8E7, 0xD8E7, 0xD8E7, 0xD8E7, 0xD8E7, 0xD8E7, 0xD8E7, 0xD8E7, 0xD8E7,
    0xD8E7, 0xD8E7, 0xD8E7, 0xD8E7, 0xD8E7, 0xD8E7, 0xD8E7, 0xD8E7, 0xD8E7, 0xD8E7, 0xD8E7, 0xD8E7,
    0xD8E7, 0xD8E7, 0xD8E7, 0xD8E7, 0xD8E7, 0xD8E7, 0xD8E7, 0xD8E7, 0xD8E7, 0xD8E7, 0xD8E7, 0xD8E7,
    0xD8E7, 0xD8E7, 0xD8E7, 0xD8E7, 0xD8E7, 0xD8E7, 0xD8E7, 0xD8E7, 0xD8E7, 0xD8E7, 0xD8E7, 0xD8E7,
    0xD8E7, 0xD8E7, 0xD8E7, 0xD8E7, 0xD8E7, 0xD8E7, 0xD8E7, 0xD8E7, 0xD8E7, 0xD8E7, 0xD8E7, 0xD8E7,
    0xD8E7, 0xD8E7, 0xD8E7, 0xD8E7, 0xD8E7, 0xD8E7, 0xD8E7, 0xD8E7, 0xD8E7, 0xD8E7, 0xD8E7, 0xD8E7,
    0xD8E7, 0xD8E7, 0xD8E7, 0xD8E7, 0xD8E7, 0xD8E7, 0xD8E7, 0xE108, 0xC0C6, 0x3842, 0x0000, 0x0000,
    0x0000, 0x0000, 0x1001, 0x9886, 0xB0A7, 0xA8A7, 0xA8A7, 0xA8A7, 0xA8A7, 0xA8A7, 0xA8A7, 0xA8A7,
    0xA8A7, 0xA8A7, 0xA8A7, 0xA8A7, 0xA8A7, 0xA8A7, 0xA8A7, 0xA8A7, 0xA8A7, 0xA8A7, 0xA8A7, 0xA8A7,
    0xA8A7, 0xA8A7, 0xA8A7, 0xA8A7, 0xA8A7, 0xA8A7, 0xA8A7, 0xA8A7, 0xA8A7, 0xA8A7, 0xA8A7, 0xA8A7,
    0xA8A7, 0xA8A7, 0xA8A7, 0xA8A7, 0xA8A7, 0xA8A7, 0xA8A7, 0xA8A7, 0xA8A7, 0xA8A7, 0xA8A7, 0xA8A7,
    0xA8A7, 0xA8A7, 0xA8A7, 0xB0A7, 0xB8A8, 0x8065, 0x3022, 0x0000, 0x0000, 0x0000, 0x0000, 0x0000,
    0x0000, 0x0000, 0x0000, 0x0000, 0x0000, 0x0000, 0x0000, 0x0000, 0x0000, 0x0000, 0x0000, 0x0000,
    0x0000, 0x0000, 0x0000, 0x0000, 0x0000, 0x0000, 0x0000, 0x0000, 0x0000, 0x0000, 0x0000, 0x0000,
    0x0000, 0x0000, 0x0000, 0x0000, 0x0000, 0x0000, 0x0000, 0x0000, 0x0000, 0x0000, 0x0000, 0x0000,
    0x0000, 0x0000, 0x0000, 0x0000, 0x0000, 0x0000, 0x0000, 0x0000, 0x0000, 0x0000, 0x0000, 0x0000,
    0x0000, 0x0000, 0x0000, 0x0000, 0x0000, 0x0000, 0x0000, 0x0000, 0x0000, 0x0000, 0x0000, 0x0000,
    0x0000, 0x0000, 0x0000, 0x0000, 0x0000, 0x0000, 0x0000, 0x0000, 0x0000, 0x0000, 0x0000, 0x0000,
    0x0000, 0x0000, 0x0000, 0x0000, 0x0000, 0x0000, 0x0000, 0x0800, 0x2821, 0x7083, 0xB8C6, 0xE908,
    0xE108, 0xD8E7, 0xD8E7, 0xD8E7, 0xD8E7, 0xD8E7, 0xD8E7, 0xD8E7, 0xD8E7, 0xD8E7, 0xD8E7, 0xD8E7,
    0xD8E7, 0xD8E7, 0xD8E7, 0xD8E7, 0xD8E7, 0xD8E7, 0xD8E7, 0xD8E7, 0xD8E7, 0xD8E7, 0xD8E7, 0xD8E7,
    0xD8E7, 0xD8E7, 0xD8E7, 0xD8E7, 0xD8E7, 0xD8E7, 0xD8E7, 0xD8E7, 0xD8E7, 0xD8E7, 0xD8E7, 0xD8E7,
    0xD8E7, 0xD8E7, 0xD8E7, 0xD8E7, 0xD8E7, 0xD8E7, 0xD8E7, 0xD8E7, 0xD8E7, 0xD8E7, 0xD8E7, 0xD8E7,
    0xD8E7, 0xD8E7, 0xD8E7, 0xD8E7, 0xD8E7, 0xD8E7, 0xD8E7, 0xD8E7, 0xD8E7, 0xD8E7, 0xD8E7, 0xD8E7,
    0xD8E7, 0xD8E7, 0xD8E7, 0xD8E7, 0xD8E7, 0xD8E7, 0xD8E7, 0xD8E7, 0xD8E7, 0xD8E7, 0xD8E7, 0xD8E7,
    0xD8E7, 0xD8E7, 0xD8E7, 0xD8E7, 0xD8E7, 0xD8E7, 0xD8E7, 0xD8E7, 0xD8E7, 0xD8E7, 0xD8E7, 0xD8E7,
    0xD8E7, 0xD8E7, 0xD8E7, 0xD8E7, 0xD8E7, 0xD8E7, 0xD8E7, 0xE108, 0xB8C6, 0x2821, 0x0000, 0x0000,
    0x0000, 0x0000, 0x1001, 0x9886, 0xB0A7, 0xA8A7, 0xA8A7, 0xA8A7, 0xA8A7, 0xA8A7, 0xA8A7, 0xA8A7,
    0xA8A7, 0xA8A7, 0xA8A7, 0xA8A7, 0xA8A7, 0xA8A7, 0xA8A7, 0xA8A7, 0xA8A7, 0xA8A7, 0xA8A7, 0xA8A7,
    0xA8A7, 0xA8A7, 0xA8A7, 0xA8A7, 0xA8A7, 0xA8A7, 0xA8A7, 0xA8A7, 0xA8A7, 0xA8A7, 0xA8A7, 0xA8A7,
    0xA8A7, 0xA8A7, 0xA8A7, 0xA8A7, 0xA8A7, 0xA8A7, 0xA8A7, 0xA8A7, 0xA8A7, 0xA8A7, 0xA8A7, 0xA8A7,
    0xB0A7, 0xB0A8, 0xA087, 0x6064, 0x2821, 0x0800, 0x0000, 0x0000, 0x0000, 0x0000, 0x0000, 0x0000,
    0x0000, 0x0000, 0x0000, 0x0000, 0x0000, 0x0000, 0x0000, 0x0000, 0x0000, 0x0000, 0x0000, 0x0000,
    0x0000, 0x0000, 0x0000, 0x0000, 0x0000, 0x0000, 0x0000, 0x0000, 0x0000, 0x0000, 0x0000, 0x0000,
    0x0000, 0x0000, 0x0000, 0x0000, 0x0000, 0x0000, 0x0000, 0x0000, 0x0000, 0x0000, 0x0000, 0x0000,
    0x0000, 0x0000, 0x0000, 0x0000, 0x0000, 0x0000, 0x0000, 0x0000, 0x0000, 0x0000, 0x0000, 0x0000,
    0x0000, 0x0000, 0x0000, 0x0000, 0x0000, 0x0000, 0x0000, 0x0000, 0x0000, 0x0000, 0x0000, 0x0000,
    0x0000, 0x0000, 0x0000, 0x0000, 0x0000, 0x0000, 0x0000, 0x0000, 0x0000, 0x0000, 0x0000, 0x0000,
    0x0000, 0x0000, 0x0000, 0x0000, 0x0000, 0x0000, 0x0000, 0x0000, 0x0000, 0x0000, 0x0800, 0x2021,
    0x6863, 0xA8C6, 0xD8E7, 0xD907, 0xD8E7, 0xD8E7, 0xD8E7, 0xD8E7, 0xD8E7, 0xD8E7, 0xD8E7, 0xD8E7,
    0xD8E7, 0xD8E7, 0xD8E7, 0xD8E7, 0xD8E7, 0xD8E7, 0xD8E7, 0xD8E7, 0xD8E7, 0xD8E7, 0xD8E7, 0xD8E7,
    0xD8E7, 0xD8E7, 0xD8E7, 0xD8E7, 0xD8E7, 0xD8E7, 0xD8E7, 0xD8E7, 0xD8E7, 0xD8E7, 0xD8E7, 0xD8E7,
    0xD8E7, 0xD8E7, 0xD8E7, 0xD8E7, 0xD8E7, 0xD8E7, 0xD8E7, 0xD8E7, 0xD8E7, 0xD8E7, 0xD8E7, 0xD8E7,
    0xD8E7, 0xD8E7, 0xD8E7, 0xD8E7, 0xD8E7, 0xD8E7, 0xD8E7, 0xD8E7, 0xD8E7, 0xD8E7, 0xD8E7, 0xD8E7,
    0xD8E7, 0xD8E7, 0xD8E7, 0xD8E7, 0xD8E7, 0xD8E7, 0xD8E7, 0xD8E7, 0xD8E7, 0xD8E7, 0xD8E7, 0xD8E7,
    0xD8E7, 0xD8E7, 0xD8E7, 0xD8E7, 0xD8E7, 0xD8E7, 0xD8E7, 0xD8E7, 0xD8E7, 0xD8E7, 0xD8E7, 0xD8E7,
    0xD8E7, 0xD8E7, 0xD8E7, 0xD8E7, 0xD8E7, 0xD8E7, 0xD0E7, 0xE908, 0xA8A5, 0x1000, 0x0000, 0x0000,
    0x0000, 0x0000, 0x2021, 0x9886, 0xB0A7, 0xA8A7, 0xA8A7, 0xA8A7, 0xA8A7, 0xA8A7, 0xA8A7, 0xA8A7,
    0xA8A7, 0xA8A7, 0xA8A7, 0xA8A7, 0xA8A7, 0xA8A7, 0xA8A7, 0xA8A7, 0xA8A7, 0xA8A7, 0xA8A7, 0xA8A7,
    0xA8A7, 0xA8A7, 0xA8A7, 0xA8A7, 0xA8A7, 0xA8A7, 0xA8A7, 0xA8A7, 0xA8A7, 0xA8A7, 0xA8A7, 0xA8A7,
    0xA8A7, 0xA8A7, 0xA8A7, 0xA8A7, 0xA8A7, 0xA8A7, 0xA8A7, 0xA8A7, 0xA8A7, 0xA8A7, 0xB0A7, 0x9886,
    0x6844, 0x3822, 0x1000, 0x0000, 0x0000, 0x0000, 0x0000, 0x0000, 0x0000, 0x0000, 0x0000, 0x0000,
    0x0000, 0x0000, 0x0000, 0x0000, 0x0000, 0x0000, 0x0000, 0x0000, 0x0000, 0x0000, 0x0000, 0x0000,
    0x0000, 0x0000, 0x0000, 0x0000, 0x0000, 0x0000, 0x0000, 0x0000, 0x0000, 0x0000, 0x0000, 0x0000,
    0x0000, 0x0000, 0x0000, 0x0000, 0x0000, 0x0000, 0x0000, 0x0000, 0x0000, 0x0000, 0x0000, 0x0000,
    0x0000, 0x0000, 0x0000, 0x0000, 0x0000, 0x0000, 0x0000, 0x0000, 0x0000, 0x0000, 0x0000, 0x0000,
    0x0000, 0x0000, 0x0000, 0x0000, 0x0000, 0x0000, 0x0000, 0x0000, 0x0000, 0x0000, 0x0000, 0x0000,
    0x0000, 0x0000, 0x0000, 0x0000, 0x0000, 0x0000, 0x0000, 0x0000, 0x0000, 0x0000, 0x0000, 0x0000,
    0x0000, 0x0000, 0x0000, 0x0000, 0x0000, 0x0000, 0x0000, 0x0000, 0x0000, 0x0000, 0x0000, 0x0000,
    0x0000, 0x0000, 0x1800, 0x5863, 0xA0A5, 0xD0E7, 0xD8E7, 0xD8E7, 0xD8E7, 0xD8E7, 0xD8E7, 0xD8E7,
    0xD8E7, 0xD8E7, 0xD8E7, 0xD8E7, 0xD8E7, 0xD8E7, 0xD8E7, 0xD8E7, 0xD8E7, 0xD8E7, 0xD8E7, 0xD8E7,
    0xD8E7, 0xD8E7, 0xD8E7, 0xD8E7, 0xD8E7, 0xD8E7, 0xD8E7, 0xD8E7, 0xD8E7, 0xD8E7, 0xD8E7, 0xD8E7,
    0xD8E7, 0xD8E7, 0xD8E7, 0xD8E7, 0xD8E7, 0xD8E7, 0xD8E7, 0xD8E7, 0xD8E7, 0xD8E7, 0xD8E7, 0xD8E7,
    0xD8E7, 0xD8E7, 0xD8E7, 0xD8E7, 0xD8E7, 0xD8E7, 0xD8E7, 0xD8E7, 0xD8E7, 0xD8E7, 0xD8E7, 0xD8E7,
    0xD8E7, 0xD8E7, 0xD8E7, 0xD8E7, 0xD8E7, 0xD8E7, 0xD8E7, 0xD8E7, 0xD8E7, 0xD8E7, 0xD8E7, 0xD8E7,
    0xD8E7, 0xD8E7, 0xD8E7, 0xD8E7, 0xD8E7, 0xD8E7, 0xD8E7, 0xD8E7, 0xD8E7, 0xD8E7, 0xD8E7, 0xD8E7,
    0xD8E7, 0xD8E7, 0xD8E7, 0xD8E7, 0xD8E7, 0xD8E7, 0xD8E7, 0xE908, 0x90A5, 0x0000, 0x0000, 0x0000,
    0x0000, 0x0000, 0x2821, 0x9887, 0xB0A7, 0xA8A7, 0xA8A7, 0xA8A7, 0xA8A7, 0xA8A7, 0xA8A7, 0xA8A7,
    0xA8A7, 0xA8A7, 0xA8A7, 0xA8A7, 0xA8A7, 0xA8A7, 0xA8A7, 0xA8A7, 0xA8A7, 0xA8A7, 0xA8A7, 0xA8A7,
    0xA8A7, 0xA8A7, 0xA8A7, 0xA8A7, 0xA8A7, 0xA8A7, 0xA8A7, 0xA8A7, 0xA8A7, 0xA8A7, 0xA8A7, 0xA8A7,
    0xA8A7, 0xA8A7, 0xA8A7, 0xA8A7, 0xA8A7, 0xB0A7, 0xA8A7, 0xA8A7, 0x9886, 0x6044, 0x2821, 0x0800,
    0x0000, 0x0000, 0x0000, 0x0000, 0x0000, 0x0000, 0x0000, 0x0000, 0x0000, 0x0000, 0x0000, 0x0000,
    0x0000, 0x0000, 0x0000, 0x0000, 0x0000, 0x0000, 0x0000, 0x0000, 0x0000, 0x0000, 0x0000, 0x0000,
    0x0000, 0x0000, 0x0000, 0x0000, 0x0000, 0x0000, 0x0000, 0x0000, 0x0000, 0x0000, 0x0000, 0x0000,
    0x0000, 0x0000, 0x0000, 0x0000, 0x0000, 0x0000, 0x0000, 0x0000, 0x0000, 0x0000, 0x0000, 0x0000,
    0x0000, 0x0000, 0x0000, 0x0000, 0x0000, 0x0000, 0x0000, 0x0000, 0x0000, 0x0000, 0x0000, 0x0000,
    0x0000, 0x0000, 0x0000, 0x0000, 0x0000, 0x0000, 0x0000, 0x0000, 0x0000, 0x0000, 0x0000, 0x0000,
    0x0000, 0x0000, 0x0000, 0x0000, 0x0000, 0x0000, 0x0000, 0x0000, 0x0000, 0x0000, 0x0000, 0x0000,
    0x0000, 0x0000, 0x0000, 0x0000, 0x0000, 0x0000, 0x0000, 0x0000, 0x0000, 0x0000, 0x0000, 0x0000,
    0x0000, 0x0000, 0x0000, 0x0000, 0x0000, 0x1000, 0x5062, 0x90A5, 0xC8E7, 0xD8E7, 0xD8E7, 0xE108,
    0xD907, 0xD8E7, 0xD8E7, 0xD8E7, 0xD8E7, 0xD8E7, 0xD8E7, 0xD8E7, 0xD8E7, 0xD8E7, 0xD8E7, 0xD8E7,
    0xD8E7, 0xD8E7, 0xD8E7, 0xD8E7, 0xD8E7, 0xD8E7, 0xD8E7, 0xD8E7, 0xD8E7, 0xD8E7, 0xD8E7, 0xD8E7,
    0xD8E7, 0xD8E7, 0xD8E7, 0xD8E7, 0xD8E7, 0xD8E7, 0xD8E7, 0xD8E7, 0xD8E7, 0xD8E7, 0xD8E7, 0xD8E7,
    0xD8E7, 0xD8E7, 0xD8E7, 0xD8E7, 0xD8E7, 0xD8E7, 0xD8E7, 0xD8E7, 0xD8E7, 0xD8E7, 0xD8E7, 0xD8E7,
    0xD8E7, 0xD8E7, 0xD8E7, 0xD8E7, 0xD8E7, 0xD8E7, 0xD8E7, 0xD8E7, 0xD8E7, 0xD8E7, 0xD8E7, 0xD8E7,
    0xD8E7, 0xD8E7, 0xD8E7, 0xD8E7, 0xD8E7, 0xD8E7, 0xD8E7, 0xD8E7, 0xD8E7, 0xD8E7, 0xD8E7, 0xD8E7,
    0xD8E7, 0xD8E7, 0xD8E7, 0xD8E7, 0xD8E7, 0xD8E7, 0xD8E7, 0xD8E7, 0x6883, 0x0000, 0x0000, 0x0000,
    0x0000, 0x0000, 0x3022, 0xA0A7, 0xB0A7, 0xA8A7, 0xA8A7, 0xA8A7, 0xA8A7, 0xA8A7, 0xA8A7, 0xA8A7,
    0xA8A7, 0xA8A7, 0xA8A7, 0xA8A7, 0xA8A7, 0xA8A7, 0xA8A7, 0xA8A7, 0xA8A7, 0xA8A7, 0xA8A7, 0xA8A7,
    0xA8A7, 0xA8A7, 0xA8A7, 0xA8A7, 0xA8A7, 0xA8A7, 0xA8A7, 0xA8A7, 0xA8A7, 0xA8A7, 0xA8A7, 0xA8A7,
    0xA8A7, 0xB0A7, 0xB0A7, 0xA8A7, 0xA887, 0x9086, 0x5844, 0x2021, 0x0000, 0x0000, 0x0000, 0x0000,
    0x0000, 0x0000, 0x0000, 0x0000, 0x0000, 0x0000, 0x0000, 0x0000, 0x0000, 0x0000, 0x0000, 0x0000,
    0x0000, 0x0000, 0x0000, 0x0000, 0x0000, 0x0000, 0x0000, 0x0000, 0x0000, 0x0000, 0x0000, 0x0000,
    0x0000, 0x0000, 0x0000, 0x0000, 0x0000, 0x0000, 0x0000, 0x0000, 0x0000, 0x0000, 0x0000, 0x0000,
    0x0000, 0x0000, 0x0000, 0x0000, 0x0000, 0x0000, 0x0000, 0x0000, 0x0000, 0x0000, 0x0000, 0x0000,
    0x0000, 0x0000, 0x0000, 0x0000, 0x0000, 0x0000, 0x0000, 0x0000, 0x0000, 0x0000, 0x0000, 0x0000,
    0x0000, 0x0000, 0x0000, 0x0000, 0x0000, 0x0000, 0x0000, 0x0000, 0x0000, 0x0000, 0x0000, 0x0000,
    0x0000, 0x0000, 0x0000, 0x0000, 0x0000, 0x0000, 0x0000, 0x0000, 0x0000, 0x0000, 0x0000, 0x0000,
    0x0000, 0x0000, 0x0000, 0x0000, 0x0000, 0x0000, 0x0000, 0x0000, 0x0000, 0x0000, 0x0000, 0x0000,
    0x0000, 0x0000, 0x0000, 0x0000, 0x0000, 0x0000, 0x0000, 0x0000, 0x0000, 0x4042, 0x88A4, 0xC0C6,
    0xD0E7, 0xD8E7, 0xE108, 0xE108, 0xD8E7, 0xD8E7, 0xD8E7, 0xD8E7, 0xD8E7, 0xD8E7, 0xD8E7, 0xD8E7,
    0xD8E7, 0xD8E7, 0xD8E7, 0xD8E7, 0xD8E7, 0xD8E7, 0xD8E7, 0xD8E7, 0xD8E7, 0xD8E7, 0xD8E7, 0xD8E7,
    0xD8E7, 0xD8E7, 0xD8E7, 0xD8E7, 0xD8E7, 0xD8E7, 0xD8E7, 0xD8E7, 0xD8E7, 0xD8E7, 0xD8E7, 0xD8E7,
    0xD8E7, 0xD8E7, 0xD8E7, 0xD8E7, 0xD8E7, 0xD8E7, 0xD8E7, 0xD8E7, 0xD8E7, 0xD8E7, 0xD8E7, 0xD8E7,
    0xD8E7, 0xD8E7, 0xD8E7, 0xD8E7, 0xD8E7, 0xD8E7, 0xD8E7, 0xD8E7, 0xD8E7, 0xD8E7, 0xD8E7, 0xD8E7,
    0xD8E7, 0xD8E7, 0xD8E7, 0xD8E7, 0xD8E7, 0xD8E7, 0xD8E7, 0xD8E7, 0xD8E7, 0xD8E7, 0xD8E7, 0xD8E7,
    0xD8E7, 0xD8E7, 0xD8E7, 0xD8E7, 0xD8E7, 0xD8E7, 0xE107, 0xC0C7, 0x3842, 0x0000, 0x0000, 0x0000,
    0x0000, 0x0000, 0x5043, 0xA8A7, 0xA8A7, 0xA8A7, 0xA8A7, 0xA8A7, 0xA8A7, 0xA8A7, 0xA8A7, 0xA8A7,
    0xA8A7, 0xA8A7, 0xA8A7, 0xA8A7, 0xA8A7, 0xA8A7, 0xA8A7, 0xA8A7, 0xA8A7, 0xA8A7, 0xA8A7, 0xA8A7,
    0xA8A7, 0xA8A7, 0xA8A7, 0xA8A7, 0xA8A7, 0xA8A7, 0xA8A7, 0xA8A7, 0xA8A7, 0xB0A7, 0xB0A7, 0xB0A7,
    0xA8A7, 0xA087, 0x8085, 0x5043, 0x1801, 0x0000, 0x0000, 0x0000, 0x0000, 0x0000, 0x0000, 0x0000,
    0x0000, 0x0000, 0x0000, 0x0000, 0x0000, 0x0000, 0x0000, 0x0000, 0x0000, 0x0000, 0x0000, 0x0000,
    0x0000, 0x0000, 0x0000, 0x0000, 0x0000, 0x0000, 0x0000, 0x0000, 0x0000, 0x0000, 0x0000, 0x0000,
    0x0000, 0x0000, 0x0000, 0x0000, 0x0000, 0x0000, 0x0000, 0x0000, 0x0000, 0x0000, 0x0000, 0x0000,
    0x0000, 0x0000, 0x0000, 0x0000, 0x0000, 0x0000, 0x0000, 0x0000, 0x0000, 0x0000, 0x0000, 0x0000,
    0x0000, 0x0000, 0x0000, 0x0000, 0x0000, 0x0000, 0x0000, 0x0000, 0x0000, 0x0000, 0x0000, 0x0000,
    0x0000, 0x0000, 0x0000, 0x0000, 0x0000, 0x0000, 0x0000, 0x0000, 0x0000, 0x0000, 0x0000, 0x0000,
    0x0000, 0x0000, 0x0000, 0x0000, 0x0000, 0x0000, 0x0000, 0x0000, 0x0000, 0x0000, 0x0000, 0x0000,
    0x0000, 0x0000, 0x0000, 0x0000, 0x0000, 0x0000, 0x0000, 0x0000, 0x0000, 0x0000, 0x0000, 0x0000,
    0x0000, 0x0000, 0x0000, 0x0000, 0x0000, 0x0000, 0x0000, 0x0000, 0x0000, 0x0000, 0x0000, 0x0000,
    0x3842, 0x7884, 0xB0C6, 0xC8E7, 0xD8E7, 0xE108, 0xE108, 0xD8E7, 0xD8E7, 0xD8E7, 0xD8E7, 0xD8E7,
    0xD8E7, 0xD8E7, 0xD8E7, 0xD8E7, 0xD8E7, 0xD8E7, 0xD8E7, 0xD8E7, 0xD8E7, 0xD8E7, 0xD8E7, 0xD8E7,
    0xD8E7, 0xD8E7, 0xD8E7, 0xD8E7, 0xD8E7, 0xD8E7, 0xD8E7, 0xD8E7, 0xD8E7, 0xD8E7, 0xD8E7, 0xD8E7,
    0xD8E7, 0xD8E7, 0xD8E7, 0xD8E7, 0xD8E7, 0xD8E7, 0xD8E7, 0xD8E7, 0xD8E7, 0xD8E7, 0xD8E7, 0xD8E7,
    0xD8E7, 0xD8E7, 0xD8E7, 0xD8E7, 0xD8E7, 0xD8E7, 0xD8E7, 0xD8E7, 0xD8E7, 0xD8E7, 0xD8E7, 0xD8E7,
    0xD8E7, 0xD8E7, 0xD8E7, 0xD8E7, 0xD8E7, 0xD8E7, 0xD8E7, 0xD8E7, 0xD8E7, 0xD8E7, 0xD8E7, 0xD8E7,
    0xD8E7, 0xD8E7, 0xD8E7, 0xD8E7, 0xD8E7, 0xD8E7, 0xE108, 0xA8A6, 0x0000, 0x0000, 0x0000, 0x0000,
    0x0000, 0x0000, 0x7065, 0xB0A7, 0xA8A7, 0xA8A7, 0xA8A7, 0xA8A7, 0xA8A7, 0xA8A7, 0xA8A7, 0xA8A7,
    0xA8A7, 0xA8A7, 0xA8A7, 0xA8A7, 0xA8A7, 0xA8A7, 0xA8A7, 0xA8A7, 0xA8A7, 0xA8A7, 0xA8A7, 0xA8A7,
    0xA8A7, 0xA8A7, 0xA8A7, 0xA8A7, 0xA8A7, 0xA8A7, 0xB0A7, 0xB0A8, 0xB0A7, 0xA087, 0x9086, 0x7865,
    0x4043, 0x1000, 0x0000, 0x0000, 0x0000, 0x0000, 0x0000, 0x0000, 0x0000, 0x0000, 0x0000, 0x0000,
    0x0000, 0x0000, 0x0000, 0x0000, 0x0000, 0x0000, 0x0000, 0x0000, 0x0000, 0x0000, 0x0000, 0x0000,
    0x0000, 0x0000, 0x0000, 0x0000, 0x0000, 0x0000, 0x0000, 0x0000, 0x0000, 0x0000, 0x0000, 0x0000,
    0x0000, 0x0000, 0x0000, 0x0000, 0x0000, 0x0000, 0x0000, 0x0000, 0x0000, 0x0000, 0x0000, 0x0000,
    0x0000, 0x0000, 0x0000, 0x0000, 0x0000, 0x0000, 0x0000, 0x0000, 0x0000, 0x0000, 0x0000, 0x0000,
    0x0000, 0x0000, 0x0000, 0x0000, 0x0000, 0x0000, 0x0000, 0x0000, 0x0000, 0x0000, 0x0000, 0x0000,
    0x0000, 0x0000, 0x0000, 0x0000, 0x0000, 0x0000, 0x0000, 0x0000, 0x0000, 0x0000, 0x0000, 0x0000,
    0x0000, 0x0000, 0x0000, 0x0000, 0x0000, 0x0000, 0x0000, 0x0000, 0x0000, 0x0000, 0x0000, 0x0000,
    0x0000, 0x0000, 0x0000, 0x0000, 0x0000, 0x0000, 0x0000, 0x0000, 0x0000, 0x0000, 0x0000, 0x0000,
    0x0000, 0x0000, 0x0000, 0x0000, 0x0000, 0x0000, 0x0000, 0x0000, 0x0000, 0x0000, 0x0000, 0x0000,
    0x0000, 0x0000, 0x0000, 0x3021, 0x7084, 0xA0C5, 0xC0C6, 0xD0E7, 0xE108, 0xE108, 0xD8E7, 0xD0E7,
    0xD0E7, 0xD8E7, 0xD8E7, 0xD8E7, 0xD8E7, 0xD8E7, 0xD8E7, 0xD8E7, 0xD8E7, 0xD8E7, 0xD8E7, 0xD8E7,
    0xD8E7, 0xD8E7, 0xD8E7, 0xD8E7, 0xD8E7, 0xD8E7, 0xD8E7, 0xD8E7, 0xD8E7, 0xD8E7, 0xD8E7, 0xD8E7,
    0xD8E7, 0xD8E7, 0xD8E7, 0xD8E7, 0xD8E7, 0xD8E7, 0xD8E7, 0xD8E7, 0xD8E7, 0xD8E7, 0xD8E7, 0xD8E7,
    0xD8E7, 0xD8E7, 0xD8E7, 0xD8E7, 0xD8E7, 0xD8E7, 0xD8E7, 0xD8E7, 0xD8E7, 0xD8E7, 0xD8E7, 0xD8E7,
    0xD8E7, 0xD8E7, 0xD8E7, 0xD8E7, 0xD8E7, 0xD8E7, 0xD8E7, 0xD8E7, 0xD8E7, 0xD8E7, 0xD8E7, 0xD8E7,
    0xD8E7, 0xD8E7, 0xD8E7, 0xD8E7, 0xD8E7, 0xD8E7, 0xD8E7, 0x6863, 0x0000, 0x0000, 0x0000, 0x0000,
    0x0000, 0x0000, 0x8886, 0xB0A8, 0xA8A7, 0xA8A7, 0xA8A7, 0xA8A7, 0xA8A7, 0xA8A7, 0xA8A7, 0xA8A7,
    0xA8A7, 0xA8A7, 0xA8A7, 0xA8A7, 0xA8A7, 0xA8A7, 0xA8A7, 0xA8A7, 0xA8A7, 0xA8A7, 0xA8A7, 0xA8A7,
    0xA8A7, 0xA8A7, 0xA8A7, 0xB0A7, 0xB8A8, 0xB0A7, 0x9887, 0x9086, 0x6864, 0x3822, 0x0800, 0x0000,
    0x0000, 0x0000, 0x0000, 0x0000, 0x0000, 0x0000, 0x0000, 0x0000, 0x0000, 0x0000, 0x0000, 0x0000,
    0x0000, 0x0000, 0x0000, 0x0000, 0x0000, 0x0000, 0x0000, 0x0000, 0x0000, 0x0000, 0x0000, 0x0000,
    0x0000, 0x0000, 0x0000, 0x0000, 0x0000, 0x0000, 0x0000, 0x0000, 0x0000, 0x0000, 0x0000, 0x0000,
    0x0000, 0x0000, 0x0000, 0x0000, 0x0000, 0x0000, 0x0000, 0x0000, 0x0000, 0x0000, 0x0000, 0x0000,
    0x0000, 0x0000, 0x0000, 0x0000, 0x0000, 0x0000, 0x0000, 0x0000, 0x0000, 0x0000, 0x0000, 0x0000,
    0x0000, 0x0000, 0x0000, 0x0000, 0x0000, 0x0000, 0x0000, 0x0000, 0x0000, 0x0000, 0x0000, 0x0000,
    0x0000, 0x0000, 0x0000, 0x0000, 0x0000, 0x0000, 0x0000, 0x0000, 0x0000, 0x0000, 0x0000, 0x0000,
    0x0000, 0x0000, 0x0000, 0x0000, 0x0000, 0x0000, 0x0000, 0x0000, 0x0000, 0x0000, 0x0000, 0x0000,
    0x0000, 0x0000, 0x0000, 0x0000, 0x0000, 0x0000, 0x0000, 0x0000, 0x0000, 0x0000, 0x0000, 0x0000,
    0x0000, 0x0000, 0x0000, 0x0000, 0x0000, 0x0000, 0x0000, 0x0000, 0x0000, 0x0000, 0x0000, 0x0000,
    0x0000, 0x0000, 0x0000, 0x0000, 0x0000, 0x0000, 0x2821, 0x6063, 0x98A5, 0xB8C6, 0xD0E7, 0xE908,
    0xE108, 0xD907, 0xD0E7, 0xD8E7, 0xD8E7, 0xD8E7, 0xD8E7, 0xD8E7, 0xD8E7, 0xD8E7, 0xD8E7, 0xD8E7,
    0xD8E7, 0xD8E7, 0xD8E7, 0xD8E7, 0xD8E7, 0xD8E7, 0xD8E7, 0xD8E7, 0xD8E7, 0xD8E7, 0xD8E7, 0xD8E7,
    0xD8E7, 0xD8E7, 0xD8E7, 0xD8E7, 0xD8E7, 0xD8E7, 0xD8E7, 0xD8E7, 0xD8E7, 0xD8E7, 0xD8E7, 0xD8E7,
    0xD8E7, 0xD8E7, 0xD8E7, 0xD8E7, 0xD8E7, 0xD8E7, 0xD8E7, 0xD8E7, 0xD8E7, 0xD8E7, 0xD8E7, 0xD8E7,
    0xD8E7, 0xD8E7, 0xD8E7, 0xD8E7, 0xD8E7, 0xD8E7, 0xD8E7, 0xD8E7, 0xD8E7, 0xD8E7, 0xD8E7, 0xD8E7,
    0xD8E7, 0xD8E7, 0xD8E7, 0xD8E7, 0xD8E7, 0xE108, 0xB0C6, 0x1000, 0x0000, 0x0000, 0x0000, 0x0000,
    0x0000, 0x2821, 0x9887, 0xB0A7, 0xA8A7, 0xA8A7, 0xA8A7, 0xA8A7, 0xA8A7, 0xA8A7, 0xA8A7, 0xA8A7,
    0xA8A7, 0xA8A7, 0xA8A7, 0xA8A7, 0xA8A7, 0xA8A7, 0xA8A7, 0xA8A7, 0xA8A7, 0xA8A7, 0xA8A7, 0xA8A7,
    0xB0A7, 0xB8A8, 0xB0A7, 0x9886, 0x8065, 0x6064, 0x3022, 0x0000, 0x0000, 0x0000, 0x0000, 0x0000,
    0x0000, 0x0000, 0x0000, 0x0000, 0x0000, 0x0000, 0x0000, 0x0000, 0x0000, 0x0000, 0x0000, 0x0000,
    0x0000, 0x0000, 0x0000, 0x0000, 0x0000, 0x0000, 0x0000, 0x0000, 0x0000, 0x0000, 0x0000, 0x0000,
    0x0000, 0x0000, 0x0000, 0x0000, 0x0000, 0x0000, 0x0000, 0x0000, 0x0000, 0x0000, 0x0000, 0x0000,
    0x0000, 0x0000, 0x0000, 0x0000, 0x0000, 0x0000, 0x0000, 0x0000, 0x0000, 0x0000, 0x0000, 0x0000,
    0x0000, 0x0000, 0x0000, 0x0000, 0x0000, 0x0000, 0x0000, 0x0000, 0x0000, 0x0000, 0x0000, 0x0000,
    0x0000, 0x0000, 0x0000, 0x0000, 0x0000, 0x0000, 0x0000, 0x0000, 0x0000, 0x0000, 0x0000, 0x0000,
    0x0000, 0x0000, 0x0000, 0x0000, 0x0000, 0x0000, 0x0000, 0x0000, 0x0000, 0x0000, 0x0000, 0x0000,
    0x0000, 0x0000, 0x0000, 0x0000, 0x0000, 0x0000, 0x0000, 0x0000, 0x0000, 0x0000, 0x0000, 0x0000,
    0x0000, 0x0000, 0x0000, 0x0000, 0x0000, 0x0000, 0x0000, 0x0000, 0x0000, 0x0000, 0x0000, 0x0000,
    0x0000, 0x0000, 0x0000, 0x0000, 0x0000, 0x0000, 0x0000, 0x0000, 0x0000, 0x0000, 0x0000, 0x0000,
    0x0000, 0x0000, 0x0000, 0x0000, 0x0000, 0x0000, 0x0000, 0x0000, 0x0000, 0x1821, 0x5863, 0x8884,
    0xB0C6, 0xD0E7, 0xE908, 0xE908, 0xD907, 0xD0E7, 0xD0E7, 0xD8E7, 0xD8E7, 0xD8E7, 0xD8E7, 0xD8E7,
    0xD8E7, 0xD8E7, 0xD8E7, 0xD8E7, 0xD8E7, 0xD8E7, 0xD8E7, 0xD8E7, 0xD8E7, 0xD8E7, 0xD8E7, 0xD8E7,
    0xD8E7, 0xD8E7, 0xD8E7, 0xD8E7, 0xD8E7, 0xD8E7, 0xD8E7, 0xD8E7, 0xD8E7, 0xD8E7, 0xD8E7, 0xD8E7,
    0xD8E7, 0xD8E7, 0xD8E7, 0xD8E7, 0xD8E7, 0xD8E7, 0xD8E7, 0xD8E7, 0xD8E7, 0xD8E7, 0xD8E7, 0xD8E7,
    0xD8E7, 0xD8E7, 0xD8E7, 0xD8E7, 0xD8E7, 0xD8E7, 0xD8E7, 0xD8E7, 0xD8E7, 0xD8E7, 0xD8E7, 0xD8E7,
    0xD8E7, 0xD8E7, 0xD8E7, 0xD8E7, 0xD8E7, 0xD8E7, 0x6063, 0x0000, 0x0000, 0x0000, 0x0000, 0x0000,
    0x0000, 0x6044, 0xA8A7, 0xA8A7, 0xA8A7, 0xA8A7, 0xA8A7, 0xA8A7, 0xA8A7, 0xA8A7, 0xA8A7, 0xA8A7,
    0xA8A7, 0xA8A7, 0xA8A7, 0xA8A7, 0xA8A7, 0xA8A7, 0xA8A7, 0xA8A7, 0xA8A7, 0xB0A8, 0xB8A8, 0xB0A7,
    0x9086, 0x7865, 0x5843, 0x2821, 0x0000, 0x0000, 0x0000, 0x0000, 0x0000, 0x0000, 0x0000, 0x0000,
    0x0000, 0x0000, 0x0000, 0x0000, 0x0000, 0x0000, 0x0000, 0x0000, 0x0000, 0x0000, 0x0000, 0x0000,
    0x0000, 0x0000, 0x0000, 0x0000, 0x0000, 0x0000, 0x0000, 0x0000, 0x0000, 0x0000, 0x0000, 0x0000,
    0x0000, 0x0000, 0x0000, 0x0000, 0x0000, 0x0000, 0x0000, 0x0000, 0x0000, 0x0000, 0x0000, 0x0000,
    0x0000, 0x0000, 0x0000, 0x0000, 0x0000, 0x0000, 0x0000, 0x0000, 0x0000, 0x0000, 0x0000, 0x0000,
    0x0000, 0x0000, 0x0000, 0x0000, 0x0000, 0x0000, 0x0000, 0x0000, 0x0000, 0x0000, 0x0000, 0x0000,
    0x0000, 0x0000, 0x0000, 0x0000, 0x0000, 0x0000, 0x0000, 0x0000, 0x0000, 0x0000, 0x0000, 0x0000,
    0x0000, 0x0000, 0x0000, 0x0000, 0x0000, 0x0000, 0x0000, 0x0000, 0x0000, 0x0000, 0x0000, 0x0000,
    0x0000, 0x0000, 0x0000, 0x0000, 0x0000, 0x0000, 0x0000, 0x0000, 0x0000, 0x0000, 0x0000, 0x0000,
    0x0000, 0x0000, 0x0000, 0x0000, 0x0000, 0x0000, 0x0000, 0x0000, 0x0000, 0x0000, 0x0000, 0x0000,
    0x0000, 0x0000, 0x0000, 0x0000, 0x0000, 0x0000, 0x0000, 0x0000, 0x0000, 0x0000, 0x0000, 0x0000,
    0x0000, 0x0000, 0x0000, 0x0000, 0x0000, 0x0000, 0x0000, 0x0000, 0x0000, 0x0000, 0x0000, 0x0000,
    0x1801, 0x4842, 0x8084, 0xA0A5, 0xC8E7, 0xE908, 0xE908, 0xD907, 0xD0E7, 0xD0E7, 0xD8E7, 0xD8E7,
    0xD8E7, 0xD8E7, 0xD8E7, 0xD8E7, 0xD8E7, 0xD8E7, 0xD8E7, 0xD8E7, 0xD8E7, 0xD8E7, 0xD8E7, 0xD8E7,
    0xD8E7, 0xD8E7, 0xD8E7, 0xD8E7, 0xD8E7, 0xD8E7, 0xD8E7, 0xD8E7, 0xD8E7, 0xD8E7, 0xD8E7, 0xD8E7,
    0xD8E7, 0xD8E7, 0xD8E7, 0xD8E7, 0xD8E7, 0xD8E7, 0xD8E7, 0xD8E7, 0xD8E7, 0xD8E7, 0xD8E7, 0xD8E7,
    0xD8E7, 0xD8E7, 0xD8E7, 0xD8E7, 0xD8E7, 0xD8E7, 0xD8E7, 0xD8E7, 0xD8E7, 0xD8E7, 0xD8E7, 0xD8E7,
    0xD8E7, 0xD8E7, 0xD8E7, 0xD8E7, 0xD907, 0xA8A6, 0x0000, 0x0000, 0x0000, 0x0000, 0x0000, 0x0000,
    0x1000, 0x8886, 0xB0A8, 0xA8A7, 0xA8A7, 0xA8A7, 0xA8A7, 0xA8A7, 0xA8A7, 0xA8A7, 0xA8A7, 0xA8A7,
    0xA8A7, 0xA8A7, 0xA8A7, 0xA8A7, 0xA8A7, 0xA8A7, 0xB0A8, 0xB8A8, 0xA8A7, 0x8886, 0x6864, 0x4843,
    0x2021, 0x0000, 0x0000, 0x0000, 0x0000, 0x0000, 0x0000, 0x0000, 0x0000, 0x0000, 0x0000, 0x0000,
    0x0000, 0x0000, 0x0000, 0x0000, 0x0000, 0x0000, 0x0000, 0x0000, 0x0000, 0x0000, 0x0000, 0x0000,
    0x0000, 0x0000, 0x0000, 0x0000, 0x0000, 0x0000, 0x0000, 0x0000, 0x0000, 0x0000, 0x0000, 0x0000,
    0x0000, 0x0000, 0x0000, 0x0000, 0x0000, 0x0000, 0x0000, 0x0000, 0x0000, 0x0000, 0x0000, 0x0000,
    0x0000, 0x0000, 0x0000, 0x0000, 0x0000, 0x0000, 0x0000, 0x0000, 0x0000, 0x0000, 0x0000, 0x0000,
    0x0000, 0x0000, 0x0000, 0x0000, 0x0000, 0x0000, 0x0000, 0x0000, 0x0000, 0x0000, 0x0000, 0x0000,
    0x0000, 0x0000, 0x0000, 0x0000, 0x0000, 0x0000, 0x0000, 0x0000, 0x0000, 0x0000, 0x0000, 0x0000,
    0x0000, 0x0000, 0x0000, 0x0000, 0x0000, 0x0000, 0x0000, 0x0000, 0x0000, 0x0000, 0x0000, 0x0000,
    0x0000, 0x0000, 0x0000, 0x0000, 0x0000, 0x0000, 0x0000, 0x0000, 0x0000, 0x0000, 0x0000, 0x0000,
    0x0000, 0x0000, 0x0000, 0x0000, 0x0000, 0x0000, 0x0000, 0x0000, 0x0000, 0x0000, 0x0000, 0x0000,
    0x0000, 0x0000, 0x0000, 0x0000, 0x0000, 0x0000, 0x0000, 0x0000, 0x0000, 0x0000, 0x0000, 0x0000,
    0x0000, 0x0000, 0x0000, 0x0000, 0x0000, 0x0000, 0x0000, 0x0000, 0x0000, 0x0000, 0x0000, 0x0000,
    0x0000, 0x0000, 0x0000, 0x1000, 0x4042, 0x6863, 0x90A5, 0xC0E6, 0xE908, 0xE908, 0xD907, 0xD0E7,
    0xD0E7, 0xD8E7, 0xD8E7, 0xD8E7, 0xD8E7, 0xD8E7, 0xD8E7, 0xD8E7, 0xD8E7, 0xD8E7, 0xD8E7, 0xD8E7,
    0xD8E7, 0xD8E7, 0xD8E7, 0xD8E7, 0xD8E7, 0xD8E7, 0xD8E7, 0xD8E7, 0xD8E7, 0xD8E7, 0xD8E7, 0xD8E7,
    0xD8E7, 0xD8E7, 0xD8E7, 0xD8E7, 0xD8E7, 0xD8E7, 0xD8E7, 0xD8E7, 0xD8E7, 0xD8E7, 0xD8E7, 0xD8E7,
    0xD8E7, 0xD8E7, 0xD8E7, 0xD8E7, 0xD8E7, 0xD8E7, 0xD8E7, 0xD8E7, 0xD8E7, 0xD8E7, 0xD8E7, 0xD8E7,
    0xD8E7, 0xD8E7, 0xD8E7, 0xD8E7, 0xD0E7, 0x3021, 0x0000, 0x0000, 0x0000, 0x0000, 0x0000, 0x0000,
    0x5043, 0xA8A7, 0xA8A7, 0xA8A7, 0xA8A7, 0xA8A7, 0xA8A7, 0xA8A7, 0xA8A7, 0xA8A7, 0xA8A7, 0xA8A7,
    0xA8A7, 0xA8A7, 0xA8A7, 0xB0A8, 0xC0C8, 0xA8A7, 0x8065, 0x6044, 0x4022, 0x1801, 0x0000, 0x0000,
    0x0000, 0x0000, 0x0000, 0x0000, 0x0000, 0x0000, 0x0000, 0x0000, 0x0000, 0x0000, 0x0000, 0x0000,
    0x0000, 0x0000, 0x0000, 0x0000, 0x0000, 0x0000, 0x0000, 0x0000, 0x0000, 0x0000, 0x0000, 0x0000,
    0x0000, 0x0000, 0x0000, 0x0000, 0x0000, 0x0000, 0x0000, 0x0000, 0x0000, 0x0000, 0x0000, 0x0000,
    0x0000, 0x0000, 0x0000, 0x0000, 0x0000, 0x0000, 0x0000, 0x0000, 0x0000, 0x0000, 0x0000, 0x0000,
    0x0000, 0x0000, 0x0000, 0x0000, 0x0000, 0x0000, 0x0000, 0x0000, 0x0000, 0x0000, 0x0000, 0x0000,
    0x0000, 0x0000, 0x0000, 0x0000, 0x0000, 0x0000, 0x0000, 0x0000, 0x0000, 0x0000, 0x0000, 0x0000,
    0x0000, 0x0000, 0x0000, 0x0000, 0x0000, 0x0000, 0x0000, 0x0000, 0x0000, 0x0000, 0x0000, 0x0000,
    0x0000, 0x0000, 0x0000, 0x0000, 0x0000, 0x0000, 0x0000, 0x0000, 0x0000, 0x0000, 0x0000, 0x0000,
    0x0000, 0x0000, 0x0000, 0x0000, 0x0000, 0x0000, 0x0000, 0x0000, 0x0000, 0x0000, 0x0000, 0x0000,
    0x0000, 0x0000, 0x0000, 0x0000, 0x0000, 0x0000, 0x0000, 0x0000, 0x0000, 0x0000, 0x0000, 0x0000,
    0x0000, 0x0000, 0x0000, 0x0000, 0x0000, 0x0000, 0x0000, 0x0000, 0x0000, 0x0000, 0x0000, 0x0000,
    0x0000, 0x0000, 0x0000, 0x0000, 0x0000, 0x0000, 0x0000, 0x0000, 0x0000, 0x0000, 0x0000, 0x0000,
    0x0000, 0x0000, 0x0000, 0x0000, 0x0000, 0x0000, 0x0800, 0x3021, 0x5863, 0x8884, 0xB8C6, 0xE108,
    0xE908, 0xD907, 0xD0E7, 0xD0E7, 0xD8E7, 0xD8E7, 0xD8E7, 0xD8E7, 0xD8E7, 0xD8E7, 0xD8E7, 0xD8E7,
    0xD8E7, 0xD8E7, 0xD8E7, 0xD8E7, 0xD8E7, 0xD8E7, 0xD8E7, 0xD8E7, 0xD8E7, 0xD8E7, 0xD8E7, 0xD8E7,
    0xD8E7, 0xD8E7, 0xD8E7, 0xD8E7, 0xD8E7, 0xD8E7, 0xD8E7, 0xD8E7, 0xD8E7, 0xD8E7, 0xD8E7, 0xD8E7,
    0xD8E7, 0xD8E7, 0xD8E7, 0xD8E7, 0xD8E7, 0xD8E7, 0xD8E7, 0xD8E7, 0xD8E7, 0xD8E7, 0xD8E7, 0xD8E7,
    0xD8E7, 0xD8E7, 0xD8E7, 0xE108, 0x6863, 0x0000, 0x0000, 0x0000, 0x0000, 0x0000, 0x0000, 0x1801,
    0x8886, 0xB0A8, 0xA8A7, 0xA8A7, 0xA8A7, 0xA8A7, 0xA8A7, 0xA8A7, 0xA8A7, 0xA8A7, 0xA8A7, 0xA8A7,
    0xB0A8, 0xB8A8, 0xA0A7, 0x7865, 0x5843, 0x3022, 0x1000, 0x0000, 0x0000, 0x0000, 0x0000, 0x0000,
    0x0000, 0x0000, 0x0000, 0x0000, 0x0000, 0x0000, 0x0000, 0x0000, 0x0000, 0x0000, 0x0000, 0x0000,
    0x0000, 0x0000, 0x0000, 0x0000, 0x0000, 0x0000, 0x0000, 0x0000, 0x0000, 0x0000, 0x0000, 0x0000,
    0x0000, 0x0000, 0x0000, 0x0000, 0x0000, 0x0000, 0x0000, 0x0000, 0x0000, 0x0000, 0x0000, 0x0000,
    0x0000, 0x0000, 0x0000, 0x0000, 0x0000, 0x0000, 0x0000, 0x0000, 0x0000, 0x0000, 0x0000, 0x0000,
    0x0000, 0x0000, 0x0000, 0x0000, 0x0000, 0x0000, 0x0000, 0x0000, 0x0000, 0x0000, 0x0000, 0x0000,
    0x0000, 0x0000, 0x0000, 0x0000, 0x0000, 0x0000, 0x0000, 0x0000, 0x0000, 0x0000, 0x0000, 0x0000,
    0x0000, 0x0000, 0x0000, 0x0000, 0x0000, 0x0000, 0x0000, 0x0000, 0x0000, 0x0000, 0x0000, 0x0000,
    0x0000, 0x0000, 0x0000, 0x0000, 0x0000, 0x0000, 0x0000, 0x0000, 0x0000, 0x0000, 0x0000, 0x0000,
    0x0000, 0x0000, 0x0000, 0x0000, 0x0000, 0x0000, 0x0000, 0x0000, 0x0000, 0x0000, 0x0000, 0x0000,
    0x0000, 0x0000, 0x0000, 0x0000, 0x0000, 0x0000, 0x0000, 0x0000, 0x0000, 0x0000, 0x0000, 0x0000,
    0x0000, 0x0000, 0x0000, 0x0000, 0x0000, 0x0000, 0x0000, 0x0000, 0x0000, 0x0000, 0x0000, 0x0000,
    0x0000, 0x0000, 0x0000, 0x0000, 0x0000, 0x0000, 0x0000, 0x0000, 0x0000, 0x0000, 0x0000, 0x0000,
    0x0000, 0x0000, 0x0000, 0x0000, 0x0000, 0x0000, 0x0000, 0x0000, 0x0000, 0x0800, 0x2821, 0x4842,
    0x7884, 0xB0C6, 0xE908, 0xE908, 0xD907, 0xD0E7, 0xD0E7, 0xD8E7, 0xD8E7, 0xD8E7, 0xD8E7, 0xD8E7,
    0xD8E7, 0xD8E7, 0xD8E7, 0xD8E7, 0xD8E7, 0xD8E7, 0xD8E7, 0xD8E7, 0xD8E7, 0xD8E7, 0xD8E7, 0xD8E7,
    0xD8E7, 0xD8E7, 0xD8E7, 0xD8E7, 0xD8E7, 0xD8E7, 0xD8E7, 0xD8E7, 0xD8E7, 0xD8E7, 0xD8E7, 0xD8E7,
    0xD8E7, 0xD8E7, 0xD8E7, 0xD8E7, 0xD8E7, 0xD8E7, 0xD8E7, 0xD8E7, 0xD8E7, 0xD8E7, 0xD8E7, 0xD8E7,
    0xD8E7, 0xD8E7, 0xE108, 0x8884, 0x0000, 0x0000, 0x0000, 0x0000, 0x0000, 0x0000, 0x0000, 0x6044,
    0xB0A7, 0xA8A7, 0xA8A7, 0xA8A7, 0xA8A7, 0xA8A7, 0xA8A7, 0xA8A7, 0xA8A7, 0xB0A8, 0xB8A8, 0x9886,
    0x7065, 0x4843, 0x2821, 0x1000, 0x0000, 0x0000, 0x0000, 0x0000, 0x0000, 0x0000, 0x0000, 0x0000,
    0x0000, 0x0000, 0x0000, 0x0000, 0x0000, 0x0000, 0x0000, 0x0000, 0x0000, 0x0000, 0x0000, 0x0000,
    0x0000, 0x0000, 0x0000, 0x0000, 0x0000, 0x0000, 0x0000, 0x0000, 0x0000, 0x0000, 0x0000, 0x0000,
    0x0000, 0x0000, 0x0000, 0x0000, 0x0000, 0x0000, 0x0000, 0x0000, 0x0000, 0x0000, 0x0000, 0x0000,
    0x0000, 0x0000, 0x0000, 0x0000, 0x0000, 0x0000, 0x0000, 0x0000, 0x0000, 0x0000, 0x0000, 0x0000,
    0x0000, 0x0000, 0x0000, 0x0000, 0x0000, 0x0000, 0x0000, 0x0000, 0x0000, 0x0000, 0x0000, 0x0000,
    0x0000, 0x0000, 0x0000, 0x0000, 0x0000, 0x0000, 0x0000, 0x0000, 0x0000, 0x0000, 0x0000, 0x0000,
    0x0000, 0x0000, 0x0000, 0x0000, 0x0000, 0x0000, 0x0000, 0x0000, 0x0000, 0x0000, 0x0000, 0x0000,
    0x0000, 0x0000, 0x0000, 0x0000, 0x0000, 0x0000, 0x0000, 0x0000, 0x0000, 0x0000, 0x0000, 0x0000,
    0x0000, 0x0000, 0x0000, 0x0000, 0x0000, 0x0000, 0x0000, 0x0000, 0x0000, 0x0000, 0x0000, 0x0000,
    0x0000, 0x0000, 0x0000, 0x0000, 0x0000, 0x0000, 0x0000, 0x0000, 0x0000, 0x0000, 0x0000, 0x0000,
    0x0000, 0x0000, 0x0000, 0x0000, 0x0000, 0x0000, 0x0000, 0x0000, 0x0000, 0x0000, 0x0000, 0x0000,
    0x0000, 0x0000, 0x0000, 0x0000, 0x0000, 0x0000, 0x0000, 0x0000, 0x0000, 0x0000, 0x0000, 0x0000,
    0x0000, 0x0000, 0x0000, 0x0000, 0x0000, 0x0000, 0x0000, 0x0000, 0x0000, 0x0000, 0x0000, 0x0000,
    0x0000, 0x2021, 0x3842, 0x7064, 0xA8C6, 0xE108, 0xE908, 0xE107, 0xD0E7, 0xD0E7, 0xD8E7, 0xD8E7,
    0xD8E7, 0xD8E7, 0xD8E7, 0xD8E7, 0xD8E7, 0xD8E7, 0xD8E7, 0xD8E7, 0xD8E7, 0xD8E7, 0xD8E7, 0xD8E7,
    0xD8E7, 0xD8E7, 0xD8E7, 0xD8E7, 0xD8E7, 0xD8E7, 0xD8E7, 0xD8E7, 0xD8E7, 0xD8E7, 0xD8E7, 0xD8E7,
    0xD8E7, 0xD8E7, 0xD8E7, 0xD8E7, 0xD8E7, 0xD8E7, 0xD8E7, 0xD8E7, 0xD8E7, 0xD8E7, 0xD8E7, 0xD8E7,
    0xD8E7, 0xE0E8, 0xA8C6, 0x1000, 0x0000, 0x0000, 0x0000, 0x0000, 0x0000, 0x0000, 0x3822, 0xA8A7,
    0xB0A7, 0xA8A7, 0xA8A7, 0xA8A7, 0xA8A7, 0xA8A7, 0xB0A8, 0xB8A8, 0x9886, 0x6844, 0x3842, 0x2021,
    0x0800, 0x0000, 0x0000, 0x0000, 0x0000, 0x0000, 0x0000, 0x0000, 0x0000, 0x0000, 0x0000, 0x0000,
    0x0000, 0x0000, 0x0000, 0x0000, 0x0000, 0x0000, 0x0000, 0x0000, 0x0000, 0x0000, 0x0000, 0x0000,
    0x0000, 0x0000, 0x0000, 0x0000, 0x0000, 0x0000, 0x0000, 0x0000, 0x0000, 0x0000, 0x0000, 0x0000,
    0x0000, 0x0000, 0x0000, 0x0000, 0x0000, 0x0000, 0x0000, 0x0000, 0x0000, 0x0000, 0x0000, 0x0000,
    0x0000, 0x0000, 0x0000, 0x0000, 0x0000, 0x0000, 0x0000, 0x0000, 0x0000, 0x0000, 0x0000, 0x0000,
    0x0000, 0x0000, 0x0000, 0x0000, 0x0000, 0x0000, 0x0000, 0x0000, 0x0000, 0x0000, 0x0000, 0x0000,
    0x0000, 0x0000, 0x0000, 0x0000, 0x0000, 0x0000, 0x0000, 0x0000, 0x0000, 0x0000, 0x0000, 0x0000,
    0x0000, 0x0000, 0x0000, 0x0000, 0x0000, 0x0000, 0x0000, 0x0000, 0x0000, 0x0000, 0x0000, 0x0000,
    0x0000, 0x0000, 0x0000, 0x0000, 0x0000, 0x0000, 0x0000, 0x0000, 0x0000, 0x0000, 0x0000, 0x0000,
    0x0000, 0x0000, 0x0000, 0x0000, 0x0000, 0x0000, 0x0000, 0x0000, 0x0000, 0x0000, 0x0000, 0x0000,
    0x0000, 0x0000, 0x0000, 0x0000, 0x0000, 0x0000, 0x0000, 0x0000, 0x0000, 0x0000, 0x0000, 0x0000,
    0x0000, 0x0000, 0x0000, 0x0000, 0x0000, 0x0000, 0x0000, 0x0000, 0x0000, 0x0000, 0x0000, 0x0000,
    0x0000, 0x0000, 0x0000, 0x0000, 0x0000, 0x0000, 0x0000, 0x0000, 0x0000, 0x0000, 0x0000, 0x0000,
    0x0000, 0x0000, 0x0000, 0x0000, 0x0000, 0x0000, 0x0000, 0x0000, 0x0000, 0x0000, 0x0000, 0x0000,
    0x0000, 0x0000, 0x0000, 0x0000, 0x1800, 0x2821, 0x6063, 0xA0A5, 0xD8E7, 0xE908, 0xD907, 0xD8E7,
    0xD0E7, 0xD8E7, 0xD8E7, 0xD8E7, 0xD8E7, 0xD8E7, 0xD8E7, 0xD8E7, 0xD8E7, 0xD8E7, 0xD8E7, 0xD8E7,
    0xD8E7, 0xD8E7, 0xD8E7, 0xD8E7, 0xD8E7, 0xD8E7, 0xD8E7, 0xD8E7, 0xD8E7, 0xD8E7, 0xD8E7, 0xD8E7,
    0xD8E7, 0xD8E7, 0xD8E7, 0xD8E7, 0xD8E7, 0xD8E7, 0xD8E7, 0xD8E7, 0xD8E7, 0xD8E7, 0xD8E7, 0xD8E7,
    0xE108, 0xB0C6, 0x1821, 0x0000, 0x0000, 0x0000, 0x0000, 0x0000, 0x0000, 0x2021, 0x9086, 0xB0A7,
    0xA8A7, 0xA8A7, 0xA8A7, 0xB0A8, 0xB0A8, 0x9086, 0x5844, 0x2822, 0x1801, 0x0000, 0x0000, 0x0000,
    0x0000, 0x0000, 0x0000, 0x0000, 0x0000, 0x0000, 0x0000, 0x0000, 0x0000, 0x0000, 0x0000, 0x0000,
    0x0000, 0x0000, 0x0000, 0x0000, 0x0000, 0x0000, 0x0000, 0x0000, 0x0000, 0x0000, 0x0000, 0x0000,
    0x0000, 0x0000, 0x0000, 0x0000, 0x0000, 0x0000, 0x0000, 0x0000, 0x0000, 0x0000, 0x0000, 0x0000,
    0x0000, 0x0000, 0x0000, 0x0000, 0x0000, 0x0000, 0x0000, 0x0000, 0x0000, 0x0000, 0x0000, 0x0000,
    0x0000, 0x0000, 0x0000, 0x0000, 0x0000, 0x0000, 0x0000, 0x0000, 0x0000, 0x0000, 0x0000, 0x0000,
    0x0000, 0x0000, 0x0000, 0x0000, 0x0000, 0x0000, 0x0000, 0x0000, 0x0000, 0x0000, 0x0000, 0x0000,
    0x0000, 0x0000, 0x0000, 0x0000, 0x0000, 0x0000, 0x0000, 0x0000, 0x0000, 0x0000, 0x0000, 0x0000,
    0x0000, 0x0000, 0x0000, 0x0000, 0x0000, 0x0000, 0x0000, 0x0000, 0x0000, 0x0000, 0x0000, 0x0000,
    0x0000, 0x0000, 0x0000, 0x0000, 0x0000, 0x0000, 0x0000, 0x0000, 0x0000, 0x0000, 0x0000, 0x0000,
    0x0000, 0x0000, 0x0000, 0x0000, 0x0000, 0x0000, 0x0000, 0x0000, 0x0000, 0x0000, 0x0000, 0x0000,
    0x0000, 0x0000, 0x0000, 0x0000, 0x0000, 0x0000, 0x0000, 0x0000, 0x0000, 0x0000, 0x0000, 0x0000,
    0x0000, 0x0000, 0x0000, 0x0000, 0x0000, 0x0000, 0x0000, 0x0000, 0x0000, 0x0000, 0x0000, 0x0000,
    0x0000, 0x0000, 0x0000, 0x0000, 0x0000, 0x0000, 0x0000, 0x0000, 0x0000, 0x0000, 0x0000, 0x0000,
    0x0000, 0x0000, 0x0000, 0x0000, 0x0000, 0x0000, 0x0000, 0x0000, 0x0000, 0x0000, 0x0000, 0x0000,
    0x0000, 0x0000, 0x0000, 0x0000, 0x0000, 0x0000, 0x0000, 0x1000, 0x2021, 0x5063, 0x98A5, 0xD0E7,
    0xE108, 0xD907, 0xD8E7, 0xD8E7, 0xD8E7, 0xD8E7, 0xD8E7, 0xD8E7, 0xD8E7, 0xD8E7, 0xD8E7, 0xD8E7,
    0xD8E7, 0xD8E7, 0xD8E7, 0xD8E7, 0xD8E7, 0xD8E7, 0xD8E7, 0xD8E7, 0xD8E7, 0xD8E7, 0xD8E7, 0xD8E7,
    0xD8E7, 0xD8E7, 0xD8E7, 0xD8E7, 0xD8E7, 0xD8E7, 0xD8E7, 0xD8E7, 0xD8E7, 0xD8E7, 0xD0E7, 0xE108,
    0xB0C6, 0x2021, 0x0000, 0x0000, 0x0000, 0x0000, 0x0000, 0x0000, 0x1000, 0x8065, 0xB0A8, 0xA8A7,
    0xB0A7, 0xB0A7, 0x8885, 0x5043, 0x2001, 0x1000, 0x0000, 0x0000, 0x0000, 0x0000, 0x0000, 0x0000,
    0x0000, 0x0000, 0x0000, 0x0000, 0x0000, 0x0000, 0x0000, 0x0000, 0x0000, 0x0000, 0x0000, 0x0000,
    0x0000, 0x0000, 0x0000, 0x0000, 0x0000, 0x0000, 0x0000, 0x0000, 0x0000, 0x0000, 0x0000, 0x0000,
    0x0000, 0x0000, 0x0000, 0x0000, 0x0000, 0x0000, 0x0000, 0x0000, 0x0000, 0x0000, 0x0000, 0x0000,
    0x0000, 0x0000, 0x0000, 0x0000, 0x0000, 0x0000, 0x0000, 0x0000, 0x0000, 0x0000, 0x0000, 0x0000,
    0x0000, 0x0000, 0x0000, 0x0000, 0x0000, 0x0000, 0x0000, 0x0000, 0x0000, 0x0000, 0x0000, 0x0000,
    0x0000, 0x0000, 0x0000, 0x0000, 0x0000, 0x0000, 0x0000, 0x0000, 0x0000, 0x0000, 0x0000, 0x0000,
    0x0000, 0x0000, 0x0000, 0x0000, 0x0000, 0x0000, 0x0000, 0x0000, 0x0000, 0x0000, 0x0000, 0x0000,
    0x0000, 0x0000, 0x0000, 0x0000, 0x0000, 0x0000, 0x0000, 0x0000, 0x0000, 0x0000, 0x0000, 0x0000,
    0x0000, 0x0000, 0x0000, 0x0000, 0x0000, 0x0000, 0x0000, 0x0000, 0x0000, 0x0000, 0x0000, 0x0000,
    0x0000, 0x0000, 0x0000, 0x0000, 0x0000, 0x0000, 0x0000, 0x0000, 0x0000, 0x0000, 0x0000, 0x0000,
    0x0000, 0x0000, 0x0000, 0x0000, 0x0000, 0x0000, 0x0000, 0x0000, 0x0000, 0x0000, 0x0000, 0x0000,
    0x0000, 0x0000, 0x0000, 0x0000, 0x0000, 0x0000, 0x0000, 0x0000, 0x0000, 0x0000, 0x0000, 0x0000,
    0x0000, 0x0000, 0x0000, 0x0000, 0x0000, 0x0000, 0x0000, 0x0000, 0x0000, 0x0000, 0x0000, 0x0000,
    0x0000, 0x0000, 0x0000, 0x0000, 0x0000, 0x0000, 0x0000, 0x0000, 0x0000, 0x0000, 0x0000, 0x0000,
    0x0000, 0x0000, 0x0000, 0x0000, 0x0000, 0x0000, 0x0000, 0x0000, 0x0000, 0x0000, 0x0800, 0x1000,
    0x4842, 0x90A5, 0xD0E7, 0xE108, 0xD8E7, 0xD8E7, 0xD8E7, 0xD8E7, 0xD8E7, 0xD8E7, 0xD8E7, 0xD8E7,
    0xD8E7, 0xD8E7, 0xD8E7, 0xD8E7, 0xD8E7, 0xD8E7, 0xD8E7, 0xD8E7, 0xD8E7, 0xD8E7, 0xD8E7, 0xD8E7,
    0xD8E7, 0xD8E7, 0xD8E7, 0xD8E7, 0xD8E7, 0xD8E7, 0xD8E7, 0xD8E7, 0xD8E7, 0xD8E7, 0xE108, 0x98A5,
    0x1820, 0x0000, 0x0000, 0x0000, 0x0000, 0x0000, 0x0000, 0x1001, 0x8885, 0xB0A7, 0xA8A7, 0x8065,
    0x4843, 0x1801, 0x0800, 0x0000, 0x0000, 0x0000, 0x0000, 0x0000, 0x0000, 0x0000, 0x0000, 0x0000,
    0x0000, 0x0000, 0x0000, 0x0000, 0x0000, 0x0000, 0x0000, 0x0000, 0x0000, 0x0000, 0x0000, 0x0000,
    0x0000, 0x0000, 0x0000, 0x0000, 0x0000, 0x0000, 0x0000, 0x0000, 0x0000, 0x0000, 0x0000, 0x0000,
    0x0000, 0x0000, 0x0000, 0x0000, 0x0000, 0x0000, 0x0000, 0x0000, 0x0000, 0x0000, 0x0000, 0x0000,
    0x0000, 0x0000, 0x0000, 0x0000, 0x0000, 0x0000, 0x0000, 0x0000, 0x0000, 0x0000, 0x0000, 0x0000,
    0x0000, 0x0000, 0x0000, 0x0000, 0x0000, 0x0000, 0x0000, 0x0000, 0x0000, 0x0000, 0x0000, 0x0000,
    0x0000, 0x0000, 0x0000, 0x0000, 0x0000, 0x0000, 0x0000, 0x0000, 0x0000, 0x0000, 0x0000, 0x0000,
    0x0000, 0x0000, 0x0000, 0x0000, 0x0000, 0x0000, 0x0000, 0x0000, 0x0000, 0x0000, 0x0000, 0x0000,
    0x0000, 0x0000, 0x0000, 0x0000, 0x0000, 0x0000, 0x0000, 0x0000, 0x0000, 0x0000, 0x0000, 0x0000,
    0x0000, 0x0000, 0x0000, 0x0000, 0x0000, 0x0000, 0x0000, 0x0000, 0x0000, 0x0000, 0x0000, 0x0000,
    0x0000, 0x0000, 0x0000, 0x0000, 0x0000, 0x0000, 0x0000, 0x0000, 0x0000, 0x0000, 0x0000, 0x0000,
    0x0000, 0x0000, 0x0000, 0x0000, 0x0000, 0x0000, 0x0000, 0x0000, 0x0000, 0x0000, 0x0000, 0x0000,
    0x0000, 0x0000, 0x0000, 0x0000, 0x0000, 0x0000, 0x0000, 0x0000, 0x0000, 0x0000, 0x0000, 0x0000,
    0x0000, 0x0000, 0x0000, 0x0000, 0x0000, 0x0000, 0x0000, 0x0000, 0x0000, 0x0000, 0x0000, 0x0000,
    0x0000, 0x0000, 0x0000, 0x0000, 0x0000, 0x0000, 0x0000, 0x0000, 0x0000, 0x0000, 0x0000, 0x0000,
    0x0000, 0x0000, 0x0000, 0x0000, 0x0000, 0x0000, 0x0000, 0x0000, 0x0000, 0x0000, 0x0000, 0x0000,
    0x0000, 0x0000, 0x0800, 0x3842, 0x8084, 0xC0C6, 0xD8E7, 0xD8E7, 0xD8E7, 0xD8E7, 0xD8E7, 0xD8E7,
    0xD8E7, 0xD8E7, 0xD8E7, 0xD8E7, 0xD8E7, 0xD8E7, 0xD8E7, 0xD8E7, 0xD8E7, 0xD8E7, 0xD8E7, 0xD8E7,
    0xD8E7, 0xD8E7, 0xD8E7, 0xD8E7, 0xD8E7, 0xD8E7, 0xD8E7, 0xD8E7, 0xD8E7, 0xD8E7, 0x6863, 0x0000,
    0x0000, 0x0000, 0x0000, 0x0000, 0x0000, 0x0000, 0x2822, 0x8886, 0x7865, 0x4042, 0x1000, 0x0000,
    0x0000, 0x0000, 0x0000, 0x0000, 0x0000, 0x0000, 0x0000, 0x0000, 0x0000, 0x0000, 0x0000, 0x0000,
    0x0000, 0x0000, 0x0000, 0x0000, 0x0000, 0x0000, 0x0000, 0x0000, 0x0000, 0x0000, 0x0000, 0x0000,
    0x0000, 0x0000, 0x0000, 0x0000, 0x0000, 0x0000, 0x0000, 0x0000, 0x0000, 0x0000, 0x0000, 0x0000,
    0x0000, 0x0000, 0x0000, 0x0000, 0x0000, 0x0000, 0x0000, 0x0000, 0x0000, 0x0000, 0x0000, 0x0000,
    0x0000, 0x0000, 0x0000, 0x0000, 0x0000, 0x0000, 0x0000, 0x0000, 0x0000, 0x0000, 0x0000, 0x0000,
    0x0000, 0x0000, 0x0000, 0x0000, 0x0000, 0x0000, 0x0000, 0x0000, 0x0000, 0x0000, 0x0000, 0x0000,
    0x0000, 0x0000, 0x0000, 0x0000, 0x0000, 0x0000, 0x0000, 0x0000, 0x0000, 0x0000, 0x0000, 0x0000,
    0x0000, 0x0000, 0x0000, 0x0000, 0x0000, 0x0000, 0x0000, 0x0000, 0x0000, 0x0000, 0x0000, 0x0000,
    0x0000, 0x0000, 0x0000, 0x0000, 0x0000, 0x0000, 0x0000, 0x0000, 0x0000, 0x0000, 0x0000, 0x0000,
    0x0000, 0x0000, 0x0000, 0x0000, 0x0000, 0x0000, 0x0000, 0x0000, 0x0000, 0x0000, 0x0000, 0x0000,
    0x0000, 0x0000, 0x0000, 0x0000, 0x0000, 0x0000, 0x0000, 0x0000, 0x0000, 0x0000, 0x0000, 0x0000,
    0x0000, 0x0000, 0x0000, 0x0000, 0x0000, 0x0000, 0x0000, 0x0000, 0x0000, 0x0000, 0x0000, 0x0000,
    0x0000, 0x0000, 0x0000, 0x0000, 0x0000, 0x0000, 0x0000, 0x0000, 0x0000, 0x0000, 0x0000, 0x0000,
    0x0000, 0x0000, 0x0000, 0x0000, 0x0000, 0x0000, 0x0000, 0x0000, 0x0000, 0x0000, 0x0000, 0x0000,
    0x0000, 0x0000, 0x0000, 0x0000, 0x0000, 0x0000, 0x0000, 0x0000, 0x0000, 0x0000, 0x0000, 0x0000,
    0x0000, 0x0000, 0x0000, 0x0000, 0x0000, 0x0000, 0x0000, 0x0000, 0x0000, 0x0000, 0x0000, 0x0000,
    0x0000, 0x0000, 0x0000, 0x0000, 0x0000, 0x0000, 0x3021, 0x7864, 0xB8C6, 0xD0E7, 0xD8E7, 0xE107,
    0xE107, 0xD8E7, 0xD8E7, 0xD8E7, 0xD8E7, 0xD8E7, 0xD8E7, 0xD8E7, 0xD8E7, 0xD8E7, 0xD8E7, 0xD8E7,
    0xD8E7, 0xD8E7, 0xD8E7, 0xD8E7, 0xD8E7, 0xD907, 0xD907, 0xD8E7, 0xA8A5, 0x3021, 0x0000, 0x0000,
    0x0000, 0x0000, 0x0000, 0x0000, 0x0000, 0x1801, 0x3022, 0x0800, 0x0000, 0x0000, 0x0000, 0x0000,
    0x0000, 0x0000, 0x0000, 0x0000, 0x0000, 0x0000, 0x0000, 0x0000, 0x0000, 0x0000, 0x0000, 0x0000,
    0x0000, 0x0000, 0x0000, 0x0000, 0x0000, 0x0000, 0x0000, 0x0000, 0x0000, 0x0000, 0x0000, 0x0000,
    0x0000, 0x0000, 0x0000, 0x0000, 0x0000, 0x0000, 0x0000, 0x0000, 0x0000, 0x0000, 0x0000, 0x0000,
    0x0000, 0x0000, 0x0000, 0x0000, 0x0000, 0x0000, 0x0000, 0x0000, 0x0000, 0x0000, 0x0000, 0x0000,
    0x0000, 0x0000, 0x0000, 0x0000, 0x0000, 0x0000, 0x0000, 0x0000, 0x0000, 0x0000, 0x0000, 0x0000,
    0x0000, 0x0000, 0x0000, 0x0000, 0x0000, 0x0000, 0x0000, 0x0000, 0x0000, 0x0000, 0x0000, 0x0000,
    0x0000, 0x0000, 0x0000, 0x0000, 0x0000, 0x0000, 0x0000, 0x0000, 0x0000, 0x0000, 0x0000, 0x0000,
    0x0000, 0x0000, 0x0000, 0x0000, 0x0000, 0x0000, 0x0000, 0x0000, 0x0000, 0x0000, 0x0000, 0x0000,
    0x0000, 0x0000, 0x0000, 0x0000, 0x0000, 0x0000, 0x0000, 0x0000, 0x0000, 0x0000, 0x0000, 0x0000,
    0x0000, 0x0000, 0x0000, 0x0000, 0x0000, 0x0000, 0x0000, 0x0000, 0x0000, 0x0000, 0x0000, 0x0000,
    0x0000, 0x0000, 0x0000, 0x0000, 0x0000, 0x0000, 0x0000, 0x0000, 0x0000, 0x0000, 0x0000, 0x0000,
    0x0000, 0x0000, 0x0000, 0x0000, 0x0000, 0x0000, 0x0000, 0x0000, 0x0000, 0x0000, 0x0000, 0x0000,
    0x0000, 0x0000, 0x0000, 0x0000, 0x0000, 0x0000, 0x0000, 0x0000, 0x0000, 0x0000, 0x0000, 0x0000,
    0x0000, 0x0000, 0x0000, 0x0000, 0x0000, 0x0000, 0x0000, 0x0000, 0x0000, 0x0000, 0x0000, 0x0000,
    0x0000, 0x0000, 0x0000, 0x0000, 0x0000, 0x0000, 0x0000, 0x0000, 0x0000, 0x0000, 0x0000, 0x0000,
    0x0000, 0x0000, 0x0000, 0x0000, 0x0000, 0x0000, 0x0000, 0x0000, 0x0000, 0x0000, 0x0000, 0x0000,
    0x0000, 0x0000, 0x0000, 0x0000, 0x0000, 0x0000, 0x0000, 0x0000, 0x0000, 0x2821, 0x6863, 0xB0C6,
    0xC8E7, 0xD0E7, 0xE108, 0xE108, 0xD8E7, 0xD8E7, 0xD8E7, 0xD8E7, 0xD8E7, 0xD8E7, 0xD8E7, 0xD8E7,
    0xD8E7, 0xD8E7, 0xD907, 0xE108, 0xD907, 0xD0E7, 0xA8A6, 0x4842, 0x0000, 0x0000, 0x0000, 0x0000,
    0x0000, 0x0000, 0x0000, 0x0000, 0x0000, 0x0000, 0x0000, 0x0000, 0x0000, 0x0000, 0x0000, 0x0000,
    0x0000, 0x0000, 0x0000, 0x0000, 0x0000, 0x0000, 0x0000, 0x0000, 0x0000, 0x0000, 0x0000, 0x0000,
    0x0000, 0x0000, 0x0000, 0x0000, 0x0000, 0x0000, 0x0000, 0x0000, 0x0000, 0x0000, 0x0000, 0x0000,
    0x0000, 0x0000, 0x0000, 0x0000, 0x0000, 0x0000, 0x0000, 0x0000, 0x0000, 0x0000, 0x0000, 0x0000,
    0x0000, 0x0000, 0x0000, 0x0000, 0x0000, 0x0000, 0x0000, 0x0000, 0x0000, 0x0000, 0x0000, 0x0000,
    0x0000, 0x0000, 0x0000, 0x0000, 0x0000, 0x0000, 0x0000, 0x0000, 0x0000, 0x0000, 0x0000, 0x0000,
    0x0000, 0x0000, 0x0000, 0x0000, 0x0000, 0x0000, 0x0000, 0x0000, 0x0000, 0x0000, 0x0000, 0x0000,
    0x0000, 0x0000, 0x0000, 0x0000, 0x0000, 0x0000, 0x0000, 0x0000, 0x0000, 0x0000, 0x0000, 0x0000,
    0x0000, 0x0000, 0x0000, 0x0000, 0x0000, 0x0000, 0x0000, 0x0000, 0x0000, 0x0000, 0x0000, 0x0000,
    0x0000, 0x0000, 0x0000, 0x0000, 0x0000, 0x0000, 0x0000, 0x0000, 0x0000, 0x0000, 0x0000, 0x0000,
    0x0000, 0x0000, 0x0000, 0x0000, 0x0000, 0x0000, 0x0000, 0x0000, 0x0000, 0x0000, 0x0000, 0x0000,
    0x0000, 0x0000, 0x0000, 0x0000, 0x0000, 0x0000, 0x0000, 0x0000, 0x0000, 0x0000, 0x0000, 0x0000,
    0x0000, 0x0000, 0x0000, 0x0000, 0x0000, 0x0000, 0x0000, 0x0000, 0x0000, 0x0000, 0x0000, 0x0000,
    0x0000, 0x0000, 0x0000, 0x0000, 0x0000, 0x0000, 0x0000, 0x0000, 0x0000, 0x0000, 0x0000, 0x0000,
    0x0000, 0x0000, 0x0000, 0x0000, 0x0000, 0x0000, 0x0000, 0x0000, 0x0000, 0x0000, 0x0000, 0x0000,
    0x0000, 0x0000, 0x0000, 0x0000, 0x0000, 0x0000, 0x0000, 0x0000, 0x0000, 0x0000, 0x0000, 0x0000,
    0x0000, 0x0000, 0x0000, 0x0000, 0x0000, 0x0000, 0x0000, 0x0000, 0x0000, 0x0000, 0x0000, 0x0000,
    0x0000, 0x0000, 0x0000, 0x0000, 0x0000, 0x0000, 0x0000, 0x0000, 0x0000, 0x0000, 0x0000, 0x0000,
    0x2021, 0x6063, 0xA0A5, 0xC0C7, 0xD0E7, 0xE108, 0xE108, 0xE108, 0xE108, 0xE108, 0xE108, 0xE108,
    0xE908, 0xD8E7, 0xD0E7, 0xC0E7, 0x98A5, 0x3842, 0x0000, 0x0000, 0x0000, 0x0000, 0x0000, 0x0000,
    0x0000, 0x0000, 0x0000, 0x0000, 0x0000, 0x0000, 0x0000, 0x0000, 0x0000, 0x0000, 0x0000, 0x0000,
    0x0000, 0x0000, 0x0000, 0x0000, 0x0000, 0x0000, 0x0000, 0x0000, 0x0000, 0x0000, 0x0000, 0x0000,
    0x0000, 0x0000, 0x0000, 0x0000, 0x0000, 0x0000, 0x0000, 0x0000, 0x0000, 0x0000, 0x0000, 0x0000,
    0x0000, 0x0000, 0x0000, 0x0000, 0x0000, 0x0000, 0x0000, 0x0000, 0x0000, 0x0000, 0x0000, 0x0000,
    0x0000, 0x0000, 0x0000, 0x0000, 0x0000, 0x0000, 0x0000, 0x0000, 0x0000, 0x0000, 0x0000, 0x0000,
    0x0000, 0x0000, 0x0000, 0x0000, 0x0000, 0x0000, 0x0000, 0x0000, 0x0000, 0x0000, 0x0000, 0x0000,
    0x0000, 0x0000, 0x0000, 0x0000, 0x0000, 0x0000, 0x0000, 0x0000, 0x0000, 0x0000, 0x0000, 0x0000,
    0x0000, 0x0000, 0x0000, 0x0000, 0x0000, 0x0000, 0x0000, 0x0000, 0x0000, 0x0000, 0x0000, 0x0000,
    0x0000, 0x0000, 0x0000, 0x0000, 0x0000, 0x0000, 0x0000, 0x0000, 0x0000, 0x0000, 0x0000, 0x0000,
    0x0000, 0x0000, 0x0000, 0x0000, 0x0000, 0x0000, 0x0000, 0x0000, 0x0000, 0x0000, 0x0000, 0x0000,
    0x0000, 0x0000, 0x0000, 0x0000, 0x0000, 0x0000, 0x0000, 0x0000, 0x0000, 0x0000, 0x0000, 0x0000,
    0x0000, 0x0000, 0x0000, 0x0000, 0x0000, 0x0000, 0x0000, 0x0000, 0x0000, 0x0000, 0x0000, 0x0000,
    0x0000, 0x0000, 0x0000, 0x0000, 0x0000, 0x0000, 0x0000, 0x0000, 0x0000, 0x0000, 0x0000, 0x0000,
    0x0000, 0x0000, 0x0000, 0x0000, 0x0000, 0x0000, 0x0000, 0x0000, 0x0000, 0x0000, 0x0000, 0x0000,
    0x0000, 0x0000, 0x0000, 0x0000, 0x0000, 0x0000, 0x0000, 0x0000, 0x0000, 0x0000, 0x0000, 0x0000,
    0x0000, 0x0000, 0x0000, 0x0000, 0x0000, 0x0000, 0x0000, 0x0000, 0x0000, 0x0000, 0x0000, 0x0000,
    0x0000, 0x0000, 0x0000, 0x0000, 0x0000, 0x0000, 0x0000, 0x0000, 0x0000, 0x0000, 0x0000, 0x0000,
    0x0000, 0x0000, 0x0000, 0x0000, 0x0000, 0x0000, 0x0000, 0x0000, 0x0000, 0x0000, 0x0000, 0x0000,
    0x0000, 0x0000, 0x0000, 0x1000, 0x5063, 0x90A5, 0xA8C6, 0xB8C6, 0xC0E7, 0xC8E7, 0xC0C6, 0xB8C6,
    0xA8A5, 0x7884, 0x5043, 0x2021, 0x0000, 0x0000, 0x0000, 0x0000, 0x0000, 0x0000, 0x0000, 0x0000,
    0x0000, 0x0000, 0x0000, 0x0000, 0x0000, 0x0000, 0x0000, 0x0000, 0x0000, 0x0000, 0x0000, 0x0000,
    0x0000, 0x0000, 0x0000, 0x0000, 0x0000, 0x0000, 0x0000, 0x0000, 0x0000, 0x0000, 0x0000, 0x0000,
    0x0000, 0x0000, 0x0000, 0x0000, 0x0000, 0x0000, 0x0000, 0x0000, 0x0000, 0x0000, 0x0000, 0x0000,
    0x0000, 0x0000, 0x0000, 0x0000, 0x0000, 0x0000, 0x0000, 0x0000, 0x0000, 0x0000, 0x0000, 0x0000,
    0x0000, 0x0000, 0x0000, 0x0000, 0x0000, 0x0000, 0x0000, 0x0000, 0x0000, 0x0000, 0x0000, 0x0000,
    0x0000, 0x0000, 0x0000, 0x0000, 0x0000, 0x0000, 0x0000, 0x0000, 0x0000, 0x0000, 0x0000, 0x0000,
    0x0000, 0x0000, 0x0000, 0x0000, 0x0000, 0x0000, 0x0000, 0x0000, 0x0000, 0x0000, 0x0000, 0x0000,
    0x0000, 0x0000, 0x0000, 0x0000, 0x0000, 0x0000, 0x0000, 0x0000, 0x0000, 0x0000, 0x0000, 0x0000,
    0x0000, 0x0000, 0x0000, 0x0000, 0x0000, 0x0000, 0x0000, 0x0000, 0x0000, 0x0000, 0x0000, 0x0000,
    0x0000, 0x0000, 0x0000, 0x0000, 0x0000, 0x0000, 0x0000, 0x0000, 0x0000, 0x0000, 0x0000, 0x0000,
    0x0000, 0x0000, 0x0000, 0x0000, 0x0000, 0x0000, 0x0000, 0x0000, 0x0000, 0x0000, 0x0000, 0x0000,
    0x0000, 0x0000, 0x0000, 0x0000, 0x0000, 0x0000, 0x0000, 0x0000, 0x0000, 0x0000, 0x0000, 0x0000,
    0x0000, 0x0000, 0x0000, 0x0000, 0x0000, 0x0000, 0x0000, 0x0000, 0x0000, 0x0000, 0x0000, 0x0000,
    0x0000, 0x0000, 0x0000, 0x0000, 0x0000, 0x0000, 0x0000, 0x0000, 0x0000, 0x0000, 0x0000, 0x0000,
    0x0000, 0x0000, 0x0000, 0x0000, 0x0000, 0x0000, 0x0000, 0x0000, 0x0000, 0x0000, 0x0000, 0x0000,
    0x0000, 0x0000, 0x0000, 0x0000, 0x0000, 0x0000, 0x0000, 0x0000, 0x0000, 0x0000, 0x0000, 0x0000,
    0x0000, 0x0000, 0x0000, 0x0000, 0x0000, 0x0000, 0x0000, 0x0000, 0x0000, 0x0000, 0x0000, 0x0000,
    0x0000, 0x0000, 0x0000, 0x0000, 0x0000, 0x0000, 0x0000, 0x0000, 0x0000, 0x0000, 0x0000, 0x0000,
    0x0000, 0x0000, 0x0000, 0x0000, 0x0000, 0x0000, 0x0000, 0x1821, 0x3021, 0x3842, 0x2821, 0x1000,
    0x0000, 0x0000, 0x0000, 0x0000, 0x0000, 0x0000, 0x0000, 0x0000, 0x0000, 0x0000, 0x0000, 0x0000,
    0x0000, 0x0000, 0x0000, 0x0000, 0x0000, 0x0000, 0x0000, 0x0000, 0x0000, 0x0000, 0x0000, 0x0000,
    0x0000, 0x0000, 0x0000, 0x0000, 0x0000, 0x0000, 0x0000, 0x0000, 0x0000, 0x0000, 0x0000, 0x0000,
    0x0000, 0x0000, 0x0000, 0x0000, 0x0000, 0x0000, 0x0000, 0x0000, 0x0000, 0x0000, 0x0000, 0x0000,
    0x0000, 0x0000, 0x0000, 0x0000, 0x0000, 0x0000, 0x0000, 0x0000, 0x0000, 0x0000, 0x0000, 0x0000,
    0x0000, 0x0000, 0x0000, 0x0000, 0x0000, 0x0000, 0x0000, 0x0000, 0x0000, 0x0000, 0x0000, 0x0000,
    0x0000, 0x0000, 0x0000, 0x0000, 0x0000, 0x0000, 0x0000, 0x0000, 0x0000, 0x0000, 0x0000, 0x0000,
    0x0000, 0x0000, 0x0000, 0x0000, 0x0000, 0x0000, 0x0000, 0x0000, 0x0000, 0x0000, 0x0000, 0x0000,
    0x0000, 0x0000, 0x0000, 0x0000, 0x0000, 0x0000, 0x0000, 0x0000, 0x0000, 0x0000, 0x0000, 0x0000,
    0x0000, 0x0000, 0x0000, 0x0000, 0x0000, 0x0000, 0x0000, 0x0000, 0x0000, 0x0000, 0x0000, 0x0000,
    0x0000, 0x0000, 0x0000, 0x0000, 0x0000, 0x0000, 0x0000, 0x0000, 0x0000, 0x0000, 0x0000, 0x0000,
    0x0000, 0x0000, 0x0000, 0x0000, 0x0000, 0x0000, 0x0000, 0x0000, 0x0000, 0x0000, 0x0000, 0x0000,
    0x0000, 0x0000, 0x0000, 0x0000, 0x0000, 0x0000, 0x0000, 0x0000, 0x0000, 0x0000, 0x0000, 0x0000,
    0x0000, 0x0000, 0x0000, 0x0000, 0x0000, 0x0000, 0x0000, 0x0000, 0x0000, 0x0000, 0x0000, 0x0000,
    0x0000, 0x0000, 0x0000, 0x0000, 0x0000, 0x0000, 0x0000, 0x0000, 0x0000, 0x0000, 0x0000, 0x0000,
    0x0000, 0x0000, 0x0000, 0x0000, 0x0000, 0x0000, 0x0000, 0x0000, 0x0000, 0x0000, 0x0000, 0x0000,
    0x0000, 0x0000, 0x0000, 0x0000, 0x0000, 0x0000, 0x0000, 0x0000, 0x0000, 0x0000, 0x0000, 0x0000,
    0x0000, 0x0000, 0x0000, 0x0000, 0x0000, 0x0000, 0x0000, 0x0000, 0x0000, 0x0000, 0x0000, 0x0000,
    0x0000, 0x0000, 0x0000, 0x0000, 0x0000, 0x0000, 0x0000, 0x0000, 0x0000, 0x0000, 0x0000, 0x0000,
    0x0000, 0x0000, 0x0000, 0x0000, 0x0000, 0x0000, 0x0000, 0x0000, 0x0000, 0x0000, 0x0000, 0x0000,
    0x0000, 0x0000, 0x0000, 0x0000, 0x0000, 0x0000, 0x0000, 0x0000, 0x0000, 0x0000, 0x0000, 0x0000,
    0x0000, 0x0000, 0x0000, 0x0000, 0x0000, 0x0000, 0x0000, 0x0000, 0x0000, 0x0000, 0x0000, 0x0000,
    0x0000, 0x0000, 0x0000, 0x0000, 0x0000, 0x0000, 0x0000, 0x0000, 0x0000, 0x0000, 0x0000, 0x0000,
    0x0000, 0x0000, 0x0000, 0x0000, 0x0000, 0x0000, 0x0000, 0x0000, 0x0000, 0x0000, 0x0000, 0x0000,
    0x0000, 0x0000, 0x0000, 0x0000, 0x0000, 0x0000, 0x0000, 0x0000, 0x0000, 0x0000, 0x0000, 0x0000,
    0x0000, 0x0000, 0x0000, 0x0000, 0x0000, 0x0000, 0x0000, 0x0000, 0x0000, 0x0000, 0x0000, 0x0000,
    0x0000, 0x0000, 0x0000, 0x0000, 0x0000, 0x0000, 0x0000, 0x0000, 0x0000, 0x0000, 0x0000, 0x0000,
    0x0000, 0x0000, 0x0000, 0x0000, 0x0000, 0x0000, 0x0000, 0x0000, 0x0000, 0x0000, 0x0000, 0x0000,
    0x0000, 0x0000, 0x0000, 0x0000, 0x0000, 0x0000, 0x0000, 0x0000, 0x0000, 0x0000, 0x0000, 0x0000,
    0x0000, 0x0000, 0x0000, 0x0000, 0x0000, 0x0000, 0x0000, 0x0000, 0x0000, 0x0000, 0x0000, 0x0000,
    0x0000, 0x0000, 0x0000, 0x0000, 0x0000, 0x0000, 0x0000, 0x0000, 0x0000, 0x0000, 0x0000, 0x0000,
    0x0000, 0x0000, 0x0000, 0x0000, 0x0000, 0x0000, 0x0000, 0x0000, 0x0000, 0x0000, 0x0000, 0x0000,
    0x0000, 0x0000, 0x0000, 0x0000, 0x0000, 0x0000, 0x0000, 0x0000, 0x0000, 0x0000, 0x0000, 0x0000,
    0x0000, 0x0000, 0x0000, 0x0000, 0x0000, 0x0000, 0x0000, 0x0000, 0x0000, 0x0000, 0x0000, 0x0000,
    0x0000, 0x0000, 0x0000, 0x0000, 0x0000, 0x0000, 0x0000, 0x0000, 0x0000, 0x0000, 0x0000, 0x0000,
    0x0000, 0x0000, 0x0000, 0x0000, 0x0000, 0x0000, 0x0000, 0x0000, 0x0000, 0x0000, 0x0000, 0x0000,
    0x0000, 0x0000, 0x0000, 0x0000, 0x0000, 0x0000, 0x0000, 0x0000, 0x0000, 0x0000, 0x0000, 0x0000,
    0x0000, 0x0000, 0x0000, 0x0000, 0x0000, 0x0000, 0x0000, 0x0000, 0x0000, 0x0000, 0x0000, 0x0000,
    0x0000, 0x0000, 0x0000, 0x0000, 0x0000, 0x0000, 0x0000, 0x0000, 0x0000, 0x0000, 0x0000, 0x0000,
    0x0000, 0x0000, 0x0000, 0x0000, 0x0000, 0x0000, 0x0000, 0x0000, 0x0000, 0x0000, 0x0000, 0x0000,
    0x0000, 0x0000, 0x0000, 0x0000, 0x0000, 0x0000, 0x0000, 0x0000, 0x0000, 0x0000, 0x0000, 0x0000,
    0x0000, 0x0000, 0x0000, 0x0000, 0x0000, 0x0000, 0x0000, 0x0000, 0x0000, 0x0000, 0x0000, 0x0000,
    0x0000, 0x0000, 0x0000, 0x0000, 0x0000, 0x0000, 0x0000, 0x0000, 0x0000, 0x0000, 0x0000, 0x0000,
    0x0000, 0x0000, 0x0000, 0x0000, 0x0000, 0x0000, 0x0000, 0x0000, 0x0000, 0x0000, 0x0000, 0x0000,
    0x0000, 0x0000, 0x0000, 0x0000, 0x0000, 0x0000, 0x0000, 0x0000, 0x0000, 0x0000, 0x0000, 0x0000,
    0x0000, 0x0000, 0x0000, 0x0000, 0x0000, 0x0000, 0x0000, 0x0000, 0x0000, 0x0000, 0x0000, 0x0000,
    0x0000, 0x0000, 0x0000, 0x0000, 0x0000, 0x0000, 0x0000, 0x0000, 0x0000, 0x0000, 0x0000, 0x0000,
    0x0000, 0x0000, 0x0000, 0x0000, 0x0000, 0x0000, 0x0000, 0x0000, 0x0000, 0x0000, 0x0000, 0x0000,
    0x0000, 0x0000, 0x0000, 0x0000, 0x0000, 0x0000, 0x0000, 0x0000, 0x0000, 0x0000, 0x0000, 0x0000,
    0x0000, 0x0000, 0x0000, 0x0000, 0x0000, 0x0000, 0x0000, 0x0000, 0x0000, 0x0000, 0x0000, 0x0000,
    0x0000, 0x0000, 0x0000, 0x0000, 0x0000, 0x0000, 0x0000, 0x0000, 0x0000, 0x0000, 0x0000, 0x0000,
    0x0000, 0x0000, 0x0000, 0x0000, 0x0000, 0x0000, 0x0000, 0x0000, 0x0000, 0x0000, 0x0000, 0x0000,
    0x0000, 0x0000, 0x0000, 0x0000, 0x0000, 0x0000, 0x0000, 0x0000, 0x0000, 0x0000, 0x0000, 0x0000,
    0x0000, 0x0000, 0x0000, 0x0000, 0x0000, 0x0000, 0x0000, 0x0000, 0x0000, 0x0000, 0x0000, 0x0000,
    0x0000, 0x0000, 0x0000, 0x0000, 0x0000, 0x0000, 0x0000, 0x0000, 0x0000, 0x0000, 0x0000, 0x0000,
    0x0000, 0x0000, 0x0000, 0x0000, 0x0000, 0x0000, 0x0000, 0x0000, 0x0000, 0x0000, 0x0000, 0x0000,
    0x0000, 0x0000, 0x0000, 0x0000, 0x0000, 0x0000, 0x0000, 0x0000, 0x0000, 0x0000, 0x0000, 0x0000,
    0x0000, 0x0000, 0x0000, 0x0000, 0x0000, 0x0000, 0x0000, 0x0000, 0x0000, 0x0000, 0x0000, 0x0000,
    0x0000, 0x0000, 0x0000, 0x0000, 0x0000, 0x0000, 0x0000, 0x0000, 0x0000, 0x0000, 0x0000, 0x0000,
    0x0000, 0x0000, 0x0000, 0x0000, 0x0000, 0x0000, 0x0000, 0x0000, 0x0000, 0x0000, 0x0000, 0x0000,
    0x0000, 0x0000, 0x0000, 0x0000, 0x0000, 0x0000, 0x0000, 0x0000, 0x0000, 0x0000, 0x0000, 0x0000,
    0x0000, 0x0000, 0x0000, 0x0000, 0x0000, 0x0000, 0x0000, 0x0000, 0x0000, 0x0000, 0x0000, 0x0000,
    0x0000, 0x0000, 0x0000, 0x0000, 0x0000, 0x0000, 0x0000, 0x0000, 0x0000, 0x0000, 0x0000, 0x0000,
    0x0000, 0x0000, 0x0000, 0x0000, 0x0000, 0x0000, 0x0000, 0x0000, 0x0000, 0x0000, 0x0000, 0x0000,
    0x0000, 0x0000, 0x0000, 0x0000, 0x0000, 0x0000, 0x0000, 0x0000, 0x0000, 0x0000, 0x0000, 0x0000,
    0x0000, 0x0000, 0x0000, 0x0000, 0x0000, 0x0000, 0x0000, 0x0000, 0x0000, 0x0000, 0x0000, 0x0000,
    0x0000, 0x0000, 0x0000, 0x0000, 0x0000, 0x0000, 0x0000, 0x0000, 0x0000, 0x0000, 0x0000, 0x0000,
    0x0000, 0x0000, 0x0000, 0x0000, 0x0000, 0x0000, 0x0000, 0x0000, 0x0000, 0x0000, 0x0000, 0x0000,
    0x0000, 0x0000, 0x0000, 0x0000, 0x0000, 0x0000, 0x0000, 0x0000, 0x0000, 0x0000, 0x0000, 0x0000,
    0x0000, 0x0000, 0x0000, 0x0000, 0x0000, 0x0000, 0x0000, 0x0000, 0x0000, 0x0000, 0x0000, 0x0000,
    0x0000, 0x0000, 0x0000, 0x0000, 0x0000, 0x0000, 0x0000, 0x0000, 0x0000, 0x0000, 0x0000, 0x0000,
    0x0000, 0x0000, 0x0000, 0x0000, 0x0000, 0x0000, 0x0000, 0x0000, 0x0000, 0x0000, 0x0000, 0x0000,
    0x0000, 0x0000, 0x0000, 0x0000, 0x0000, 0x0000, 0x0000, 0x0000, 0x0000, 0x0000, 0x0000, 0x0000,
    0x0000, 0x0000, 0x0000, 0x0000, 0x0000, 0x0000, 0x0000, 0x0000, 0x0000, 0x0000, 0x0000, 0x0000,
    0x0000, 0x0000, 0x0000, 0x0000, 0x0000, 0x0000, 0x0000, 0x0000, 0x0000, 0x0000, 0x0000, 0x0000,
    0x0000, 0x0000, 0x0000, 0x0000, 0x0000, 0x0000, 0x0000, 0x0000, 0x0000, 0x0000, 0x0000, 0x0000,
    0x0000, 0x0000, 0x0000, 0x0000, 0x0000, 0x0000, 0x0000, 0x0000, 0x0000, 0x0000, 0x0000, 0x0000,
    0x0000, 0x0000, 0x0000, 0x0000, 0x0000, 0x0000, 0x0000, 0x0000, 0x0000, 0x0000, 0x0000, 0x0000,
    0x0000, 0x0000, 0x0000, 0x0000, 0x0000, 0x0000, 0x0000, 0x0000, 0x0000, 0x0000, 0x0000, 0x0000,
    0x0000, 0x0000, 0x0000, 0x0000, 0x0000, 0x0000, 0x0000, 0x0000, 0x0000, 0x0000, 0x0000, 0x0000,
    0x0000, 0x0000, 0x0000, 0x0000, 0x0000, 0x0000, 0x0000, 0x0000, 0x0000, 0x0000, 0x0000, 0x0000,
    0x0000, 0x0000, 0x0000, 0x0000, 0x0000, 0x0000, 0x0000, 0x0000, 0x0000, 0x0000, 0x0000, 0x0000,
    0x0000, 0x0000, 0x0000, 0x0000, 0x0000, 0x0000, 0x0000, 0x0000, 0x0000, 0x0000, 0x0000, 0x0000,
    0x0000, 0x0000, 0x0000, 0x0000, 0x0000, 0x0000, 0x0000, 0x0000, 0x0000, 0x0000, 0x0000, 0x0000,
    0x0000, 0x0000, 0x0000, 0x0000, 0x0000, 0x0000, 0x0000, 0x0000, 0x0000, 0x0000, 0x0000, 0x0000,
    0x0000, 0x0000, 0x0000, 0x0000, 0x0000, 0x0000, 0x0000, 0x0000, 0x0000, 0x0000, 0x0000, 0x0000,
    0x0000, 0x0000, 0x0000, 0x0000, 0x0000, 0x0000, 0x0000, 0x0000, 0x0000, 0x0000, 0x0000, 0x0000,
    0x0000, 0x0000, 0x0000, 0x0000, 0x0000, 0x0000, 0x0000, 0x0000, 0x0000, 0x0000, 0x0000, 0x0000,
    0x0000, 0x0000, 0x0000, 0x0000, 0x0000, 0x0000, 0x0000, 0x0000, 0x0000, 0x0000, 0x0000, 0x0000,
    0x0000, 0x0000, 0x0000, 0x0000, 0x0000, 0x0000, 0x0000, 0x0000, 0x0000, 0x0000, 0x0000, 0x0000,
    0x0000, 0x0000, 0x0000, 0x0000, 0x0000, 0x0000, 0x0000, 0x0000, 0x0000, 0x0000, 0x0000, 0x0000,
    0x0000, 0x0000, 0x0000, 0x0000, 0x0000, 0x0000, 0x0000, 0x0000, 0x0000, 0x0000, 0x0000, 0x0000,
    0x0000, 0x0000, 0x0000, 0x0000, 0x0000, 0x0000, 0x0000, 0x0000, 0x0000, 0x0000, 0x0000, 0x0000,
    0x0000, 0x0000, 0x0000, 0x0000, 0x0000, 0x0000, 0x0000, 0x0000, 0x0000, 0x0000, 0x0000, 0x0000,
    0x0000, 0x0000, 0x0000, 0x0000, 0x0000, 0x0000, 0x0000, 0x0000, 0x0000, 0x0000, 0x0000, 0x0000,
    0x0000, 0x0000, 0x0000, 0x0000, 0x0000, 0x0000, 0x0000, 0x0000, 0x0000, 0x0000, 0x0000, 0x0000,
    0x0000, 0x0000, 0x0000, 0x0000, 0x0000, 0x0000, 0x0000, 0x0000, 0x0000, 0x0000, 0x0000, 0x0000,
    0x0000, 0x0000, 0x0000, 0x0000, 0x0000, 0x0000, 0x0000, 0x0000, 0x0000, 0x0000, 0x0000, 0x0000,
    0x0000, 0x0000, 0x0000, 0x0000, 0x0000, 0x0000, 0x0000, 0x0000, 0x0000, 0x0000, 0x0000, 0x0000,
    0x0000, 0x0000, 0x0000, 0x0000, 0x0000, 0x0000, 0x0000, 0x0000, 0x0000, 0x0000, 0x0000, 0x0000,
    0x0000, 0x0000, 0x0000, 0x0000, 0x0000, 0x0000, 0x0000, 0x0000, 0x0000, 0x0000, 0x0000, 0x0000,
    0x0000, 0x0000, 0x0000, 0x0000, 0x0000, 0x0000, 0x0000, 0x0000, 0x0000, 0x0000, 0x0000, 0x0000,
    0x0000, 0x0000, 0x0000, 0x0000, 0x0000, 0x0000, 0x0000, 0x0000, 0x0000, 0x0000, 0x0000, 0x0000,
    0x0000, 0x0000, 0x0000, 0x0000, 0x0000, 0x0000, 0x0000, 0x0000, 0x0000, 0x0000, 0x0000, 0x0000,
    0x0000, 0x0000, 0x0000, 0x0000, 0x0000, 0x0000, 0x0000, 0x0000, 0x0000, 0x0000, 0x0000, 0x0000,
    0x0000, 0x0000, 0x0000, 0x0000, 0x0000, 0x0000, 0x0000, 0x0000, 0x0000, 0x0000, 0x0000, 0x0000,
    0x0000, 0x0000, 0x0000, 0x0000, 0x0000, 0x0000, 0x0000, 0x0000, 0x0000, 0x0000, 0x0000, 0x0000,
    0x0000, 0x0000, 0x0000, 0x0000, 0x0000, 0x0000, 0x0000, 0x0000, 0x0000, 0x0000, 0x0000, 0x0000,
    0x0000, 0x0000, 0x0000, 0x0000, 0x0000, 0x0000, 0x0000, 0x0000, 0x0000, 0x0000, 0x0000, 0x0000,
    0x0000, 0x0000, 0x0000, 0x0000, 0x0000, 0x0000, 0x0000, 0x0000, 0x0000, 0x0000, 0x0000, 0x0000,
    0x0000, 0x0000, 0x0000, 0x0000, 0x0000, 0x0000, 0x0000, 0x0000, 0x0000, 0x0000, 0x0000, 0x0000,
    0x0000, 0x0000, 0x0000, 0x0000, 0x0000, 0x0000, 0x0000, 0x0000, 0x0000, 0x0000, 0x0000, 0x0000,
    0x0000, 0x0000, 0x0000, 0x0000, 0x0000, 0x0000, 0x0000, 0x0000, 0x0000, 0x0000, 0x0000, 0x0000,
    0x0000, 0x0000, 0x0000, 0x0000, 0x0000, 0x0000, 0x0000, 0x0000, 0x0000, 0x0000, 0x0000, 0x0000,
    0x0000, 0x0000, 0x0000, 0x0000, 0x0000, 0x0000, 0x0000, 0x0000, 0x0000, 0x0000, 0x0000, 0x0000,
    0x0000, 0x0000, 0x0000, 0x0000, 0x0000, 0x0000, 0x0000, 0x0000, 0x0000, 0x0000, 0x0000, 0x0000,
    0x0000, 0x0000, 0x0000, 0x0000, 0x0000, 0x0000, 0x0000, 0x0000, 0x0000, 0x0000, 0x0000, 0x0000,
    0x0000, 0x0000, 0x0000, 0x0000, 0x0000, 0x0000, 0x0000, 0x0000, 0x0000, 0x0000, 0x0000, 0x0000,
    0x0000, 0x0000, 0x0000, 0x0000, 0x0000, 0x0000, 0x0000, 0x0000, 0x0000, 0x0000, 0x0000, 0x0000,
    0x0000, 0x0000, 0x0000, 0x0000, 0x0000, 0x0000, 0x0000, 0x0000, 0x0000, 0x0000, 0x0000, 0x0000,
    0x0000, 0x0000, 0x0000, 0x0000, 0x0000, 0x0000, 0x0000, 0x0000, 0x0000, 0x0000, 0x0000, 0x0000,
    0x0000, 0x0000, 0x0000, 0x0000, 0x0000, 0x0000, 0x0000, 0x0000, 0x0000, 0x0000, 0x0000, 0x0000,
    0x0000, 0x0000, 0x0000, 0x0000, 0x0000, 0x0000, 0x0000, 0x0000, 0x0000, 0x0000, 0x0000, 0x0000,
    0x0000, 0x0000, 0x0000, 0x0000, 0x0000, 0x0000, 0x0000, 0x0000, 0x0000, 0x0000, 0x0000, 0x0000,
    0x0000, 0x0000, 0x0000, 0x0000, 0x0000, 0x0000, 0x0000, 0x0000, 0x0000, 0x0000, 0x0000, 0x0000,
    0x0000, 0x0000, 0x0000, 0x0000, 0x0000, 0x0000, 0x0000, 0x0000, 0x0000, 0x0000, 0x0000, 0x0000,
    0x0000, 0x0000, 0x0000, 0x0000, 0x0000, 0x0000, 0x0000, 0x0000, 0x0000, 0x0000, 0x0000, 0x0000,
    0x0000, 0x0000, 0x0000, 0x0000, 0x0000, 0x0000, 0x0000, 0x0000, 0x0000, 0x0000, 0x0000, 0x0000,
    0x0000, 0x0000, 0x0000, 0x0000, 0x0000, 0x0000, 0x0000, 0x0000, 0x0000, 0x0000, 0x0000, 0x0000,
    0x0000, 0x0000, 0x0000, 0x0000, 0x0000, 0x0000, 0x0000, 0x0000, 0x0000, 0x0000, 0x0000, 0x0000,
    0x0000, 0x0000, 0x0000, 0x0000, 0x0000, 0x0000, 0x0000, 0x0000, 0x0000, 0x0000, 0x0000, 0x0000,
    0x0000, 0x0000, 0x0000, 0x0000, 0x0000, 0x0000, 0x0000, 0x0000, 0x0000, 0x0000, 0x0000, 0x0000,
    0x0000, 0x0000, 0x0000, 0x0000, 0x0000, 0x0000, 0x0000, 0x0000, 0x0000, 0x0000, 0x0000, 0x0000,
    0x0000, 0x0000, 0x0000, 0x0000, 0x0000, 0x0000, 0x0000, 0x0000, 0x0000, 0x0000, 0x0000, 0x0000,
    0x0000, 0x0000, 0x0000, 0x0000, 0x0000, 0x0000, 0x0000, 0x0000, 0x0000, 0x0000, 0x0000, 0x0000,
    0x0000, 0x0000, 0x0000, 0x0000, 0x0000, 0x0000, 0x0000, 0x0000, 0x0000, 0x0000, 0x0000, 0x0000,
    0x0000, 0x0000, 0x0000, 0x0000, 0x0000, 0x0000, 0x0000, 0x0000, 0x0000, 0x0000, 0x0000, 0x0000,
    0x0000, 0x0000, 0x0000, 0x0000, 0x0000, 0x0000, 0x0000, 0x0000, 0x0000, 0x0000, 0x0000, 0x0000,
    0x0000, 0x0000, 0x0000, 0x0000, 0x0000, 0x0000, 0x0000, 0x0000, 0x0000, 0x0000, 0x0000, 0x0000,
    0x0000, 0x0000, 0x0000, 0x0000, 0x0000, 0x0000, 0x0000, 0x0000, 0x0000, 0x0000, 0x0000, 0x0000,
    0x0000, 0x0000, 0x0000, 0x0000, 0x0000, 0x0000, 0x0000, 0x0000, 0x0000, 0x0000, 0x0000, 0x0000,
    0x0000, 0x0000, 0x0000, 0x0000, 0x0000, 0x0000, 0x0000, 0x0000, 0x0000, 0x0000, 0x0000, 0x0000,
    0x0000, 0x0000, 0x0000, 0x0000, 0x0000, 0x0000, 0x0000, 0x0000, 0x0000, 0x0000, 0x0000, 0x0000,
    0x0000, 0x0000, 0x0000, 0x0000, 0x0000, 0x0000, 0x0000, 0x0000, 0x0000, 0x0000, 0x0000, 0x0000,
    0x0000, 0x0000, 0x0000, 0x0000, 0x0000, 0x0000, 0x0000, 0x0000, 0x0000, 0x0000, 0x0000, 0x0000,
    0x0000, 0x0000, 0x0000, 0x0000, 0x0000, 0x0000, 0x0000, 0x0000, 0x0000, 0x0000, 0x0000, 0x0000,
    0x0000, 0x0000, 0x0000, 0x0000, 0x0000, 0x0000, 0x0000, 0x0000, 0x0000, 0x0000, 0x0000, 0x0000,
    0x0000, 0x0000, 0x0000, 0x0000, 0x0000, 0x0000, 0x0000, 0x0000, 0x0000, 0x0000, 0x0000, 0x0000,
    0x0000, 0x0000, 0x0000, 0x0000, 0x0000, 0x0000, 0x0000, 0x0000, 0x0000, 0x0000, 0x0000, 0x0000,
    0x0000, 0x0000, 0x0000, 0x0000, 0x0000, 0x0000, 0x0000, 0x0000, 0x0000, 0x0000, 0x0000, 0x0000,
    0x0000, 0x0000, 0x0000, 0x0000, 0x0000, 0x0000, 0x0000, 0x0000, 0x0000, 0x0000, 0x0000, 0x0000,
    0x0000, 0x0000, 0x0000, 0x0000, 0x0000, 0x0000, 0x0000, 0x0000, 0x0000, 0x0000, 0x0000, 0x0000,
    0x0000, 0x0000, 0x0000, 0x0000, 0x0000, 0x0000, 0x0000, 0x0000, 0x0000, 0x0000, 0x0000, 0x0000,
    0x0000, 0x0000, 0x0000, 0x0000, 0x0000, 0x0000, 0x0000, 0x0000, 0x0000, 0x0000, 0x0000, 0x0000,
    0x0000, 0x0000, 0x0000, 0x0000, 0x0000, 0x0000, 0x0000, 0x0000, 0x0000, 0x0000, 0x0000, 0x0000,
    0x0000, 0x0000, 0x0000, 0x0000, 0x0000, 0x0000, 0x0000, 0x0000, 0x0000, 0x0000, 0x0000, 0x0000,
    0x0000, 0x0000, 0x0000, 0x0000, 0x0000, 0x0000, 0x0000, 0x0000, 0x0000, 0x0000, 0x0000, 0x0000,
    0x0000, 0x0000, 0x0000, 0x0000, 0x0000, 0x0000, 0x0000, 0x0000, 0x0000, 0x0000, 0x0000, 0x0000,
    0x0000, 0x0000, 0x0000, 0x0000, 0x0000, 0x0000, 0x0000, 0x0000, 0x0000, 0x0000, 0x0000, 0x0000,
    0x0000, 0x0000, 0x0000, 0x0000, 0x0000, 0x0000, 0x0000, 0x0000, 0x0000, 0x0000, 0x0000, 0x0000,
    0x0000, 0x0000, 0x0000, 0x0000, 0x0000, 0x0000, 0x0000, 0x0000, 0x0000, 0x0000, 0x0000, 0x0000,
    0x0000, 0x0000, 0x0000, 0x0000, 0x0000, 0x0000, 0x0000, 0x0000, 0x0000, 0x0000, 0x0000, 0x0000,
    0x0000, 0x0000, 0x0000, 0x0000, 0x0000, 0x0000, 0x0000, 0x0000, 0x0000, 0x0000, 0x0000, 0x0000,
    0x0000, 0x0000, 0x0000, 0x0000, 0x0000, 0x0000, 0x0000, 0x0000, 0x0000, 0x0000, 0x0000, 0x0000,
    0x0000, 0x0000, 0x0000, 0x0000, 0x0000, 0x0000, 0x0000, 0x0000, 0x0000, 0x0000, 0x0000, 0x0000,
    0x0000, 0x0000, 0x0000, 0x0000, 0x0000, 0x0000, 0x0000, 0x0000, 0x0000, 0x0000, 0x0000, 0x0000,
    0x0000, 0x0000, 0x0000, 0x0000, 0x0000, 0x0000, 0x0000, 0x0000, 0x0000, 0x0000, 0x0000, 0x0000,
    0x0000, 0x0000, 0x0000, 0x0000, 0x0000, 0x0000, 0x0000, 0x0000, 0x0000, 0x0000, 0x0000, 0x0000,
    0x0000, 0x0000, 0x0000, 0x0000, 0x0000, 0x0000, 0x0000, 0x0000, 0x0000, 0x0000, 0x0000, 0x0000,
    0x0000, 0x0000, 0x0000, 0x0000, 0x0000, 0x0000, 0x0000, 0x0000, 0x0000, 0x0000, 0x0000, 0x0000,
    0x0000, 0x0000, 0x0000, 0x0000, 0x0000, 0x0000, 0x0000, 0x0000, 0x0000, 0x0000, 0x0000, 0x0000,
    0x0000, 0x0000, 0x0000, 0x0000, 0x0000, 0x0000, 0x0000, 0x0000, 0x0000, 0x0000, 0x0000, 0x0000,
    0x0000, 0x0000, 0x0000, 0x0000, 0x0000, 0x0000, 0x0000, 0x0000, 0x0000, 0x0000, 0x0000, 0x0000,
    0x0000, 0x0000, 0x0000, 0x0000, 0x0000, 0x0000, 0x0000, 0x0000, 0x0000, 0x0000, 0x0000, 0x0000,
    0x0000, 0x0000, 0x0000, 0x0000, 0x0000, 0x0000, 0x0000, 0x0000, 0x0000, 0x0000, 0x0000, 0x0000,
    0x0000, 0x0000, 0x0000, 0x0000, 0x0000, 0x0000, 0x0000, 0x0000, 0x0000, 0x0000, 0x0000, 0x0000,
    0x0000, 0x0000, 0x0000, 0x0000, 0x0000, 0x0000, 0x0000, 0x0000, 0x0000, 0x0000, 0x0000, 0x0000,
    0x0000, 0x0000, 0x0000, 0x0000, 0x0000, 0x0000, 0x0000, 0x0000, 0x0000, 0x0000, 0x0000, 0x0000,
    0x0000, 0x0000, 0x0000, 0x0000, 0x0000, 0x0000, 0x0000, 0x0000, 0x0000, 0x0000, 0x0000, 0x0000,
    0x0000, 0x0000, 0x0000, 0x0000, 0x0000, 0x0000, 0x0000, 0x0000, 0x0000, 0x0000, 0x0000, 0x0000,
    0x0000, 0x0000, 0x0000, 0x0000, 0x0000, 0x0000, 0x0000, 0x0000, 0x0000, 0x0000, 0x0000, 0x0000,
    0x0000, 0x0000, 0x0000, 0x0000, 0x0000, 0x0000, 0x0000, 0x0000, 0x0000, 0x0000, 0x0000, 0x0000,
    0x0000, 0x0000, 0x0000, 0x0000, 0x0000, 0x0000, 0x0000, 0x0000, 0x0000, 0x0000, 0x0000, 0x0000,
    0x0000, 0x0000, 0x0000, 0x0000, 0x0000, 0x0000, 0x0000, 0x0000, 0x0000, 0x0000, 0x0000, 0x0000,
    0x0000, 0x0000, 0x0000, 0x0000, 0x0000, 0x0000, 0x0000, 0x0000, 0x0000, 0x0000, 0x0000, 0x0000,
    0x0000, 0x0000, 0x0000, 0x0000, 0x0000, 0x0000, 0x0000, 0x0000, 0x0000, 0x0000, 0x0000, 0x0000,
    0x0000, 0x0000, 0x0000, 0x0000, 0x0000, 0x0000, 0x0000, 0x0000, 0x0000, 0x0000, 0x0000, 0x0000,
    0x0000, 0x0000, 0x0000, 0x0000, 0x0000, 0x0000, 0x0000, 0x0000, 0x0000, 0x0000, 0x0000, 0x0000,
    0x0000, 0x0000, 0x0000, 0x0000, 0x0000, 0x0000, 0x0000, 0x0000, 0x0000, 0x0000, 0x0000, 0x0000,
    0x0000, 0x0000, 0x0000, 0x0000, 0x0000, 0x0000, 0x0000, 0x0000, 0x0000, 0x0000, 0x0000, 0x0000,
    0x0000, 0x0000, 0x0000, 0x0000, 0x0000, 0x0000, 0x0000, 0x0000, 0x0000, 0x0000, 0x0000, 0x0000,
    0x0000, 0x0000, 0x0000, 0x0000, 0x0000, 0x0000, 0x0000, 0x0000, 0x0000, 0x0000, 0x0000, 0x0000,
    0x0000, 0x0000, 0x0000, 0x0000, 0x0000, 0x0000, 0x0000, 0x0000, 0x0000, 0x0000, 0x0000, 0x0000,
    0x0000, 0x0000, 0x0000, 0x0000, 0x0000, 0x0000, 0x0000, 0x0000, 0x0000, 0x0000, 0x0000, 0x0000,
    0x0000, 0x0000, 0x0000, 0x0000, 0x0000, 0x0000, 0x0000, 0x0000, 0x0000, 0x0000, 0x0000, 0x0000,
    0x0000, 0x0000, 0x0000, 0x0000, 0x0000, 0x0000, 0x0000, 0x0000, 0x0000, 0x0000, 0x0000, 0x0000,
    0x0000, 0x0000, 0x0000, 0x0000, 0x0000, 0x0000, 0x0000, 0x0000, 0x0000, 0x0000, 0x0000, 0x0000,
    0x0000, 0x0000, 0x0000, 0x0000, 0x0000, 0x0000, 0x0000, 0x0000, 0x0000, 0x0000, 0x0000, 0x0000,
    0x0000, 0x0000, 0x0000, 0x0000, 0x0000, 0x0000, 0x0000, 0x0000, 0x0000, 0x0000, 0x0000, 0x0000,
    0x0000, 0x0000, 0x0000, 0x0000, 0x0000, 0x0000, 0x0000, 0x0000, 0x0000, 0x0000, 0x0000, 0x0000,
    0x0000, 0x0000, 0x0000, 0x0000, 0x0000, 0x0000, 0x0000, 0x0000, 0x0000, 0x0000, 0x0000, 0x0000,
    0x0000, 0x0000, 0x0000, 0x0000, 0x0000, 0x0000, 0x0000, 0x0000, 0x0000, 0x0000, 0x0000, 0x0000,
    0x0000, 0x0000, 0x0000, 0x0000, 0x0000, 0x0000, 0x0000, 0x0000, 0x0000, 0x0000, 0x0000, 0x0000,
    0x0000, 0x0000, 0x0000, 0x0000, 0x0000, 0x0000, 0x0000, 0x0000, 0x0000, 0x0000, 0x0000, 0x0000,
    0x0000, 0x0000, 0x0000, 0x0000, 0x0000, 0x0000, 0x0000, 0x0000, 0x0000, 0x0000, 0x0000, 0x0000,
    0x0000, 0x0000, 0x0000, 0x0000, 0x0000, 0x0000, 0x0000, 0x0000, 0x0000, 0x0000, 0x0000, 0x0000,
    0x0000, 0x0000, 0x0000, 0x0000, 0x0000, 0x0000, 0x0000, 0x0000, 0x0000, 0x0000, 0x0000, 0x0000,
    0x0000, 0x0000, 0x0000, 0x0000, 0x0000, 0x0000, 0x0000, 0x0000, 0x0000, 0x0000, 0x0000, 0x0000,
    0x0000, 0x0000, 0x0000, 0x0000, 0x0000, 0x0000, 0x0000, 0x0000, 0x0000, 0x0000, 0x0000, 0x0000,
    0x0000, 0x0000, 0x0000, 0x0000, 0x0000, 0x0000, 0x0000, 0x0000, 0x0000, 0x0000, 0x0000, 0x0000,
};
